playerId,name,team,seasonAvg,games,cba,ki,ki_po_perc,rc,tog,ppm,season,kicks,handballs,marks,tackles,hitouts,freeFor,freeAgainst,goals,behinds,seasonHigh,seasonLow,firstHalf,secondHalf,finals,lastFive,lastThree,stateAvg,stateGames,priorSeason,priorSeasonGames,u18Avg,u18Games,u18StateAvg,u18StateGames,mmRank,dateOfBirth
1005258,Eloise Jones,Adelaide Crows,36.7,3,0,0,,0,78.7,0.582909783989835,2025,4.3,1.7,1,3.7,0,1,1,0.7,0.7,54,21,36.6666666666667,,,36.6666666666667,36.6666666666667,,,56.5,13,,,,,,1999-04-28
1005269,Anne Hatchard,Adelaide Crows,95.4,14,62.5668449197861,0,,0.547445255474453,92.7,1.28640776699029,2025,12,11.7,4.7,5.1,0.1,1,0.9,0.4,0.4,123,70,101,92.8333333333333,91,92,91,,,105.5,12,,,,,,1998-03-07
1005279,Ebony Marinoff,Adelaide Crows,143.1,14,79.144385026738,0,,0,90.2,1.98309312638581,2025,22.9,7.6,3.6,12.2,0,1.9,1.5,0.3,0.3,191,107,143.2,146.5,136,129.6,136,,,126.5,13,,,,,,1997-11-15
1005285,Sarah Allan,Adelaide Crows,41.9,14,3.20855614973262,5.47945205479452,100,4.65328467153285,91.1,0.574917672886937,2025,4.1,4.5,1.8,3.8,1.1,0.6,0.5,0,0,59,16,42.2,39.1666666666667,47,43.6,47,,,31,5,,,,,,1997-11-19
1005386,Stevie-Lee Thompson,Adelaide Crows,57.5,14,4.81283422459893,0,,0,70.2,1.0238603988604,2025,7.6,4.7,1.3,5.4,0,0.6,0.5,0.1,0.3,79,36,58.6,61.5,47.6666666666667,52,47.6666666666667,,,51.6,10,,,,,,1992-03-23
1007313,Jess Allan,Adelaide Crows,65.4,14,94.1176470588235,0,,78.3759124087591,88.8,0.920608108108108,2025,3.4,6.1,1.4,1.1,33.9,1.6,0.9,0.1,0.1,93,33,62,73.5,54.6666666666667,58.4,54.6666666666667,,,52.6,13,,,,,,1999-05-26
1009794,Danielle Ponter,Adelaide Crows,51.7,14,74.8663101604278,0,,0,81.6,0.791973039215686,2025,6.4,4.8,1.6,2.7,0,1.4,0.7,1.1,0.9,106,30,59.8,48,45.6666666666667,44.8,45.6666666666667,,,66.5,13,,,,,,2000-01-08
1011057,Teah Charlton,Adelaide Crows,41.3,11,0,0,,0,69.1,0.747105643994211,2025,4,6.6,1.5,2.7,0,0.7,0.6,0.3,0.3,58,28,41,39.8,44,38.4,44,,,70.3,13,,,,,,2002-04-25
1011069,Hannah Munyard,Adelaide Crows,42.1,12,1.06951871657754,0,,0,65.1,0.808371735791091,2025,6.8,2.3,1.3,3.7,0,0.6,1.3,0.3,0.4,73,16,29.25,49.2,47.3333333333333,42.6,47.3333333333333,,,39,8,,,,,,2001-08-04
1011078,Abbie Ballard,Adelaide Crows,31.5,4,0.53475935828877,0,,0,50.1,0.785928143712575,2025,3.8,3.3,1.3,3,0,0,1.3,0.3,0.3,59,12,36,12,39,31.5,30,,,49.4,7,,,,,,2002-04-16
1011080,Chelsea Biddell,Adelaide Crows,53.7,14,0,80.8219178082192,94.9152542372881,0,95.8,0.700678496868476,2025,10.2,3.8,3.6,1.6,0,0.4,0.9,0.1,0.1,83,30,54.8,52.5,54.3333333333333,64.2,54.3333333333333,,,55,13,,,,,,1998-07-15
1011091,Rachelle Martin,Adelaide Crows,32.4,13,0,0,,0,62.4,0.649038461538462,2025,2.2,4.7,1,3.5,0,0.8,0.9,0.2,0.2,61,-1,25.2,38.2,34.6666666666667,30.6,34.6666666666667,,,45.7,13,,,,,,1999-02-16
1011095,Madison Newman,Adelaide Crows,72.9,14,0,0,,0,80.3,1.13480697384807,2025,11.1,8.3,3.1,3.4,0,0.3,0.4,0.1,0.3,104,49,72.8,75,68.6666666666667,66.8,68.6666666666667,,,64.2,13,,,,,,2001-05-10
1014599,Caitlin Gould,Adelaide Crows,68,13,4.27807486631016,0,,14.4160583941606,94.3,0.901378579003181,2025,7.3,4.2,5.2,2.4,4.8,0.6,1.1,1.5,1.2,102,46,61.5,74.6666666666667,63.3333333333333,67.6,63.3333333333333,,,53.2,13,,,,,,1999-07-19
1014662,Kiera Mueller,Adelaide Crows,27.4,10,0,1.36986301369863,100,0,69.5,0.492805755395683,2025,3.5,3.1,1.3,1.8,0,0.2,0.2,0,0,39,14,33,25.8333333333333,28.6666666666667,29,28.6666666666667,,,37.4,12,,,,,,2003-04-21
1014663,Zoe Prowse,Adelaide Crows,37.6,14,0.53475935828877,0,,0.0912408759124088,92.7,0.507011866235167,2025,5.9,3.6,2.4,2.1,0,0.6,1.2,0,0.1,60,12,41.8,40.8333333333333,24.3333333333333,32.8,24.3333333333333,,,42.7,12,,,,,,2003-07-03
1017328,Lily Tarlinton,Adelaide Crows,8,2,0.53475935828877,0,,1.82481751824818,31.2,0.320512820512821,2025,2,0.5,0.5,0.5,3.5,0,2,0,0,12,4,,12,4,8,8,,,,,,,,,,2002-01-22
1018874,Niamh Kelly,Adelaide Crows,55.6,14,0,0,,0,76.2,0.912073490813648,2025,9.9,4.9,2.2,2.5,0,0.6,1,0.3,0.1,71,32,47.2,64.1666666666667,52.6666666666667,56.8,52.6666666666667,,,70.8,13,,,,,,1995-08-30
1018875,Grace Kelly,Adelaide Crows,56.4,11,0,0,,0,82,0.859756097560975,2025,12.2,1.8,2.3,2.8,0,0.5,0.8,0,0.1,85,39,58.4,54.6666666666667,,48.6,50.6666666666667,,,42.8,10,,,,,,1994-04-18
1019431,Brooke Tonon,Adelaide Crows,34.3,12,0,1.36986301369863,100,0,64,0.669921875,2025,5.7,2.1,1.9,1.8,0,0.3,0.4,0.2,0,61,13,32.6,39,31,38.8,31,,,40.1,7,,,,,,2003-09-19
1019456,Keeley Kustermann,Adelaide Crows,30.8,12,0,0,,0,60.6,0.635313531353135,2025,3.7,3.4,0.8,2.7,0,0.5,0.3,0.1,0.1,51,9,34.5,28,30.6666666666667,24,30.6666666666667,,,24,1,,,,,,2004-04-17
1019503,Hannah Ewings,Adelaide Crows,0,0,0,0,,0,0,,2025,0,0,0,0,0,0,0,0,0,,,,,,,,,,45,8,,,,,,2004-03-17
1019693,Brooke Smith,Adelaide Crows,7,2,0,0,,0,58.7,0.149063032367973,2025,1.5,1,0.5,0.5,0,0,1,0,0,12,2,7,,,7,7,,,21,1,,,,,,2004-02-21
1022193,Sarah Goodwin,Adelaide Crows,55.4,14,0,0,,0,81.7,0.847613219094247,2025,7.8,5.5,3.1,3.2,0,0.7,0.6,0,0,82,26,53,62.3333333333333,45.6666666666667,51,45.6666666666667,,,41.6,13,,,,,,2004-07-09
1022224,Brooke Boileau,Adelaide Crows,34,4,0,0,,0,56.7,0.749559082892416,2025,4,2.5,1.3,3.5,0,0,0.5,0,0.8,41,23,41,27,,34,31.6666666666667,,,,,,,,,,2005-01-28
1023946,Georgia McKee,Adelaide Crows,,,,,,,,,2025,,,,,,,,,,,,,,,,,,,,,,,45.6,3,,2006-04-24
1024085,India Rasheed,Adelaide Crows,,,,,,,,,2025,,,,,,,,,,,,,,,,,,,,,,,92.6,3,,2006-11-29
1031080,Christina Leuzzi,Adelaide Crows,,,,,,,,,2025,,,,,,,,,,,,,,,,,,,,,,,,,,2003-08-07
1035375,Amy Boyle-Carr,Adelaide Crows,23.5,6,0,0,,0,49.8,0.589859437751004,2025,3.2,2.7,0.5,2,0,0.5,0.5,0,0.2,39,9,20.5,25,,22.8,20.3333333333333,,,,,,,,,,2001-01-06
1042707,Kayleigh Cronin,Adelaide Crows,,,,,,,,,2025,,,,,,,,,,,,,,,,,,,,,,,,,,1996-09-10
998044,Chelsea Randall,Adelaide Crows,72.8,14,67.9144385026738,10.958904109589,87.5,0.0912408759124088,83.2,1.09375,2025,9.9,6,4,4.3,0.1,1.6,1.4,0.7,0.4,105,33,75.8,64.8333333333333,83.6666666666667,77.2,83.6666666666667,,,59.5,12,,,,,,1991-06-14
1005630,Alexandra Anderson,Brisbane Lions,100.2,14,85.6481481481482,0,,0,86.5,1.44797687861272,2025,13.1,13,2.4,6.6,0,1.5,0.6,0.1,0.5,161,77,107.5,94.4,95.3333333333333,94.4,95.3333333333333,,,96.4,13,,,,,,1994-03-25
1005661,Breanna Koenen,Brisbane Lions,57.8,14,2.31481481481482,38.4615384615385,72,0.0967117988394584,87.1,0.829506314580942,2025,10.9,2.5,4.1,2.1,0,0.5,0.4,0,0.1,86,25,54.5,60,60.6666666666667,64.4,60.6666666666667,,,62.6,13,,,,,,1994-12-31
1007130,Shannon Campbell,Brisbane Lions,35.7,13,0,36.9230769230769,79.1666666666667,0,61.8,0.722087378640777,2025,6,1.5,1.8,2,0,0.8,0.1,0.1,0.2,82,23,31.2,41.4,33.6666666666667,43.4,33.6666666666667,,,43.5,13,,,,,,1996-09-24
1009824,Lily Postlethwaite,Brisbane Lions,50.3,14,0,0,,0,78.8,0.797906091370558,2025,7.7,4.1,2.9,2.6,0,0.6,0.5,0.1,0.2,87,32,50.3333333333333,48.8,52.6666666666667,55.4,52.6666666666667,,,44.2,13,,,,,,2001-10-29
1009827,Dion Heslop,Brisbane Lions,43,1,0,0,,0,69.1,0.777858176555716,2025,4,2,2,5,0,1,0,0,0,43,43,,43,,43,43,,,21.7,10,,,,,,2001-07-30
1009828,Jade Ellenger,Brisbane Lions,66.6,14,17.1296296296296,3.07692307692308,100,0,84.1,0.989892984542212,2025,9.4,5.4,3.3,4.3,0,0.9,0.6,0.2,0.2,98,45,68.6666666666667,57.6,77.6666666666667,71,77.6666666666667,,,59.3,12,,,,,,2000-03-04
1009833,Isabel Dawes,Brisbane Lions,75.9,14,69.9074074074074,0,,0,79.5,1.19339622641509,2025,8,10.6,1.2,6.8,0,1,1.3,0.4,0.3,99,57,76.3333333333333,79.2,69.6666666666667,77.2,69.6666666666667,,,78.2,13,,,,,,2001-05-11
1009836,Natalie Grider,Brisbane Lions,58.9,14,0,1.53846153846154,100,0,90.1,0.817147613762486,2025,7.9,5.9,3.1,3.9,0,0.7,0.6,0,0,109,25,62.5,50.2,66.3333333333333,61.8,66.3333333333333,,,57.5,13,,,,,,2000-10-10
1009843,Ellie Hampson,Brisbane Lions,35.4,10,4.16666666666667,0,,0.290135396518375,63.5,0.696850393700787,2025,5.2,3,1.4,2.2,0,0.5,0.8,0.4,0.3,57,2,31.6,31,44.6666666666667,39.2,44.6666666666667,,,31,12,,,,,,2001-02-08
1009844,Tahlia Hickie,Brisbane Lions,61.6,14,79.6296296296296,0,,59.8646034816248,77.5,0.993548387096774,2025,3.2,5.7,1.4,3.6,22.3,0.8,0.4,0.1,0,88,31,56.3333333333333,78.4,44.3333333333333,55,44.3333333333333,,,65.4,13,,,,,,2000-07-22
1009847,Sophie Conway,Brisbane Lions,76.8,14,23.6111111111111,0,,0,84.8,1.13207547169811,2025,10.8,6,2.9,5,0,1.8,1.4,0.9,1,123,31,88,80.2,48.6666666666667,66.2,48.6666666666667,,,69.4,12,,,,,,1999-04-06
1009910,Courtney Hodder,Brisbane Lions,58.1,14,26.8518518518519,0,,0,83.3,0.871848739495798,2025,5,6,0.9,6.6,0,1,0.5,0.4,0.4,82,37,58,52.8,67.3333333333333,57.6,67.3333333333333,,,60.6,13,,,,,,2000-07-08
1009962,Poppy Boltz,Brisbane Lions,35.9,14,0.925925925925926,0,,0,81.2,0.552647783251232,2025,5,3.4,2.1,2.5,0,0.2,0.9,0,0,59,19,42,28,37,33.8,37,,,26.5,11,,,,,,2000-09-25
1012989,Taylor Smith,Brisbane Lions,44.8,14,5.09259259259259,0,,14.0232108317215,79.4,0.705289672544081,2025,5.4,1.8,1.9,1.8,2.6,1.1,0.5,1.6,0.8,89,5,56.1666666666667,49.2,14.6666666666667,35,14.6666666666667,,,41.1,12,,,,,,2000-02-13
1016938,Ruby Svarc,Brisbane Lions,42.9,14,0.462962962962963,0,,0,73.1,0.733584131326949,2025,5,3.9,1.6,3.5,0,1.2,0.6,0.3,0.3,91,14,44.6666666666667,43.2,38.6666666666667,40.2,38.6666666666667,,,35.3,6,,,,,,1993-09-28
1019034,Orla O'Dwyer,Brisbane Lions,61.8,12,0.462962962962963,0,,0,76.9,1.00455136540962,2025,11.3,4.4,2.3,2.8,0,0.3,0.6,0.3,0.7,94,9,47.1666666666667,74.6666666666667,78.3333333333333,78.6,78.3333333333333,,,68.8,13,,,,,,1998-07-15
1019053,Catherine Svarc,Brisbane Lions,63.9,14,60.6481481481482,0,,0,73.8,1.08231707317073,2025,5.3,7.2,2.1,6.1,0,1.4,0.8,0.6,0.4,96,24,61.8333333333333,72.8,53,66.6,53,,,66.7,12,,,,,,1991-11-25
1019057,Dakota Davidson,Brisbane Lions,43.9,12,0,0,,1.83752417794971,79.1,0.693742098609355,2025,6,1.3,2.5,2.1,0.6,0.9,0.7,1.2,0.9,74,0,36.6666666666667,46.75,40,40,40,,,59.5,12,,,,,,1998-12-31
1021441,Charlotte Mullins,Brisbane Lions,50.6,14,7.87037037037037,0,,0,71.9,0.879694019471488,2025,7.3,5.2,2.6,2.8,0,0.8,1.1,0.3,0,104,17,43,70.2,33.3333333333333,43.4,33.3333333333333,,,42.8,13,,,,,,2004-10-28
1021530,Shanae Davison,Brisbane Lions,23.8,4,0,0,,0,34.8,0.854885057471265,2025,2.8,1.8,1.3,1.8,0,0.3,0.3,0.3,0.3,45,1,1,31.3333333333333,,23.75,31.3333333333333,,,45.2,9,,,,,,2001-08-18
1024563,Jacinta Baldwick,Brisbane Lions,0,0,0,0,,0,0,,2025,0,0,0,0,0,0,0,0,0,,,,,,,,,,,,,,,,,2005-11-14
1026111,Sophie Peters,Brisbane Lions,26.5,4,0,0,,0,57,0.581140350877193,2025,3.5,3.3,0.5,2,0,0.8,0.3,0,0,35,14,30.5,22.5,,26.5,26.6666666666667,,,,,,,,,,2005-03-12
1026113,Indiana Williams,Brisbane Lions,0,0,0,0,,0,0,,2025,0,0,0,0,0,0,0,0,0,,,,,,,,,,,,,,,,,2005-06-12
1026137,Claudia Wright,Brisbane Lions,,,,,,,,,2025,,,,,,,,,,,,,,,,,,,,,,,0,0,,2006-10-30
1026937,Rania Crozier,Brisbane Lions,0,0,0,0,,0,0,,2025,0,0,0,0,0,0,0,0,0,,,,,,,,,,,,,,,,,2005-11-18
1029614,Eleanor Hartill,Brisbane Lions,38.5,13,15.2777777777778,0,,23.8878143133462,50,0.9625,2025,3.6,3.8,1.5,2.5,5.8,1,1.1,0.3,0.2,76,15,35,44.6,34,34,34,,,26,8,,,,,,2000-05-31
1030180,Lily Baker,Brisbane Lions,,,,,,,,,2025,,,,,,,,,,,,,,,,,,,,,0,0,19.4,3,,2006-08-14
1033157,Jennifer Dunne,Brisbane Lions,40.3,14,0,16.9230769230769,90.9090909090909,0,91.6,0.549945414847162,2025,7,4.5,2.2,1.1,0,0.4,0.4,0,0,65,26,34.6666666666667,39.8,52.3333333333333,48.8,52.3333333333333,,,18.7,11,,,,,,1999-12-13
1033269,Evie Long,Brisbane Lions,41.5,11,0,0,,0,57.2,0.906905594405594,2025,4,3.9,1.7,4,0,0.6,0.5,0.2,0.2,71,11,45,51.2,22,29.4,22,,,,,,,,,,2005-08-22
1042795,Neasa Dooley,Brisbane Lions,,,,,,,,,2025,,,,,,,,,,,,,,,,,,,,,,,,,,2000-04-06
1007023,Breann Harrington,Carlton,56.6,11,30.0653594771242,0,,29.7062023939064,85.1,0.831374853113984,2025,6,2.7,1.5,3.5,12.4,1.4,0.6,0.5,0.2,89,8,67.6666666666667,43.4,,43.4,37,108,1,83.6,10,,,,,,1997-03-04
1007026,Gabriella Pound,Carlton,50.8,11,0,42.5,100,0,80,0.79375,2025,10.1,2.8,1.6,2.9,0,0.5,0.7,0,0,91,25,58.5,41.6,,41.6,35.3333333333333,0,0,61.6,9,,,,,,1994-10-16
1007152,Harriet Cordner,Carlton,52,11,0,7.5,83.3333333333333,0.217627856365615,99.8,0.651302605210421,2025,6.9,6,3.1,3.4,0,0.4,1.3,0,0,90,29,49.3333333333333,55.2,,55.2,58.3333333333333,0,0,55.1,10,,,,,,1992-07-22
1009888,Madeleine Guerin,Carlton,87.6,11,53.5947712418301,2.5,100,0.217627856365615,78.6,1.39312977099237,2025,13.5,5,2.6,7.2,0,1.1,0.7,0.2,0.4,116,44,85,90.8,,90.8,91.3333333333333,0,0,0,0,,,,,,1999-10-25
1009977,Kerryn Peterson,Carlton,42.1,8,1.30718954248366,32.5,96.1538461538462,0,74.1,0.710188933873145,2025,7.8,3.5,1.3,2.5,0,0.4,0.8,0,0,68,15,32.75,51.5,,44.2,46,,,58.3,4,,,,,,1992-03-02
1012555,Celine Moody,Carlton,22.9,9,4.57516339869281,0,,7.50816104461371,59.9,0.47787979966611,2025,3,0.8,0.9,1.7,2.7,0.4,0.6,0.2,0.2,46,8,20.3333333333333,28,,29.8,28,,,36.5,4,,,,,,1997-03-04
1012709,Tara Bohanna,Carlton,41.5,11,0,0,,1.48883374689826,85,0.610294117647059,2025,5.5,3.2,2.7,1.2,0.5,0.9,0.5,0.8,0.6,68,17,46,37.8333333333333,,42,30,74.5,2,48,11,,,,,,1995-03-02
1013027,Abbie McKay,Carlton,81,8,57.5163398692811,0,,0,78.4,1.29145408163265,2025,9.4,14.1,0.3,6.4,0,0.9,1.1,0.1,0.1,109,0,81.6,60,,62.4,54.3333333333333,0,0,82,10,,,,,,2000-11-15
1014373,Ciara Fitzgerald,Carlton,53.1,10,0,0,,0,72.7,0.912998624484182,2025,6.7,3.8,3.2,4,0,0.2,0.2,0,0.2,84,36,44.2,62,,62,70,0,0,42.5,6,,,,,,2001-08-20
1014873,Tarni Brown,Carlton,40.8,10,1.30718954248366,0,,0,73.8,0.691056910569106,2025,4.2,5.8,1.4,3.2,0,0.6,0.8,0.2,0.2,66,16,47,34.6,,34.6,34,0,0,31.4,5,,,,,,2002-03-26
1014991,Keeley Skepper,Carlton,52.9,10,0,0,,0,75.2,0.879321808510638,2025,8.4,3.2,1.7,3.4,0,0.7,0.4,0.5,0.1,81,26,54.5,50.5,,54.4,53.6666666666667,67,2,69.6,9,,,,,,2004-03-15
1015047,Mimi Hill,Carlton,72.7,10,11.7647058823529,0,,0,88.2,1.03032879818594,2025,10.9,12.1,1.4,2.9,0,0.3,0.3,0.1,0,103,51,77,66.25,,71.6,67,0,0,76.2,10,,,,,,2002-10-04
1019711,Keeley Sherar,Carlton,95,11,84.3137254901961,0,,0,81.1,1.46424167694205,2025,13.5,8.5,2.4,7.3,0,1.5,1,0.4,0.5,128,65,93.8333333333333,96.4,,96.4,98.3333333333333,0,0,89.3,10,,,,,,2003-10-29
1019736,Yasmin Duursma,Carlton,33,3,0,7.5,66.6666666666667,0,65.3,0.631699846860643,2025,4,4.3,1,2.3,0,1,0.3,0,0,46,22,26.5,46,,33,33,67,2,27,7,,,,,,2004-03-30
1019819,Brooke Vickers,Carlton,0,0,0,0,,0,0,,2025,0,0,0,0,0,0,0,0,0,,,,,,,,106.8,5,37.9,9,,,,,,2003-03-06
1019887,Amelia Velardo,Carlton,26.7,3,0,0,,0,61.1,0.546235679214403,2025,3.3,2,1.7,1.7,0,0,0.3,0.3,0,30,23,,26.6666666666667,,26.6666666666667,26.6666666666667,63.3,4,42,10,,,,,,2002-05-28
1021878,Lou Field,Carlton,,,,,,,,,2025,,,,,,,,,,,,,,,,,62.4,6,,,85.8,6,52.5,3,,2006-10-18
1021924,Lila Keck,Carlton,33.8,6,4.57516339869281,0,,0,61.8,0.683656957928803,2025,4.8,3.7,1,2.7,0,0.3,1,0.2,0,59,24,25.6666666666667,42,,35.8,42,72.3,6,,,,,,,,2005-10-20
1022101,Eliza Wood,Carlton,,,,,,,,,2025,,,,,,,,,,,,,,,,,33.5,2,,,,,,,,1999-01-25
1022236,Jessica Good,Carlton,67.5,11,65.359477124183,0,,61.4798694232862,72.2,1.16862880886427,2025,4,6.2,1.4,3.1,24.8,1.9,0,0,0,85,40,60.1666666666667,76.4,,76.4,75.3333333333333,0,0,71,9,,,,,,1994-08-04
1022744,Madeline Hendrie,Carlton,33.5,6,0,0,,0,78.5,0.53343949044586,2025,4,2.8,1.3,3.2,0,0.7,0.5,0,0,49,13,37.6,13,,30.4,31.3333333333333,51.8,5,24.5,6,,,,,,2002-07-17
1023948,Poppy Scholz,Carlton,,,,,,,,,2025,,,,,,,,,,,,,,,,,0,0,,,,,38,1,,2006-12-31
1025494,Meg Robertson,Carlton,43.6,7,5.88235294117647,1.25,0,0,67.1,0.812220566318927,2025,5,6.1,1.7,2.9,0,0.4,0.3,0,0.1,63,24,49.5,41.2,,41.2,38.6666666666667,55.5,2,,,,,,,,2005-06-06
1025564,Mia Austin,Carlton,33.8,11,0,0,,0.761697497279652,80.1,0.527465667915106,2025,3.6,1.6,1.2,3.5,0.2,0.3,0.5,0.5,0.4,55,21,31.8333333333333,36.2,,36.2,38.3333333333333,53,2,41.9,10,,,,,,2004-04-22
1025677,Sophie McKay,Carlton,,,,,,,,,2025,,,,,,,,,,,,,,,,,0,0,,,89.4,10,81.9,3,,2006-04-27
1025690,Maddison Torpey,Carlton,,,,,,,,,2025,,,,,,,,,,,,,,,,,42.8,3,,,,,,,,2004-11-18
1025995,Lily Goss,Carlton,48.4,11,57.5163398692811,0,,0,74.3,0.814266487213997,2025,5.5,5.4,1.3,5.1,0,0.6,1.4,0,0.3,81,19,48.8333333333333,47.8,,47.8,56.6666666666667,0,0,58.1,10,,,,,,2000-02-28
1033158,Dayna Finn,Carlton,46.8,10,0.65359477124183,0,,0,79,0.740506329113924,2025,6.4,5.4,2.9,2,0,0.8,0.5,0.1,0.2,77,26,43.2,50.4,,50.4,50.3333333333333,0,0,25,5,,,,,,2000-09-02
1033159,Erone Fitzpatrick,Carlton,0,0,0,0,,0,0,,2025,0,0,0,0,0,0,0,0,0,,,,,,,,49,1,41.4,10,,,,,,2000-08-17
1042236,Aisling Reidy,Carlton,,,,,,,,,2025,,,,,,,,,,,,,,,,,18.8,3,,,,,,,,2001-05-27
1042237,Siofra O'Connell,Carlton,,,,,,,,,2025,,,,,,,,,,,,,,,,,22.5,3,,,,,,,,2001-04-24
1042238,Maria Cannon,Carlton,,,,,,,,,2025,,,,,,,,,,,,,,,,,0,0,,,,,,,,2002-09-10
997663,Darcy Vescio,Carlton,36.2,9,0,2.5,100,0,77.8,0.581619537275064,2025,4.7,3.3,1.4,2.8,0,0.7,0.8,0.2,0.4,60,19,31.5,45.6666666666667,,39.4,45.6666666666667,62,2,46.2,10,,,,,,1993-08-03
1003019,Sabrina Frederick,Collingwood,68.9,11,69.0322580645161,0,,57.5083426028921,72,1.19618055555556,2025,5.7,5.5,1.9,3.1,24.9,0.8,1.3,0.1,0.1,118,39,72,65.2,,65.2,63.6666666666667,0,0,78.8,10,,,,,,1996-11-14
1003020,Brianna Davey,Collingwood,68.8,5,31.6129032258065,0,,0.111234705228031,69.5,1.23741007194245,2025,7.4,7.6,1.2,7,0,2.6,1.4,0.2,0.2,110,33,68,70,,68.8,57.6666666666667,0,0,89.6,10,,,,,,1995-01-13
1007027,Ruby Schleicher,Collingwood,59.3,11,50.9677419354839,6.34920634920635,100,0.222469410456062,79.8,0.928884711779449,2025,8.4,8.2,1.7,4.4,0.1,0.6,2.1,0.1,0.2,80,39,52.5,67.4,,67.4,70.6666666666667,0,0,47.5,2,,,,,,1998-03-16
1009798,Mattea Breed,Collingwood,56.8,12,59.5959595959596,0,,0.191021967526266,63.8,1.1128526645768,2025,6.8,6.7,1.7,5.3,0.1,0.9,2,0.3,0.4,99,36,64,52.4,49.5,51.8,48.3333333333333,0,0,27.1,8,,,,,,2001-07-31
1009831,Tarni White,Collingwood,62.5,8,40.6451612903226,0,,0,71.9,1.086578581363,2025,7.3,3.3,2.4,6.5,0,1.9,0.8,0.3,0,102,42,74.6666666666667,55.2,,55.2,58.6666666666667,0,0,51.6,10,,,,,,2001-01-31
1009845,Kalinda Howarth,Collingwood,0,0,0,0,,0,0,,2025,0,0,0,0,0,0,0,0,0,,,,,,,,0,0,53,1,,,,,,1999-08-02
1010096,Lauren Butler,Collingwood,35.4,5,0,0,,2.22469410456062,86,0.51453488372093,2025,3.2,4.2,1.2,2.4,0,0.4,0.4,0.8,0.2,41,19,,35.4,,35.4,40,0,0,27.8,4,,,,,,2000-11-20
1010102,Nell Morris-Dalton,Collingwood,0,0,0,0,,0,0,,2025,0,0,0,0,0,0,0,0,0,,,,,,,,0,0,38.7,10,,,,,,2001-04-05
1012234,Mikayla Hyde,Collingwood,20,1,0,0,,0,51,0.490196078431373,2025,3,3,1,2,0,0,2,0,0,20,20,,20,,20,20,0,0,47.3,6,,,,,,2002-12-01
1012637,Mikala Cann,Collingwood,66.5,10,34.1935483870968,0,,0,81,1.02623456790123,2025,5.2,10.2,1.5,6.5,0,1.6,1.1,0.2,0.5,99,44,66.8,66.2,,66.2,56.6666666666667,0,0,74,10,,,,,,2000-11-04
1012662,Airlie Runnalls,Collingwood,49.8,13,0,0,,0,78.7,0.790978398983482,2025,6.2,5.2,2.3,3.5,0,0.8,0.6,0.2,0,82,29,53.6,45.3333333333333,54,50.4,48.6666666666667,0,0,52.3,10,,,,,,1998-06-25
1012716,Selena Karlson,Collingwood,11,1,0,0,,0,41.1,0.334549878345499,2025,2,0,0,1,0,1,0,0,0,11,11,11,,,11,11,0,0,28.7,6,,,,,,1998-08-13
1013706,Sarah Rowe,Collingwood,74.3,11,6.45161290322581,0,,0,92.1,1.00841476655809,2025,14.1,4.7,2.5,4.3,0,1,1.2,0.1,0.1,101,45,78.1666666666667,69.6,,69.6,65,0,0,74.5,10,,,,,,1995-07-25
1015053,Alana Porter,Collingwood,42,11,0,0,,0,89,0.589887640449438,2025,4.3,4.7,1.6,3.6,0,0.8,0.8,0.3,0.3,68,27,43.6666666666667,40,,40,36.3333333333333,0,0,32.7,7,,,,,,2001-02-07
1015070,Eliza James,Collingwood,36.7,10,0.645161290322581,0,,0,80.5,0.569875776397516,2025,5.5,2.3,1.8,2.1,0,0.4,0.2,0.3,0.2,62,6,41.5,29.5,,36,23.3333333333333,0,0,29.7,6,,,,,,2003-10-13
1015195,Annie Lee,Collingwood,40,1,0,0,,0,76.6,0.652741514360313,2025,4,1,3,4,0,1,0,0,0,40,40,40,,,40,40,0,0,8,2,,,,,,2003-08-28
1017029,Grace Campbell,Collingwood,55.9,7,15.4838709677419,0,,0.111234705228031,85,0.822058823529412,2025,7.3,2.1,1,7,0,1.1,1.7,0.4,0.1,97,17,57,49,,56.6,43.6666666666667,0,0,52.3,10,,,,,,1995-12-05
1019724,Carly Remmos,Collingwood,41.8,11,32.258064516129,0,,0.444938820912125,53.1,0.983992467043314,2025,5.3,4.2,1,4.5,0.1,0.6,1.4,0,0.2,69,20,41.1666666666667,42.6,,42.6,48,0,0,,,,,,,,2002-08-16
1019817,Charlotte Taylor,Collingwood,29.5,4,0,1.58730158730159,100,0,57.9,0.636873920552677,2025,4,1.5,1.8,2.5,0,0.8,0.5,0,0,34,25,28,34,,29.5,28.6666666666667,0,0,41,1,,,,,,2004-01-18
1021895,Georgia Clark,Collingwood,15,4,0,0,,1.00111234705228,46.4,0.404094827586207,2025,1.3,1.5,0.5,1.5,0,0,0.3,0.3,0,22,10,12,16,,15,16,0,0,,,,,,,,2005-12-11
1022112,Imogen Barnett,Collingwood,51.5,11,30.9677419354839,0,,34.4827586206897,73.4,0.877043596730245,2025,5.2,2.9,2.5,3.2,9.7,0.6,1.1,0.4,0.5,81,33,50,53.4,,53.4,55.3333333333333,0,0,35,1,,,,,,1995-07-11
1025419,Ashley Centra,Collingwood,,,,,,,,,2025,,,,,,,,,,,,,,,,,0,0,,,110.7,13,68.9,3,,2006-06-02
1025421,Amber Schutte,Collingwood,24.7,9,0,1.58730158730159,0,0,78.9,0.391318124207858,2025,2.7,2.1,0.9,3.3,0,0.4,1.3,0,0,58,0,18.75,29.4,,29.4,22.3333333333333,0,0,,,,,,,,2005-12-13
1025548,Georgia Knight,Collingwood,,,,,,,,,2025,,,,,,,,,,,,,,,,,0,0,,,60.4,16,67.3,3,,2006-10-11
1025609,Lucille Cronin,Collingwood,46.2,11,0,17.4603174603175,90.9090909090909,0,94.7,0.609820485744456,2025,7.5,3.4,2.8,2,0,0.6,0.1,0,0,83,17,39.8333333333333,53.8,,53.8,56.3333333333333,0,0,,,,,,,,2005-10-05
1025895,Violet Patterson,Collingwood,,,,,,,,,2025,,,,,,,,,,,,,,,,,0,0,,,,,68.1,3,,2006-01-09
1035374,Muiranne Atkinson,Collingwood,23.1,10,7.09677419354839,3.17460317460317,100,0,77.4,0.373062015503876,2025,4.4,1.4,0.8,2.1,0,0.5,1.4,0,0,43,3,22.2,24,,24,21.3333333333333,0,0,,,,,,,,1996-12-20
1042246,Kellyann Hogan,Collingwood,,,,,,,,,2025,,,,,,,,,,,,,,,,,0,0,,,,,,,,2001-10-24
997729,Brittany Bonnici,Collingwood,86.1,9,67.0967741935484,0,,0.444938820912125,77.7,1.38513513513513,2025,13.1,7,1.8,7.1,0.1,1.2,1.7,0.4,0,120,60,93.75,80,,80,74.6666666666667,0,0,83.9,10,,,,,,1997-03-08
997736,Jordyn Allen,Collingwood,48.3,11,0.645161290322581,3.17460317460317,50,0,87.8,0.687642369020501,2025,7.9,3,3.5,2.5,0,0.5,0.9,0.1,0,79,18,42,55.8,,55.8,58.6666666666667,0,0,52.5,10,,,,,,2000-07-06
1001682,Ebony Antonio,Fremantle,33.8,13,0,1.69491525423729,100,0.241935483870968,73.7,0.573270013568521,2025,4.5,2.4,1.1,2.4,0,1.1,0.7,0.5,0.8,56,12,30.6,37.8333333333333,29.5,33,32.3333333333333,,,38.8,6,,,,,,1991-12-18
1005437,Laura Pugh,Fremantle,42.5,13,0.617283950617284,25.4237288135593,100,1.29032258064516,85.1,0.624265569917744,2025,6.7,4.3,1.4,2.6,0.3,0.4,0.7,0.1,0.2,92,22,39,43.3333333333333,49,40.4,44.3333333333333,,,46.7,10,,,,,,1993-11-01
1007144,Gabby O'Sullivan,Fremantle,57.6,12,27.7777777777778,8.47457627118644,80,0,74.3,0.969044414535666,2025,8.2,4.5,1.3,4.2,0,1.1,0.6,0.6,0.8,101,29,67.25,51.5,56.5,49.6,47.3333333333333,,,39.5,8,,,,,,1994-03-21
1009882,Gabrielle Newton,Fremantle,82.5,13,72.8395061728395,0,,0.32258064516129,87.9,1.17320819112628,2025,10.8,6.9,2.2,7.6,0.1,1.1,0.8,0,0.1,138,54,70.6,80.1666666666667,119,97.4,106,,,66.5,10,,,,,,2001-08-31
1010663,Ashleigh Brazill,Fremantle,45.7,11,0,20.3389830508475,100,0.0806451612903226,89.3,0.63969764837626,2025,7.8,3.7,2.6,2,0.1,0.7,0.8,0.1,0,72,20,45.2,44.4,55,48.4,37.3333333333333,,,29.1,8,,,,,,1989-12-29
1012236,Sarah Verrier,Fremantle,39.3,11,0.617283950617284,5.08474576271187,33.3333333333333,0,72,0.682291666666667,2025,5.4,3.1,1.3,3.1,0,0.7,0.2,0.1,0.1,59,16,28,44.8333333333333,39.5,41.8,44.6666666666667,,,42.4,8,,,,,,2002-08-02
1012242,Emma O'Driscoll,Fremantle,61.4,13,0,1.69491525423729,100,0,87.7,0.875142531356899,2025,10.2,5.8,3.8,2.3,0,0.7,0.7,0,0,93,23,61.6,56.8333333333333,74.5,62.6,62,,,65.8,10,,,,,,2000-04-22
1012248,Philipa Seth,Fremantle,38.3,12,0,0,,0,72.3,0.662171507607192,2025,3.5,4.2,1.3,3.8,0,0.6,0.5,0.2,0.1,56,28,37.5,39.5,36.5,34.2,34.3333333333333,,,42.3,7,,,,,,1994-02-19
1012581,Gabrielle Biedenweg-Webster,Fremantle,28.3,11,0,1.69491525423729,100,0,73.3,0.482605729877217,2025,3.8,2,1.4,1.6,0,0.4,0.3,0.4,0.5,42,11,33.6666666666667,25,30,30,23.6666666666667,,,22.5,2,,,,,,1998-01-13
1012994,Bella R. Smith,Fremantle,39,5,3.48837209302326,0,,4.18079096045198,80,0.609375,2025,4.4,1.8,2.2,1.4,2,0.6,0.4,1.4,0.2,62,17,,39,,39,41.3333333333333,,,33.7,11,,,,,,2001-09-20
1013937,Angelique Stannett,Fremantle,0,0,0,0,,0,0,,2025,0,0,0,0,0,0,0,0,0,,,,,,,,,,73.9,10,,,,,,1997-04-15
1014034,Aisling McCarthy,Fremantle,100.9,12,75.3086419753087,0,,0.0806451612903226,86.5,1.45809248554913,2025,15.3,6.4,2.6,8.2,0.1,0.8,1.3,0.7,0.5,139,71,97.75,105,95,104.2,100.666666666667,,,68.1,10,,,,,,1996-02-24
1017347,Mim Strom,Fremantle,114.8,13,93.8271604938272,0,,81.2096774193549,89.4,1.60514541387025,2025,8.8,7.7,3.7,6.2,36.8,1.9,0.8,0.1,0.2,175,62,100.2,122.666666666667,128,132.6,140.666666666667,,,79.3,10,,,,,,2001-11-07
1018949,Aine Tighe,Fremantle,64.3,4,0,0,,1.93548387096774,69.6,1.1548132183908,2025,7.5,2.8,4.3,3.5,3,0.3,0.8,1.3,1,120,6,64.25,,,64.25,45.6666666666667,,,70.8,8,,,,,,1992-07-25
1021399,Jessica Low,Fremantle,32.8,13,6.79012345679012,0,,0,87.2,0.470183486238532,2025,4,3.1,1,2.8,0,1.1,0.3,0,0.1,46,7,30.6,31.1666666666667,43,36.8,31,,,34.4,10,,,,,,1999-11-05
1021410,Dana East,Fremantle,57.9,11,64.1975308641975,0,,0,69.2,1.04588150289017,2025,6.6,6.9,0.9,5.6,0,1,0.9,0.1,0.1,78,37,57.6,59,56.5,60.2,56.6666666666667,,,52,10,,,,,,2002-06-10
1021898,Tunisha Kikoak,Fremantle,22.5,11,3.08641975308642,0,,5.08064516129032,54.4,0.517003676470588,2025,2.3,2,1,0.8,1.9,0.2,0.1,0.5,0.3,42,2,13.3333333333333,30.6666666666667,11.5,22.6,21.6666666666667,,,,,106.5,2,,,,2005-05-12
1025550,Georgie Brisbane,Fremantle,,,,,,,,,2025,,,,,,,,,,,,,,,,,,,,,58.7,14,63.7,3,,2006-12-13
1025861,Holly Ifould,Fremantle,0,0,0,0,,0,0,,2025,0,0,0,0,0,0,0,0,0,,,,,,,,,,,,,,,,,2005-09-02
1026166,Madeleine Scanlon,Fremantle,38.5,12,0,35.5932203389831,85.7142857142857,0,76.1,0.632391590013141,2025,6.4,3.3,1.9,2.3,0,0.5,0.8,0,0,65,14,38.2,33,53,40,40,,,39.6,10,,,,,,2001-03-08
1026384,Indi Strom,Fremantle,,,,,,,,,2025,,,,,,,,,,,,,,,,,,,,,,,,,,2004-10-08
1026444,Amy Mulholland,Fremantle,27.8,12,0,0,,0,60.7,0.572487644151565,2025,2.7,2.4,1.1,2.8,0,0.3,0.3,0.2,0.2,45,12,33.2,25.8333333333333,13,22.2,24.3333333333333,,,36.7,9,,,,,,1993-08-06
1029621,Megan Kauffman,Fremantle,50.4,13,19.7530864197531,0,,0,65.6,0.960365853658537,2025,6.5,3.5,1.3,4.8,0,1.1,0.7,0.2,0.3,71,37,45.8,56.6666666666667,43,55,50.3333333333333,,,59.4,10,,,,,,1997-03-21
1029623,Orlagh Lally,Fremantle,54.8,13,0,0,,0,85.5,0.801169590643275,2025,9.6,3.2,2.1,3.2,0,0.6,0.9,0.4,0.2,88,34,53.6,59.8333333333333,43,53.2,40,,,50.1,10,,,,,,2001-07-28
1031247,Joanne Cregg,Fremantle,19,6,0,0,,0,66.8,0.355538922155689,2025,3.8,1.5,0.2,1,0,0,0,0,0,30,14,17.5,21.6666666666667,14,18.8,20,,,37.4,8,,,,,,1993-07-01
1031322,Evie Parker,Fremantle,,,,,,,,,2025,,,,,,,,,,,,,,,,,,,,,69.8,15,36.6,3,,2006-07-06
1031366,Holly Egan,Fremantle,,,,,,,,,2025,,,,,,,,,,,,,,,,,,,,,95.8,13,56,3,,2006-07-01
1042277,Matilda Banfield,Fremantle,,,,,,,,,2025,,,,,,,,,,,,,,,,,,,,,,,,,,2005-05-19
998030,Kiara Bowers,Fremantle,0,0,0,0,,0,0,,2025,0,0,0,0,0,0,0,0,0,,,,,,,,,,111.8,6,,,,,,1991-11-16
998040,Hayley Miller,Fremantle,69,10,32.7160493827161,0,,0.161290322580645,72.9,1.18312757201646,2025,11.3,3.4,2.3,4.3,0.1,1.7,0.2,0.4,0.6,109,25,80.6,65.3333333333333,45.5,57.4,47,,,60.9,10,,,,,,1996-02-03
1005663,Erica Fowler,Geelong Cats,23,7,0,0,,2.55839822024472,70.1,0.410128388017118,2025,2.7,1.9,1.4,2,0.4,0.1,0.7,0,0.4,33,12,18.5,29,,25.8,29,92.9,6,32.2,9,,,,,,1992-07-08
1007001,Kate Darby,Geelong Cats,55.2,11,68.0232558139535,0,,55.5816686251469,65.5,1.05343511450382,2025,5.6,1.9,1.5,4.1,13,1,0.4,0.1,0,78,32,49.2,60.1666666666667,,59.4,47.3333333333333,0,0,48.8,12,,,,,,1990-11-18
1007028,Shelley Scott,Geelong Cats,36.2,10,0,0,,0.352526439482961,81.3,0.556580565805658,2025,4.7,2.3,2.2,1.5,0.1,0.5,0.5,0.9,0.4,68,16,36.6,35.8,,35.8,35,0,0,39.6,7,,,,,,1988-03-16
1007155,Meghan McDonald,Geelong Cats,22.5,11,0,1.44927536231884,100,0.235017626321974,72.6,0.387396694214876,2025,2.6,4.3,1.3,0.7,0,0.1,0.3,0,0,50,6,18,26.1666666666667,,24.8,16.6666666666667,0,0,40.3,13,,,,,,1991-06-29
1007342,Chloe Scheer,Geelong Cats,0,0,0,0,,0,0,,2025,0,0,0,0,0,0,0,0,0,,,,,,,,0,0,39.1,12,,,,,,1999-10-07
1009860,Rebecca Webster,Geelong Cats,71.5,11,23.2558139534884,4.34782608695652,66.6666666666667,0,89.7,0.996376811594203,2025,12.3,7.7,2.4,3.5,0,0.5,0.7,0,0.1,89,50,71.4,71.6666666666667,,68.4,63,0,0,63.2,10,,,,,,2000-10-22
1009863,Nina Morrison,Geelong Cats,90,11,78.4883720930232,0,,0,83.1,1.35379061371841,2025,11.5,9.3,2.5,7.1,0,1.4,1.1,0.5,0.3,115,52,95.6,85.3333333333333,,85.4,96.6666666666667,0,0,84.5,13,,,,,,2000-12-13
1009906,Mikayla Bowen,Geelong Cats,73.1,11,0,0,,0,92.5,0.987837837837838,2025,7.8,8.3,2.5,6.2,0,1.1,1.2,0.5,0.7,98,46,78.2,68.8333333333333,,68.4,73.3333333333333,0,0,57.3,13,,,,,,2001-04-17
1012560,Chantel Emonson,Geelong Cats,54.7,11,0,82.6086956521739,94.7368421052632,0,92.2,0.741594360086768,2025,10.4,2.8,1.9,3,0,0.7,0.2,0,0.1,85,32,48,60.3333333333333,,64,64.3333333333333,,,61.2,13,,,,,,1993-05-08
1012640,Julia Crockett-Grills,Geelong Cats,60.5,10,11.046511627907,0,,0,71.7,1.0547419804742,2025,10.3,3.6,3.2,3.1,0,0.9,0.6,0.2,0.1,83,0,58.4,62.6,,62.6,53.3333333333333,0,0,53.5,12,,,,,,1994-10-28
1013933,Georgie Rankin,Geelong Cats,28,8,0,1.44927536231884,0,0,71.8,0.487465181058496,2025,1.9,4.1,0.8,3.1,0,0.5,0.6,0.1,0,43,13,24.6666666666667,30,,30,35.6666666666667,0,0,33.1,12,,,,,,1998-01-28
1014785,Zali Friswell,Geelong Cats,52.7,11,0,0,,0,78.6,0.838104325699746,2025,4.6,7.5,2.5,3.7,0,0.6,0.1,0.2,0,87,21,62.2,44.8333333333333,,39.4,40.3333333333333,0,0,44.4,12,,,,,,2003-12-30
1014810,Georgie Prespakis,Geelong Cats,73.2,9,75,0,,0,84.2,1.08669833729216,2025,10.1,10.1,0.7,5.7,0,1.1,1.7,0.2,0.6,96,39,68.3333333333333,75.6666666666667,,76.8,87.6666666666667,0,0,96.2,13,,,,,,2003-03-13
1015193,Gabbi Featherston,Geelong Cats,31.9,8,19.1860465116279,0,,16.4512338425382,44.5,0.896067415730337,2025,3.5,3.5,1.3,2,4.1,0.5,0.8,0,0.3,51,6,41,16.6666666666667,,26.6,16.6666666666667,0,0,16,4,,,,,,2003-11-12
1018405,Jacqueline Parry,Geelong Cats,58.5,11,0,0,,10.4582843713278,94.1,0.777098831030818,2025,6.5,3.5,3.5,3.2,1,1.3,0.2,1.1,0.5,76,33,55.4,61,,63.6,58.6666666666667,0,0,58.7,13,,,,,,1996-07-12
1018955,Kate Surman,Geelong Cats,46.3,9,0,0,,0,74.1,0.781039136302294,2025,5,4,1.7,4.1,0,1.2,0.6,0.3,0.3,75,15,36.2,59,,50.2,64.6666666666667,0,0,47.9,13,,,,,,1991-10-28
1021454,Caitlin Thorne,Geelong Cats,29.6,5,8.13953488372093,0,,0,58.6,0.631399317406143,2025,4.6,3,1.6,2.2,0,0.8,1.6,0,0.2,43,21,27,30.25,,29.6,26,0,0,,,,,,,,2003-08-29
1021927,Bryde O'Rourke,Geelong Cats,9,1,0,0,,0,20.3,0.554187192118227,2025,1,1,0,1,0,0,0,0,0,9,9,,9,,9,9,0,0,,,,,,,,2005-11-28
1021933,Alexis Gregor,Geelong Cats,,,,,,,,,2025,,,,,,,,,,,,,,,,,0,0,,,75.6,13,51.7,3,,2006-04-07
1022127,Claudia Gunjaca,Geelong Cats,37,11,0,0,,0.82256169212691,80.2,0.576683291770574,2025,5.4,2.4,2,3,0,0.6,0.8,0,0,53,12,47.4,28.3333333333333,,28.8,28,0,0,45,13,,,,,,1997-08-25
1022689,Bella K. Smith,Geelong Cats,28.6,5,21.5116279069767,0,,0,51.1,0.699608610567515,2025,2.4,5.2,0,3.2,0,0.6,0.8,0,0,38,14,,28.6,,28.6,30.3333333333333,0,0,25,1,,,,,,2003-10-05
1024296,Rachel Kearns,Geelong Cats,40.1,9,0,1.44927536231884,100,0,75.8,0.661279683377309,2025,7.8,2.7,1.6,1.6,0,1.2,0.4,0.1,0,72,3,29.25,48.8,,48.8,48.3333333333333,0,0,31.7,11,,,,,,1997-06-15
1025613,Sienna Tallariti,Geelong Cats,,,,,,,,,2025,,,,,,,,,,,,,,,,,0,0,,,66,15,36.4,3,,2006-07-10
1026012,Melissa Bragg,Geelong Cats,26.5,6,12.7906976744186,0,,13.2784958871915,37.5,0.883333333333333,2025,2,1.8,0.7,2.7,4.7,1,0.5,0,0,42,13,,26.5,,29.2,29,0,0,15.3,7,,,,,,1994-12-17
1026053,Emma Kilpatrick,Geelong Cats,,,,,,,,,2025,,,,,,,,,,,,,,,,,,,,,,,37.5,3,,2006-07-03
1026947,Chantal Mason,Geelong Cats,4,1,0,0,,0,41.5,0.120481927710843,2025,0,0,0,1,0,0,0,0,0,4,4,,4,,4,4,0,0,,,,,,,,2005-05-28
1033161,Anna-Rose Kennedy,Geelong Cats,30.8,11,0,8.69565217391304,83.3333333333333,0,95,0.405263157894737,2025,6.8,1.7,1.6,0.9,0,0.3,0.6,0,0,70,5,20.4,39.5,,44.4,58,,,5,1,,,,,,2000-11-16
1033166,Aishling Moloney,Geelong Cats,67.8,11,0,0,,2.7027027027027,91.9,0.922198041349293,2025,9.5,4.7,2.9,2.8,0.5,0.6,1.2,1.9,1,115,26,64.2,70.8333333333333,,75.2,73.6666666666667,0,0,47.5,13,,,,,,1998-01-28
1036082,Kate Kenny,Geelong Cats,25.7,7,0,0,,0,72.9,0.440672153635117,2025,3.4,3.4,0.9,1.1,0,0.3,0.3,0.3,0.3,39,11,27.4,21.5,,24.2,23.6666666666667,0,0,,,,,,,,2001-11-09
1036297,Piper Dunlop,Geelong Cats,,,,,,,,,2025,,,,,,,,,,,,,,,,,0,0,,,,,,,,2003-09-26
1042260,Caitlin Tipping,Geelong Cats,,,,,,,,,2025,,,,,,,,,,,,,,,,,5,1,,,,,,,,2000-11-16
997709,Amy McDonald,Geelong Cats,72.6,7,46.5116279069768,0,,0.117508813160987,72.8,1.24656593406593,2025,9.9,9.6,1,5,0,0.6,0,0,0.3,111,40,80.8,52,,61.4,55.3333333333333,0,0,90.5,13,,,,,,1998-02-07
1001688,Pepa Randall,GWS GIANTS,42.2,11,0,20.5882352941176,71.4285714285714,6.91489361702128,98.1,0.537716615698267,2025,5.5,3.4,1.9,3.2,1,1,0.5,0,0,63,22,42,42.3333333333333,,42.2,38,,,36.1,10,,,,,,1996-04-01
1005453,Rebecca Beeson,GWS GIANTS,91.4,11,81.6568047337278,0,,0.106382978723404,80.9,1.41223733003708,2025,12.8,9.7,2.4,7.2,0,1.5,1.7,0.2,0.2,132,50,89.4,93,,94.2,93,,,70.2,9,,,,,,1997-02-20
1007151,Aliesha Newman,GWS GIANTS,22.2,5,0,0,,0,51.8,0.535714285714286,2025,3.4,1,0.8,1.2,0,0.4,0,0.4,0,36,4,33,15,,22.2,15,,,27.7,10,,,,,,1995-09-16
1009799,Alyce Parker,GWS GIANTS,93,11,88.1656804733728,0,,0.957446808510638,90.2,1.28880266075388,2025,14.5,10.1,2.7,5.7,0,1.3,1.3,0.1,0.1,124,63,89.2,96.1666666666667,,99.8,103,,,96.4,7,,,,,,2000-08-15
1009801,Haneen Zreika,GWS GIANTS,51,10,0,0,,0,78,0.817307692307692,2025,4.3,7.4,1.1,4.9,0,0.8,0.4,0.1,0.2,68,29,46.8,55.2,,55.2,62.3333333333333,,,68.8,9,,,,,,1999-04-15
1009822,Georgia Garnett,GWS GIANTS,49,11,0,0,,0,75.9,0.806982872200264,2025,6.4,4.5,3.4,2,0,0.5,0.3,0.5,0.4,80,24,50.4,47.8333333333333,,41.4,34.6666666666667,,,45.8,9,,,,,,2001-09-05
1009875,Eleanor Brown,GWS GIANTS,0,0,0,0,,0,0,,2025,0,0,0,0,0,0,0,0,0,,,,,,,,,,0,0,,,,,,2000-01-21
1012549,Chloe Dalton,GWS GIANTS,0,0,0,0,,0,0,,2025,0,0,0,0,0,0,0,0,0,,,,,,,,,,46.6,10,,,,,,1993-07-11
1014628,Taylah Levy,GWS GIANTS,36,13,6.41711229946524,0,,0,53.7,0.837988826815642,2025,4.2,3.5,1.7,2.6,0,0.4,0.6,0.4,0.1,71,17,29,44.4,33.6666666666667,35,33.6666666666667,,,35,3,,,,,,2001-03-31
1015105,Daisy Walker,GWS GIANTS,0,0,0,0,,0,0,,2025,0,0,0,0,0,0,0,0,0,,,,,,,,,,31.4,5,,,,,,2002-06-04
1016956,Vivien Saad,GWS GIANTS,0,0,0,0,,0,0,,2025,0,0,0,0,0,0,0,0,0,,,,,,,,,,48.1,8,,,,,,1992-06-23
1017286,Emily Pease,GWS GIANTS,49.8,11,0,54.4117647058824,75.6756756756757,0.212765957446809,87,0.71551724137931,2025,6.8,4.6,1.6,4.2,0.1,0.3,0.6,0,0,80,14,47.2,52,,52.6,64.6666666666667,,,49.5,8,,,,,,2002-06-11
1017292,Tarni Evans,GWS GIANTS,49.5,10,0,8.82352941176471,100,0,86.6,0.714491916859122,2025,7,2.5,2.8,2.6,0,0.5,0.6,0.9,0.6,75,19,56.2,42.8,,42.8,46.6666666666667,,,65.6,10,,,,,,2002-02-01
1019848,Meghan Gaffney,GWS GIANTS,24.4,10,0,0,,0,55.3,0.551537070524412,2025,2.8,3.9,0.8,1.7,0,0.6,0.6,0,0.2,44,7,20.25,27.1666666666667,,28,22.6666666666667,,,0,0,,,,,,2003-04-02
1019849,Claire Ransom,GWS GIANTS,25.5,10,7.10059171597633,0,,0,69.3,0.45995670995671,2025,2.3,4.1,0.7,2.1,0,0.7,0.3,0,0.1,44,15,23.6,27.4,,27.4,22.3333333333333,,,0,0,,,,,,2004-02-21
1021436,Mikayla Pauga,GWS GIANTS,41,9,15.3846153846154,0,,0.106382978723404,71.5,0.716783216783217,2025,3.2,6.3,0.9,4.1,0,0.7,0.7,0.1,0.2,66,4,32,48.2,,48.2,49.6666666666667,,,24.8,8,,,,,,2003-04-10
1021827,Indigo Linde,GWS GIANTS,39,1,0.591715976331361,0,,0,51.1,0.954011741682974,2025,4,3,3,3,0,0,0,0,0,39,39,,39,,39,39,,,,,,,,,,2005-03-21
1021894,Madison Brazendale,GWS GIANTS,48.1,11,0,0,,0,80.4,0.747823383084577,2025,6.5,5.1,2.1,3.1,0,0.5,0.5,0.2,0,69,27,40.8,54.1666666666667,,51.8,46.6666666666667,,,32.3,3,,,,,,2003-01-24
1022358,Zarlie Goldsworthy,GWS GIANTS,77.3,11,91.1242603550296,0,,0,98.7,0.978976697061803,2025,8.6,6.1,1.7,6.7,0,1.3,0.7,1.2,0.9,117,55,79.4,75.5,,71.2,73,,,90.7,10,,,,,,2004-11-18
1022723,Brodee Mowbray,GWS GIANTS,34.1,8,0,0,,0.106382978723404,80.5,0.529503105590062,2025,2.9,4.4,1.3,3.4,0,0.4,1.6,0.6,0.3,48,10,21.5,38.3333333333333,,36.4,29.3333333333333,,,32.1,8,,,,,,2002-09-02
1022736,Jessica Doyle,GWS GIANTS,21.5,8,5.91715976331361,0,,7.02127659574468,52.8,0.508996212121212,2025,2.3,3.1,0.9,1.4,0.8,1,0.8,0.1,0.1,39,6,26,17,,17,20.3333333333333,,,25.3,10,,,,,,2003-09-15
1023433,Sara Howley,GWS GIANTS,,,,,,,,,2025,,,,,,,,,,,,,,,,,,,,,105,15,87.8,3,,2006-01-29
1024584,Fleur Davies,GWS GIANTS,24.5,6,13.0177514792899,0,,12.3404255319149,28.9,1.05968858131488,2025,2,3.5,0.2,1.3,8.5,1.3,1.5,0,0.3,43,11,22,25,,25,30.6666666666667,,,39.9,9,,,,,,2004-05-06
1025924,Grace Martin,GWS GIANTS,,,,,,,,,2025,,,,,,,,,,,,,,,,,,,,,,,61.1,3,,2006-09-01
1026320,Kaitlyn Srhoj,GWS GIANTS,56.6,8,13.0177514792899,0,,0,72.7,0.973177441540578,2025,6.8,7.6,2.3,4,0,1.8,1.3,0,0.4,76,21,65.8,41.3333333333333,,51.8,41.3333333333333,,,,,,,,,,2005-07-10
1029617,Cambridge McCormick,GWS GIANTS,48,5,0,0,,1.17021276595745,68.2,0.879765395894428,2025,5,5.6,2,4,0.4,1,0.6,0,0.2,73,7,37.3333333333333,64,,48,45,,,26.6,8,,,,,,1998-11-29
1036083,Eilish O'Dowd,GWS GIANTS,72,11,79.8816568047337,0,,68.6170212765958,77.5,1.16129032258065,2025,4.9,10.4,2.5,3.5,16.1,0.7,1.4,0.4,0.1,96,60,68.8,74.6666666666667,,76.6,86.3333333333333,,,,,,,,,,1998-03-25
1042797,Grace Kos,GWS GIANTS,,,,,,,,,2025,,,,,,,,,,,,,,,,,,,,,,,,,,2001-08-22
997725,Isabel Huntington,GWS GIANTS,48.3,9,0.591715976331361,0,,0.425531914893617,78,0.774038461538462,2025,6,5.2,4.7,1.7,0.1,0.1,0.3,0,0,95,31,57.75,40.8,,40.8,46.6666666666667,,,31.3,8,,,,,,1999-02-25
997733,Katherine Smith,GWS GIANTS,47.1,11,0,8.82352941176471,100,1.38297872340426,97.4,0.604466119096509,2025,7.2,3,2.9,3.2,0.5,0.5,1,0,0,70,26,41.2,52,,52.6,50.6666666666667,,,30.3,10,,,,,,1998-09-28
998029,Alicia Eva,GWS GIANTS,57.2,11,0,0,,0,81.5,0.877300613496933,2025,7.4,2.7,1.6,5.3,0,0.7,0.5,0.6,0.5,87,31,58.4,56.1666666666667,,57.8,60.3333333333333,,,65.1,9,,,,,,1991-04-02
1005863,Lauren Pearce,Melbourne,52,4,25.8064516129032,0,,20.233918128655,67.3,0.965824665676077,2025,2.8,7.8,0.3,1.3,22.8,0.5,0.3,0,0,72,37,72,45.3333333333333,,52,45.3333333333333,60,1,63.6,11,,,,,,1993-01-12
1007011,Sarah Lampard,Melbourne,39.6,11,25.1612903225806,21.5686274509804,100,0,79.4,0.623425692695214,2025,7.3,3.9,1.4,1.8,0,0.2,0.7,0.1,0.1,70,14,41,38.5,,36.4,38.6666666666667,88,1,48.3,7,,,,,,1997-07-07
1009764,Eden Zanker,Melbourne,48.3,8,0.645161290322581,0,,5.6140350877193,87.3,0.691580756013746,2025,6.1,3,3.1,2.5,2.3,0.5,1,0.8,0.3,61,28,49.75,46.75,,48.4,42,89,1,64.8,12,,,,,,1999-11-11
1009853,Tyla Hanks,Melbourne,72.7,11,81.9354838709677,0,,0,79.5,1.14308176100629,2025,11.2,7.2,1.5,5.3,0,1.4,1.3,0.3,0.2,96,46,61,82.5,,83.2,76.6666666666667,0,0,77.1,12,,,,,,2000-02-15
1009854,Denby Taylor,Melbourne,35.6,7,0,0,,0,77.8,0.571979434447301,2025,6.6,2,1,2.6,0,0.7,0.7,0,0,66,27,32,37,,37,27.3333333333333,0,0,,,,,,,,2000-02-16
1009861,Olivia Purcell,Melbourne,71.3,4,28.3870967741936,0,,0,76.3,1.16808650065531,2025,9,12,2,3.3,0,2,0.8,0.3,0,88,54,,71.25,,71.25,73,0,0,75.7,12,,,,,,2000-09-05
1009980,Kate Hore,Melbourne,85.4,10,59.3548387096774,0,,0.233918128654971,86.9,1.22842347525892,2025,11.2,7.3,3,6.1,0,2,1.1,0.8,0.3,105,57,79,91.8,,91.8,97.3333333333333,0,0,84.5,12,,,,,,1995-03-25
1010236,Gabrielle Colvin,Melbourne,33.4,7,0,0,,0,77.5,0.538709677419355,2025,4.3,2.7,1.9,2.9,0,0.7,0.9,0,0,71,8,35.2,29,,37.8,43,37,2,25.5,2,,,,,,1991-03-01
1012713,Shelley Heath,Melbourne,54,11,29.0322580645161,3.92156862745098,100,0,80.7,0.836431226765799,2025,5.5,5.3,1.5,5.9,0,1.2,0.8,0,0.1,82,27,50.4,57,,56,66,40,1,51.8,12,,,,,,2000-06-06
1014367,Alyssa Bannan,Melbourne,49.7,11,0,0,,0,93.9,0.66160809371672,2025,5.9,3.9,2.1,3,0,0.7,0.7,1.1,0.8,80,24,39.8,58,,59.8,69.6666666666667,64,1,38.7,12,,,,,,2002-04-13
1014793,Tahlia Gillard,Melbourne,35.1,11,3.2258064516129,7.84313725490196,100,2.69005847953216,93.8,0.467750533049041,2025,5,3.3,2.1,2.3,0.7,0.5,1,0,0,66,17,41.2,30,,32.6,38.6666666666667,45,1,42.6,12,,,,,,2003-12-12
1014904,Megan Fitzsimon,Melbourne,61.2,11,18.7096774193548,1.96078431372549,100,0.116959064327485,78.6,0.973282442748092,2025,8.4,5.3,1.4,5.3,0,1.1,0.8,0.3,0.1,77,34,55.4,66,,64.2,72,105.8,3,45.4,8,,,,,,2002-08-10
1015025,Georgia Gall,Melbourne,41.4,9,0,0,,1.28654970760234,76.7,0.67470664928292,2025,3.4,4.1,2.6,2.7,0.3,0.4,0.1,0.7,0.1,70,28,28.3333333333333,48,,46.4,47.3333333333333,68.9,3,20.5,2,,,,,,2004-07-30
1015029,Maeve Chaplin,Melbourne,52.5,11,0,54.9019607843137,96.4285714285714,0,81.8,0.802261613691932,2025,9.1,4.5,2.6,2.8,0,0.5,1.2,0,0,75,35,56.6,49,,44.6,49.6666666666667,74,1,32.3,9,,,,,,2002-08-22
1015088,Elizabeth McNamara,Melbourne,92,10,2.58064516129032,0,,0,83,1.3855421686747,2025,14.8,7.4,3.6,5.5,0,1.5,0.7,0.1,0,123,59,90.2,93.8,,93.8,93.3333333333333,128,1,64,12,,,,,,2002-04-19
1018966,Sinead Goldrick,Melbourne,68.1,10,15.4838709677419,0,,0.116959064327485,84.7,1.00501770956316,2025,10.2,6.2,2.1,4.7,0,1.2,1.1,0.3,0.3,104,49,74.6,61.6,,61.6,52,0,0,48.9,12,,,,,,1990-05-02
1019713,Georgia Campbell,Melbourne,47.5,10,34.8387096774194,0,,32.3976608187135,71.1,0.835091420534459,2025,2.5,4.9,1.3,3.1,12.9,0.7,0.5,0.3,0,82,13,47.5,47.5,,50,43,70,2,38.7,9,,,,,,2003-09-01
1019806,Jemma Rigoni,Melbourne,0,0,0,0,,0,0,,2025,0,0,0,0,0,0,0,0,0,,,,,,,,30,1,,,,,,,,2004-06-04
1021828,Alyssia Pisano,Melbourne,29.3,8,0,0,,0.116959064327485,65.8,0.55661094224924,2025,3.8,2.3,1.5,1.9,0,0,0.4,0.4,0.4,50,12,24.75,33.75,,36.4,29.6666666666667,40,1,,,,,,,,2005-07-01
1021845,Jacinta Hose,Melbourne,0,0,0,0,,0,0,,2025,0,0,0,0,0,0,0,0,0,,,,,,,,0,0,,,,,,,,2005-09-05
1024636,Lily Johnson,Melbourne,34.4,5,0,0,,0,60.6,0.70957095709571,2025,4.8,3.4,1.8,2,0,0.4,0.2,0,0,55,19,55,29.25,,34.4,31.3333333333333,0,0,28.5,2,,,,,,2004-04-13
1025617,Maggie Mahony,Melbourne,,,,,,,,,2025,,,,,,,,,,,,,,,,,69,2,,,103.3,10,71.5,2,,2006-10-19
1025819,Laela Ebert,Melbourne,,,,,,,,,2025,,,,,,,,,,,,,,,,,,,,,,,69.8,3,,2006-04-17
1026372,Molly O'Hehir,Melbourne,,,,,,,,,2025,,,,,,,,,,,,,,,,,83,1,,,,,59.7,3,,2006-05-24
1029625,Blaithin Mackin,Melbourne,50.7,7,2.58064516129032,0,,0,73.5,0.862244897959184,2025,10.7,4.4,1.6,1.7,0,0.4,1.1,0.1,0.3,81,5,51,50.3333333333333,,39.4,50.3333333333333,0,0,56.3,12,,,,,,1999-01-20
1029628,Saraid Taylor,Melbourne,25,3,0,0,,0,78.7,0.39707750952986,2025,1,2,0.7,4,0,0,0,0,0,31,14,,25,,25,25,66.5,3,0,0,,,,,,1998-07-02
1033162,Aimee Mackin,Melbourne,0,0,0,0,,0,0,,2025,0,0,0,0,0,0,0,0,0,,,,,,,,,,35.2,6,,,,,,1997-04-22
1035371,Ryleigh Wotherspoon,Melbourne,36.7,10,1.93548387096774,0,,0,64.2,0.714563862928349,2025,4.1,3.3,1.5,3.4,0,0.7,0.7,0.1,0.5,64,16,24.5,44.8333333333333,,44.2,52,90,1,,,,,,,,2004-04-10
1036084,Grace Beasley,Melbourne,55,3,16.7741935483871,0,,0,61.1,1.12520458265139,2025,5.7,5.3,0.7,6,0,0.7,0.7,0.3,0.7,57,52,55,,,55,55,0,0,,,,,,,,1999-11-03
1042241,Amelia Dethridge,Melbourne,,,,,,,,,2025,,,,,,,,,,,,,,,,,43.9,4,,,,,,,,2006-06-14
998039,Tayla Harris,Melbourne,19,1,0,0,,0.467836257309942,52.4,0.45324427480916,2025,2,0,1,2,1,1,0,0,0,19,19,19,,,19,19,72,1,48.9,8,,,,,,1997-04-16
998149,Paxy Paxman,Melbourne,46.4,5,0,9.80392156862745,60,0,72.9,0.795610425240055,2025,8.6,4.6,3,0.8,0,0.6,0.6,0,0.4,67,18,47,44,,46.4,43,0,0,71.6,8,,,,,,1988-11-25
1001686,Emma King,Kangaroos,63,14,38.9423076923077,0,,37.8289473684211,68.6,1.14795918367347,2025,5.6,2.9,2.5,4.1,16.6,0.8,1.4,0.5,0.4,80,40,60.8333333333333,69,57.3333333333333,62.2,57.3333333333333,0,0,64.9,13,,,,,,1994-06-28
1003018,Jenna Bruton,Kangaroos,49.7,11,0,0,,0,72.8,0.853365384615385,2025,7.1,5.9,1,3.3,0,0.7,0.5,0.2,0.4,64,20,48.25,46,56.6666666666667,49.6,56.6666666666667,0,0,85.5,10,,,,,,1995-11-08
1003023,Tahlia Randall,Kangaroos,44.8,14,0.480769230769231,0,,7.48355263157895,79.9,0.700876095118899,2025,5.1,2.7,1.5,3.1,1.9,1.1,1,1.1,0.9,67,28,41.5,50.8,41.3333333333333,44.2,41.3333333333333,0,0,48.5,13,,,,,,1998-05-29
1007138,Kate Shierlaw,Kangaroos,56.1,12,0,1.92307692307692,100,0.0822368421052632,79.2,0.885416666666667,2025,8.5,2.5,4.5,0.8,0.1,0.7,0.6,1.5,0.8,105,21,59,56.25,51,58,51,0,0,49.1,12,,,,,,1989-02-28
1007157,Libby Birch,Kangaroos,46.9,14,0,25,69.2307692307692,0,88.2,0.66468253968254,2025,8.2,3.4,3.1,1.5,0,0.7,0.2,0,0,74,30,48,41.6,53.3333333333333,53.6,53.3333333333333,0,0,35.8,12,,,,,,1997-12-03
1009772,Mia King,Kangaroos,86.6,14,84.1346153846154,0,,0,78.8,1.37373096446701,2025,8.9,10.1,1.5,9.3,0,1.9,1.3,0,0.1,117,62,96,80.6,77.6666666666667,79.6,77.6666666666667,0,0,90.1,12,,,,,,2001-04-06
1010265,Ash Riddell,Kangaroos,111.5,14,80.7692307692308,0,,0,81.1,1.71855733662146,2025,16.2,13.1,3,6.6,0,1.4,0.9,0.4,0.1,145,88,120.833333333333,98.4,114.666666666667,111.4,114.666666666667,0,0,110.6,13,,,,,,1996-03-07
1010677,Kim Rennie,Kangaroos,55.7,14,60.5769230769231,0,,54.5230263157895,66,1.05492424242424,2025,5.1,3.6,1.8,2.4,18.1,1.6,0.6,0,0.1,81,26,55,56.8,55.3333333333333,47.2,55.3333333333333,0,0,62.1,13,,,,,,1994-10-19
1013120,Nicole Bresnehan,Kangaroos,45.7,14,0,0,,0,73.2,0.780396174863388,2025,6.9,4.9,2.4,2.4,0,0.4,0.6,0,0,71,18,48,50.2,33.6666666666667,42.8,33.6666666666667,0,0,46.8,8,,,,,,1997-03-25
1013442,Jasmine Ferguson,Kangaroos,28.3,14,0,0,,0,99.2,0.356602822580645,2025,3.8,2.6,2.2,1.8,0,0.4,0.9,0,0,50,15,26.1666666666667,27,34.6666666666667,31.2,34.6666666666667,0,0,34.3,13,,,,,,1999-05-26
1013943,Tessa Boyd,Kangaroos,,,,,,,,,2025,,,,,,,,,,,,,,,,,60.8,3,,,,,,,,1997-03-10
1015097,Bella Eddey,Kangaroos,49.4,14,2.88461538461538,0,,0,77.1,0.800907911802854,2025,5.4,6.6,1,3.3,0,0.6,0.5,0.7,0.5,80,22,53.6666666666667,47.6,44,41.2,44,0,0,42.2,13,,,,,,2002-02-11
1015124,Ruby Tripodi,Kangaroos,62.4,14,49.5192307692308,0,,0,60.1,1.29783693843594,2025,5.8,7.6,1.5,6.6,0,0.9,0.8,0.1,0.1,100,35,69.6666666666667,56.8,57,58.6,57,0,0,29.3,9,,,,,,2001-05-02
1015175,Tess Craven,Kangaroos,50.7,14,0,30.7692307692308,75,0,67.2,0.943080357142857,2025,8.5,3,2.6,2.5,0,0.6,0.2,0.2,0,69,28,46.8333333333333,59.4,44,50.2,44,0,0,32.5,12,,,,,,2003-12-23
1016904,Sarah Wright,Kangaroos,45.6,14,0,0,,0,96.1,0.593132154006244,2025,6.2,3.7,3.4,2.4,0,0.6,0.3,0,0,80,18,32,47.4,70,60.2,70,0,0,41.6,13,,,,,,1994-05-06
1018403,Eilish Sheerin,Kangaroos,80.5,10,55.5555555555556,0,,0,70.4,1.42933238636364,2025,12.6,5.8,1.2,7.4,0,0.9,2.1,0.5,0.3,117,55,70.25,86,94,86.6,80.6666666666667,0,0,71.4,10,,,,,,1992-10-05
1019811,Alice O'Loughlin,Kangaroos,64.6,13,0,0,,0,77.7,1.03925353925354,2025,7.1,5.6,1.5,5,0,1.5,1.1,1.5,0.7,83,45,69.2,62.8,60,61.2,60,0,0,55.6,13,,,,,,2002-07-08
1021528,Amy Smith,Kangaroos,55.6,14,0,0,,0,66.5,1.04511278195489,2025,5.5,7.1,2.1,4.6,0,0.4,0.2,0.1,0,74,32,53.6666666666667,52.6,64.6666666666667,55.2,64.6666666666667,0,0,53.1,13,,,,,,1998-11-10
1021834,Georgia Stubs,Kangaroos,0,0,0,0,,0,0,,2025,0,0,0,0,0,0,0,0,0,,,,,,,,0,0,,,,,,,,2005-07-16
1022885,Taylah Gatt,Kangaroos,47.3,13,0,0,,0,72.1,0.82004160887656,2025,6.7,4.6,1.3,3.6,0,0.5,1,0.3,0.3,64,21,41.6,48,55.6666666666667,49.8,55.6666666666667,0,0,49.5,13,,,,,,2004-11-01
1026141,Ella Slocombe,Kangaroos,0,0,0,0,,0,0,,2025,0,0,0,0,0,0,0,0,0,,,,,,,,0,0,,,,,,,,2005-12-06
1026294,Ariana Hetherington,Kangaroos,41,8,2.46913580246914,0,,9.59677419354839,66.9,0.766068759342302,2025,3.6,3.5,2.3,3.4,5,0.4,1.3,0.1,0.5,72,21,32,48.75,37,46.4,39.3333333333333,0,0,22,4,,,,,,1999-06-26
1029615,Erika O'Shea,Kangaroos,35.9,13,0,0,,0,75.5,0.594370860927152,2025,5.5,2.8,1.5,2.7,0,0.5,0.7,0,0,65,12,33,40,34,36,34,0,0,45.8,13,,,,,,2002-06-26
1029618,Vikki Wall,Kangaroos,47.2,14,0,0,,0,79.1,0.745891276864728,2025,4.6,4,0.9,4.7,0,1.1,1.1,0.9,0.6,79,25,42,41.4,67.3333333333333,56.4,67.3333333333333,0,0,0,0,,,,,,1998-05-02
1031354,Claire Mahony,Kangaroos,,,,,,,,,2025,,,,,,,,,,,,,,,,,0,0,,,56.4,12,42.8,3,,2006-06-21
1033163,Niamh Martin,Kangaroos,39.1,9,0,0,,0,69.7,0.701219512195122,2025,5.6,3.1,1,2.6,0,1,1.1,0.8,0.7,66,22,44.25,35,,35,24.6666666666667,0,0,21.6,7,,,,,,2001-06-25
1036302,Blaithin Bogue,Kangaroos,0,0,0,0,,0,0,,2025,0,0,0,0,0,0,0,0,0,,,,,,,,0,0,,,,,,,,2000-07-26
1042264,Amy Gavin Mangan,Kangaroos,,,,,,,,,2025,,,,,,,,,,,,,,,,,0,0,,,,,,,,1999-01-20
296154,Jasmine Garner,Kangaroos,115.7,14,82.6923076923077,0,,0.0822368421052632,80.7,1.79213135068154,2025,17.5,9.2,2.6,7.6,0,1.9,0.7,1,0.7,152,81,111.166666666667,114.4,127,126,127,0,0,123.5,13,,,,,,1994-07-08
997700,Eliza Shannon,Kangaroos,41.7,3,0,1.92307692307692,100,0,68.7,0.758733624454148,2025,6.3,3.7,3.3,1.7,0,0.3,0.7,0,0.3,47,36,,44.5,36,41.6666666666667,41.6666666666667,0,0,35.6,13,,,,,,1999-10-23
998150,Emma Kearney,Kangaroos,58,8,0,40.3846153846154,76.1904761904762,0,65.6,1.10518292682927,2025,11.5,4.9,2,2,0,1.3,0.5,0,0,101,2,60,,52,45.8,35.3333333333333,0,0,72.2,13,,,,,,1989-09-24
1009805,Maggie Gorham,Western Bulldogs,48.7,11,0,22.6666666666667,88.2352941176471,0,85.2,0.714495305164319,2025,8.3,4,2.3,2.7,0,0.9,0.9,0,0,73,22,36.5,63.4,,63.4,66,75,1,43,7,,,,,,2001-09-16
1009829,Zimmorlei Farquharson,Western Bulldogs,39.5,2,0,0,,0.115340253748558,64.2,0.769080996884735,2025,5,2,3,3.5,0,0.5,1,0,0,40,39,,39.5,,39.5,39.5,0,0,0,0,,,,,,2002-04-27
1010103,Isabella Grant,Western Bulldogs,33.6,11,0,1.33333333333333,100,0,91,0.461538461538462,2025,5.9,2.8,2.3,1.2,0,0.4,0.5,0,0,82,8,25.6666666666667,43.2,,43.2,41.6666666666667,0,0,47.7,10,,,,,,2001-09-21
1010686,Eleanor Bennetts,Western Bulldogs,37.4,9,0,0,,0,73.2,0.638661202185792,2025,5.8,2.8,2.1,1.9,0,0.3,0.3,0.2,0,68,14,34.2,41.5,,44.8,49.3333333333333,0,0,33,1,,,,,,1989-09-06
1010689,Naomi Ferres,Western Bulldogs,28.5,4,0,0,,0,63.4,0.561908517350158,2025,2.5,1.8,1.3,3.5,0,0.5,0.8,0.3,0,48,6,,28.5,,28.5,36,53.7,4,43.7,6,,,,,,1997-10-26
1012595,Vaomua Laloifi,Western Bulldogs,0,0,0,0,,0,0,,2025,0,0,0,0,0,0,0,0,0,,,,,,,,0,0,29.6,10,,,,,,1993-07-24
1012661,Lauren Ahrens,Western Bulldogs,41.9,7,0,34.6666666666667,100,0,89.6,0.584542410714286,2025,8.7,3,2.3,1.1,0,0,0.6,0,0,63,18,45.8333333333333,18,,41.4,34.6666666666667,0,0,39.7,11,,,,,,1991-08-19
1012694,Alice Edmonds,Western Bulldogs,68,11,80.8219178082192,0,,70.242214532872,83.9,1.01311084624553,2025,3.5,6.7,2.3,3.4,30,1.1,2.5,0,0.2,90,48,73.8333333333333,61,,61,56,0,0,80.6,9,,,,,,1998-05-31
1013026,Elisabeth Georgostathis,Western Bulldogs,56.5,10,0,1.33333333333333,0,0,83.3,0.847839135654262,2025,9.4,4.4,2.8,3.8,0,1,1.7,0,0,100,5,40.2,72.8,,72.8,76,0,0,68.4,10,,,,,,2001-10-17
1013032,Britney Gutknecht,Western Bulldogs,39.8,11,2.05479452054795,0,,0,74.8,0.665106951871658,2025,4.4,3.3,1.4,4,0,0.5,0.4,0.1,0.2,81,24,40.6666666666667,38.8,,38.8,39,63.8,3,37.7,6,,,,,,2001-04-20
1014372,Jessica Fitzgerald,Western Bulldogs,67.7,11,52.054794520548,38.6666666666667,93.1034482758621,0.576701268742791,84.5,1.00147928994083,2025,11.1,4.6,2.2,4.5,0.1,0.6,0.6,0.3,0.4,104,25,55.6666666666667,82.2,,82.2,96,69.5,2,64.1,10,,,,,,2002-03-08
1015091,Sarah Hartwig,Western Bulldogs,43.4,11,0,0,,1.96078431372549,86,0.630813953488372,2025,5.1,1.3,2,3.5,0.5,1.1,0.4,0.7,0.8,84,16,37,51,,51,58.6666666666667,47.5,2,44.1,10,,,,,,2002-04-12
1015137,Isabelle Pritchard,Western Bulldogs,79.3,11,86.986301369863,0,,0.576701268742791,81.4,1.21775184275184,2025,11.2,8.7,2.5,5.6,0,1.1,1.6,0.3,0.3,107,42,81.1666666666667,77,,77,92,0,0,74.4,9,,,,,,2002-03-08
1015189,Keeley Hardingham,Western Bulldogs,,,,,,,,,2025,,,,,,,,,,,,,,,,,101.7,4,,,,,,,,2003-12-25
1015201,Analea McKee,Western Bulldogs,29,7,6.16438356164384,0,,13.7254901960784,78.2,0.463554987212276,2025,2.7,2,1.3,1.9,4.1,0.4,0.6,0.4,0.1,49,10,20.3333333333333,35.5,,30.6,38.6666666666667,91,2,22.3,6,,,,,,2003-06-07
1016971,Ellie Gavalas,Western Bulldogs,25.5,6,0,0,,0,73.6,0.433084239130435,2025,3.3,1.7,1,2.5,0,0,0.7,0.2,0.2,44,18,29.25,18,,26.2,21,102,2,40.1,8,,,,,,1996-03-25
1021853,Rylie Wilcox,Western Bulldogs,35.6,11,0,0,,0,71.9,0.618915159944367,2025,6.9,2.4,1.6,1.7,0,1,0.9,0,0.1,64,12,35.8333333333333,35.4,,35.4,45.6666666666667,0,0,52.2,9,,,,,,2004-12-03
1021879,Kristie-Lee Weston-Turner,Western Bulldogs,28.6,7,0,0,,0.346020761245675,62,0.576612903225806,2025,3,2.3,1,2.1,0,0.6,0.3,0.6,0.3,51,11,32.5,23.3333333333333,,34,23.3333333333333,29.5,2,,,,,,,,2005-07-01
1021893,Brooke Barwick,Western Bulldogs,18.2,5,13.6986301369863,0,,0,56.3,0.404085257548846,2025,3.2,1.4,0.8,1.6,0,0,1,0,0,33,6,19.75,12,,18.2,17.3333333333333,35.2,5,,,,,,,,2005-07-29
1022203,Elaine Grigg,Western Bulldogs,41.6,11,0.684931506849315,0,,0,71.3,0.729312762973352,2025,4.1,2.4,1.1,5.5,0,0.9,1,0.2,0.2,81,18,34.6666666666667,50,,50,57,64,3,,,,,,,,2005-12-23
1022695,Jasmyn Smith,Western Bulldogs,38.8,11,2.73972602739726,0,,0,70.3,0.689900426742532,2025,4.9,3.9,1.5,3.2,0,0.7,0.5,0,0.1,65,14,40.8333333333333,36.4,,36.4,38.6666666666667,58,2,24,1,,,,,,2004-05-10
1024553,Kaylee Kimber,Western Bulldogs,26.5,8,0,1.33333333333333,100,0,82.6,0.401029055690073,2025,4.1,2.3,1.5,1.6,0,0.1,0.5,0,0,42,15,27,26.2,,26.2,29.3333333333333,37,2,0,0,,,,,,2003-09-13
1025517,Heidi Woodley,Western Bulldogs,43.4,8,0.684931506849315,0,,0,72.6,0.747245179063361,2025,5.9,2.1,1.3,4.4,0,0.6,1.3,0.5,0.4,70,21,47.6666666666667,40.8,,40.8,50.6666666666667,65,2,29.2,5,,,,,,2004-11-17
1025611,Sarah Poustie,Western Bulldogs,,,,,,,,,2025,,,,,,,,,,,,,,,,,74.5,3,,,117.3,15,84.5,3,,2006-01-05
1028464,Dominique Carruthers,Western Bulldogs,58.2,11,66.4383561643836,0,,0,75.8,0.95976253298153,2025,7.9,4.6,1.9,6.3,0,0.6,2.3,0.1,0,106,30,50.1666666666667,67.8,,67.8,74.6666666666667,44,2,37,8,,,,,,1995-08-31
1031390,Emma McDonald,Western Bulldogs,,,,,,,,,2025,,,,,,,,,,,,,,,,,69,3,,,77.7,13,54.2,3,,2006-04-18
1031784,Cleo Buttifant,Western Bulldogs,24.1,10,0,0,,0,75.9,0.396903820816864,2025,3.9,2.2,1.2,1.4,0,0.6,0.6,0,0,45,12,15.6,32.6,,32.6,33.6666666666667,41.3,4,,,,,,,,2005-05-03
296125,Ellie Blackburn,Western Bulldogs,96,3,19.8630136986301,0,,0,80,1.5,2025,14.7,9.3,1.3,6.3,0,2.3,0.3,0.3,0.7,110,83,96,,,96,96,0,0,100,10,,,,,,1995-03-25
296141,Louise Stephenson,Western Bulldogs,40.6,8,2.02020202020202,0,,2.38777459407832,64.5,0.786821705426357,2025,4.9,3,1.1,3.5,1.1,0.8,1.1,0.6,0.4,58,22,35.5,41,45,39.6,37.6666666666667,68,3,36.2,6,,,,,,1995-07-09
997728,Deanna Berry,Western Bulldogs,42.6,11,54.7945205479452,0,,0,70.1,0.75962910128388,2025,8.8,3.3,1.3,1.7,0,0.5,1.3,0.4,0.1,70,10,36.1666666666667,50.4,,50.4,57.3333333333333,0,0,64.2,5,,,,,,1998-05-07
1007030,Jamie Stanton,Gold Coast SUNS,32.9,10,0,0,,0,76,0.541118421052632,2025,5.3,1.2,1.9,1.8,0,0.4,0.6,0.4,0.7,43,20,35.2,30.6,,30.6,36,,,41.4,11,,,,,,1995-11-07
1009770,Elise Barwick,Gold Coast SUNS,40.7,10,16.9811320754717,0,,0,79,0.643987341772152,2025,6.2,4.1,1.3,3.3,0,1.2,2,0.2,0.4,56,18,40.4,41,,41,44.3333333333333,,,16.2,5,,,,,,1999-03-31
1009868,Maddy Brancatisano,Gold Coast SUNS,37.7,6,28.9308176100629,0,,0,65.2,0.722776073619632,2025,3.7,4.7,1,3.8,0,0.3,0.5,0,0.2,67,17,32,38.8,,38.8,45.3333333333333,,,52.5,11,,,,,,2000-09-05
1009880,Charlotte Wilson,Gold Coast SUNS,31.1,11,0,29.8850574712644,100,0,86.7,0.44838523644752,2025,5.1,3,1.5,1.5,0,0.4,0.4,0,0,45,13,33.2,29.3333333333333,,32.6,34.3333333333333,,,13.8,4,,,,,,2000-12-29
1009963,Lauren Bella,Gold Coast SUNS,58.5,11,84.2767295597484,0,,67.2456575682382,76,0.962171052631579,2025,3.4,4.8,0.6,2.8,27.7,1.4,1.2,0,0,82,33,59,58,,53.2,57.6666666666667,,,51.5,11,,,,,,2000-09-12
1010257,Clara Fitzpatrick,Gold Coast SUNS,32.6,10,0,2.29885057471264,50,0,80.4,0.506840796019901,2025,3.8,4.5,1.3,2.4,0,0.5,0.8,0.1,0,51,10,32.2,33,,33,35.6666666666667,,,40.4,8,,,,,,1990-10-01
1010662,Claudia Whitfort,Gold Coast SUNS,81.4,8,57.8616352201258,0,,0,73,1.39383561643836,2025,10.5,10.1,1.6,6,0,1.4,0.8,0.3,0.1,125,33,81.8,80.6666666666667,,80,80.6666666666667,,,96,11,,,,,,1999-07-31
1013028,Katie Lynch,Gold Coast SUNS,41.6,8,0,0,,0,81.9,0.634920634920635,2025,7.4,3.8,3.1,1.1,0,0.8,0.9,0,0,67,24,35,45.6,,45.6,48,,,54.2,6,,,,,,2000-04-06
1015068,Charlie Rowbottom,Gold Coast SUNS,106.4,11,88.6792452830189,0,,0.744416873449132,89.2,1.49103139013453,2025,14.6,13.2,3.9,7.9,0.1,2.1,3.2,0,0.1,163,77,117.4,97.1666666666667,,91.4,100.333333333333,,,113.1,9,,,,,,2003-10-22
1016781,Ella Maurer,Gold Coast SUNS,39.6,11,6.28930817610063,0,,0,68.8,0.719476744186047,2025,4.7,4.9,2.4,2.4,0,0.2,0.8,0.2,0.3,56,25,35.8,42.8333333333333,,45.2,41.3333333333333,,,26.3,4,,,,,,2002-02-01
1017314,Daisy D'Arcy,Gold Coast SUNS,66.8,10,23.8993710691824,33.3333333333333,93.1034482758621,0,71.7,1.16457461645746,2025,10.6,5.2,1.8,5.2,0,1.4,1.3,0.1,0.3,85,26,70.4,63.2,,63.2,54,,,62,11,,,,,,2002-12-12
1017322,Wallis Randell,Gold Coast SUNS,37.9,10,0,25.2873563218391,95.4545454545454,0,76.8,0.616861979166667,2025,6.5,2.7,1.4,2.4,0,0.7,0.5,0,0,59,14,33.2,42.6,,42.6,45.3333333333333,,,39.9,9,,,,,,2001-07-14
1021365,Annabel Kievit,Gold Coast SUNS,33.5,11,4.40251572327044,0,,0,67.7,0.618537666174298,2025,5.4,1.5,1.9,2.8,0,0.6,1.3,0.1,0.1,57,20,45,23.8333333333333,,22.8,23.6666666666667,,,,,,,,,,2005-09-22
1021456,Lucy Single,Gold Coast SUNS,83.9,8,58.4905660377359,0,,0,82.4,1.27275485436893,2025,11.1,9.5,1.5,7.6,0,1.8,2.1,0.1,0.4,115,44,90.5,77.25,,84.8,71.3333333333333,,,75.1,10,,,,,,2002-09-28
1021929,Keely Fullerton,Gold Coast SUNS,27.3,7,0,0,,0,64.8,0.52662037037037,2025,5.1,1.6,1.7,1,0,0.3,0.3,0,0.1,37,21,33,26.3333333333333,,27.4,29,,,,,,,,,,2005-01-30
1022192,Meara Girvan,Gold Coast SUNS,40.9,9,0,6.89655172413793,100,0,91.3,0.559967141292443,2025,7,4.8,2.4,1.6,0,0.3,1.4,0.1,0.1,71,21,32.3333333333333,45.1666666666667,,46.2,37,,,43.8,10,,,,,,1997-09-17
1022691,Ella K. Smith,Gold Coast SUNS,26,4,11.9496855345912,0,,0,53.8,0.604089219330855,2025,3,2.3,0.8,2.5,0,0.3,0.5,0.3,0,36,10,16.5,35.5,,26,27,,,20,1,,,,,,2004-05-27
1024535,Darcie Davies,Gold Coast SUNS,38.4,10,12.5786163522013,0,,16.7493796526055,65.2,0.736196319018405,2025,3.8,2.7,1.9,1.8,7.4,0.7,0.5,0.3,0.3,57,13,41,35.8,,35.8,36.3333333333333,,,33.5,10,,,,,,2005-06-14
1024536,Tara Harrington,Gold Coast SUNS,,,,,,,,,2025,,,,,,,,,,,,,,,,,,,,,95.8,3,0,0,,2006-03-24
1024541,Sienna McMullen,Gold Coast SUNS,0,0,0,0,,0,0,,2025,0,0,0,0,0,0,0,0,0,,,,,,,,,,,,,,,,,2007-07-15
1024549,Nyalli Milne,Gold Coast SUNS,,,,,,,,,2025,,,,,,,,,,,,,,,,,,,,,17,1,58.6,3,,2006-05-26
1024552,Havana Harris,Gold Coast SUNS,,,,,,,,,2025,,,,,,,,,,,,,,,,,,,,,113.6,4,80.1,3,,2006-07-01
1025163,Jacqueline Dupuy,Gold Coast SUNS,50.8,10,3.14465408805031,0,,13.7717121588089,79.2,0.801767676767677,2025,6.2,2.2,3.5,1.9,5.6,0.7,0.7,0.8,0.7,74,27,36.75,60.1666666666667,,58.2,52.6666666666667,,,66.8,11,,,,,,1994-07-19
1026104,Mia Salisbury,Gold Coast SUNS,,,,,,,,,2025,,,,,,,,,,,,,,,,,,,,,89.1,4,79.5,3,,2006-06-27
1026105,Kiara Bischa,Gold Coast SUNS,20.7,7,0,0,,0,67.8,0.381637168141593,2025,1.9,3.4,0.6,1.9,0,0.4,0.4,0,0,36,10,19.75,22,,24.2,22,,,,,,,,,,2005-04-15
1028846,Heidi Talbot,Gold Coast SUNS,,,,,,,,,2025,,,,,,,,,,,,,,,,,,,,,88.3,4,0,0,,2006-12-18
1028918,Ellie Veerhuis,Gold Coast SUNS,,,,,,,,,2025,,,,,,,,,,,,,,,,,,,,,74.4,3,55.7,3,,2006-01-18
1029613,Georgia Clayden,Gold Coast SUNS,48.7,11,1.88679245283019,0,,0,72.2,0.84314404432133,2025,8.5,2.8,2.9,2.1,0,0.3,0.2,0.1,0.1,87,28,52.6,45.5,,43.4,37,,,45.7,11,,,,,,1995-06-01
1033165,Niamh McLaughlin,Gold Coast SUNS,50.1,10,0.628930817610063,0,,0,94.1,0.665515409139214,2025,9.9,4.5,1.8,2.1,0,1.2,1.2,0,0,75,30,47.4,52.8,,52.8,52,,,37.9,11,,,,,,1993-08-31
1035370,Taya Oliver,Gold Coast SUNS,36,6,0,2.29885057471264,100,0,68.4,0.657894736842105,2025,4.7,2.8,1.2,2.2,0,0.7,0.3,0.7,0.5,55,14,,36,,40.4,33.6666666666667,,,,,,,,,,2001-10-17
997708,Lily Mithen,Gold Coast SUNS,54.8,11,18.0645161290323,0,,0,77.1,0.888456549935149,2025,6.5,5.5,2.1,4.8,0,1.1,0.8,0,0.1,75,31,56.4,53.5,,54.2,58,,,65.1,12,,,,,,1998-03-02
1001681,Jodie Hicks,Richmond,42,12,0,30.1369863013699,77.2727272727273,0,83.5,0.62874251497006,2025,6.7,2.3,1.3,3.7,0,0.3,0.5,0,0.1,72,25,35.1666666666667,49.2,47,44.2,47,,,55.2,10,,,,,,1997-01-19
1006666,Sarah Hosking,Richmond,32.8,8,0,0,,0,62.6,0.654952076677316,2025,3.8,2.3,1.6,2.8,0,0.8,1,0.5,0.4,56,16,39.75,25.75,,25.4,26,,,48.8,8,,,,,,1995-12-02
1006996,Lauren Brazzale,Richmond,39.4,11,0,14.2857142857143,100,0.222469410456062,74.7,0.659303882195449,2025,7.4,2.5,2,1.9,0,0.3,0.5,0,0.1,71,16,29.5,51.2,,51.2,50,53.6,3,43.1,10,,,,,,1993-11-05
1007327,Montana McKinnon,Richmond,0,0,0,0,,0,0,,2025,0,0,0,0,0,0,0,0,0,,,,,,,,,,45.8,10,,,,,,2001-07-14
1009856,Grace Egan,Richmond,63.1,12,67.2514619883041,0,,0,74.6,1.05730563002681,2025,8.3,10.5,2,3.6,0,0.8,1.4,0,0.3,75,46,62,65.4,58,63.6,69,,,81.2,10,,,,,,2000-06-01
1010104,Monique Conti,Richmond,95.3,12,87.1345029239766,0,,0,88.1,1.35215664018161,2025,13,12.5,2,6.5,0,1.8,1.4,0.2,0.8,134,75,98.1666666666667,94.2,83,88.8,84.3333333333333,,,106.5,10,,,,,,1999-12-09
1010688,Madelaine Shevlin,Richmond,39,9,0,0,,0,64.2,0.759345794392523,2025,7.6,1.7,1.4,1.7,0,0.6,0.7,0.6,0.1,58,13,42.8,41.3333333333333,13,32.8,31.3333333333333,,,42.1,10,,,,,,1997-09-21
1012668,Caitlin Greiser,Richmond,44.3,12,0,0,,5.78680203045685,78.2,0.708120204603581,2025,5.4,2.1,2.3,2,1.3,0.9,0.1,1.1,0.7,72,21,43.8333333333333,39.4,71,42.2,42.3333333333333,,,42.8,9,,,,,,1999-02-17
1012692,Kate Dempsey,Richmond,67.8,12,0,0,,0,84.6,1.00177304964539,2025,11.5,4.7,3.8,3,0,1,0.3,0.1,0,101,24,72.8333333333333,70.6,24,55.2,56,,,73.9,10,,,,,,1995-03-25
1012700,Bethany Lynch,Richmond,48.3,12,0.584795321637427,0,,0,84,0.71875,2025,5.8,3.8,1.8,4.9,0,1.5,1.2,0.1,0,75,26,44,52.2,55,48.2,52.3333333333333,,,45.1,9,,,,,,1997-05-19
1014375,Ellie McKenzie,Richmond,64.8,12,71.9298245614035,0,,0.203045685279188,81,1,2025,9.8,7.2,2.7,3.6,0.2,1,1.5,0.3,0.2,98,37,66.6666666666667,64.4,55,55.8,56.6666666666667,,,61,1,,,,,,2002-10-17
1014781,Emelia Yassir,Richmond,35.5,12,0,0,,0,72.4,0.612914364640884,2025,3.2,2.6,1.3,3.3,0,0.8,0.9,0.9,0.3,58,20,37.5,32.2,40,34.2,34.3333333333333,,,34.2,10,,,,,,2003-09-25
1014882,Laura McClelland,Richmond,33,8,9.35672514619883,0,,12.5888324873096,68.9,0.598693759071117,2025,3.8,3.8,0.9,2.3,4,0.5,0.8,0,0.4,49,19,28.3333333333333,47,,34.2,37.6666666666667,,,30,10,,,,,,2001-07-03
1016865,Poppy Kelly,Richmond,71.9,10,70.7602339181287,0,,54.2131979695432,75.6,1.18882275132275,2025,5.5,5.5,2.6,2.7,27.4,0.5,0.9,0.1,0,95,38,74.5,76.6,38,71.4,63,,,40.6,9,,,,,,1998-12-10
1017023,Rebecca Miller,Richmond,38.2,12,0,67.1232876712329,79.5918367346939,0.203045685279188,82.3,0.580194410692588,2025,7.6,3,1.5,1.9,0.1,0.2,1,0,0,68,19,40,30,68,34.4,44,,,34.7,7,,,,,,1995-08-10
1017025,Gabrielle Seymour,Richmond,36.4,12,0,1.36986301369863,100,0.101522842639594,89.5,0.508379888268156,2025,4.7,4,1.8,2.6,0,0.6,0.6,0,0,56,19,34.6666666666667,36.4,47,38.8,42.3333333333333,,,65.9,8,,,,,,1996-10-28
1019681,Charley Ryan,Richmond,29.2,6,0,0,,0,55.5,0.657657657657658,2025,3.2,3.5,1.2,2.5,0,0.7,0.5,0,0,53,12,24.3333333333333,34,,30.2,34,,,0,0,,,,,,2004-02-09
1019762,Paige Scott,Richmond,36.9,7,4.40251572327044,0,,0,73.7,0.62584803256445,2025,4.9,4,2.9,2.6,0,0.7,2.4,0.3,0.3,65,15,35,38.25,,39,29.3333333333333,,,49.7,11,,,,,,2004-06-25
1021524,Elizabeth Graham,Richmond,24.3,12,0,0,,0,89.3,0.340145576707727,2025,4.4,2.8,1.5,1,0,0.1,1.1,0,0,40,10,27.6666666666667,19.8,26,22.4,29.6666666666667,,,28,10,,,,,,1997-09-12
1021529,Tessa Lavey,Richmond,42.2,11,3.50877192982456,0,,0,72.6,0.726584022038568,2025,5.5,6.5,0.9,2.6,0,0.3,0.3,0,0,58,19,42.4,45.2,26,41.2,38,,,0,0,,,,,,1993-03-29
1021851,Lulu Beatty,Richmond,29,4,0,1.25,100,0,67.6,0.536242603550296,2025,3.8,3.3,0.5,2.8,0,0.3,0.5,0,0,37,23,29,,,29,30.3333333333333,83,6,0,0,,,,,,2004-04-06
1021923,Sierra Grieves,Richmond,,,,,,,,,2025,,,,,,,,,,,,,,,,,,,,,114.5,13,97.5,3,,2006-05-18
1024984,Ally Dallaway,Richmond,46.2,12,11.6959064327485,0,,0,73.7,0.783582089552239,2025,3.5,5.8,1.2,5.5,0,0.5,0.8,0.1,0,67,25,43,51,41,46.4,46.6666666666667,,,49.5,10,,,,,,1999-01-22
1026016,Montana Beruldsen,Richmond,42.4,8,2.32558139534884,0,,0,79.8,0.664160401002506,2025,6.3,2.6,2.1,3.4,0,0.8,1.4,0.3,0.4,64,20,40.8,45,,48,45,,,23.8,6,,,,,,1999-02-25
1026531,Charli Wicksteed,Richmond,0,0,0,0,,0,0,,2025,0,0,0,0,0,0,0,0,0,,,,,,,,,,29.6,8,,,,,,2002-11-04
1031379,Zoe Hargreaves,Richmond,,,,,,,,,2025,,,,,,,,,,,,,,,,,,,,,90.4,14,63.3,3,,2006-06-03
1031398,Isabel Bacon,Richmond,24.7,11,0,0,,0,75.4,0.40948275862069,2025,2.6,1.7,0.5,3.1,0,0.5,0.4,0,0,41,4,26.4,23.2,24,19.8,24.6666666666667,,,,,,,,,,2005-04-11
1031412,Mackenzie Ford,Richmond,32,11,0.584795321637427,0,,0,68.1,0.587371512481645,2025,2,3.3,0.5,4,0,0.2,0.1,0.3,0.3,48,12,35.2,30.4,24,28.2,30,,,,,,,,,,2005-04-27
1031857,Shelby Knoll,Richmond,0,0,0,0,,0,0,,2025,0,0,0,0,0,0,0,0,0,,,,,,,,,,0,0,,,,,,2000-10-31
1042794,Aoibhin Cleary,Richmond,,,,,,,,,2025,,,,,,,,,,,,,,,,,,,,,,,,,,1999-04-29
997743,Katelyn Cox,Richmond,0,0,0,0,,0,0,,2025,0,0,0,0,0,0,0,0,0,,,,,,,,,,32.2,10,,,,,,1998-06-01
998157,Katie Brennan,Richmond,55.4,11,0,0,,2.84263959390863,78.4,0.883290816326531,2025,7.5,2.2,3.4,3.1,0.3,0.7,1.1,1.2,1.4,85,16,60.4,46.2,76,54.4,62.3333333333333,,,71.6,10,,,,,,1992-10-02
1005865,Jessica Hosking,West Coast Eagles,50.4,8,9.55414012738854,0,,0,80.8,0.77970297029703,2025,5.3,3.1,2,5.1,0,1.1,0.9,0.5,0.4,87,24,63.25,37.5,,47.4,42,,,17.7,3,,,,,,1995-12-02
1007029,Belinda Smith,West Coast Eagles,38.4,10,0.636942675159236,2.89855072463768,100,0,74.2,0.646900269541779,2025,4.8,2.6,1.9,3.4,0,0.4,0.5,0.1,0,70,27,41.5,33.75,,32.4,31,,,61.9,10,,,,,,1995-06-01
1009907,Roxanne Roux,West Coast Eagles,27.5,6,0.636942675159236,0,,2.76243093922652,74.6,0.460790884718499,2025,3.5,2,1,1.7,1.7,1.2,0.3,0.2,0.5,54,12,22,28.6,,28.6,25.6666666666667,,,21.2,5,,,,,,2001-11-10
1012259,Jaide Britton,West Coast Eagles,52.1,9,0,0,,0,78,0.834935897435897,2025,6.8,5.9,2.8,3.3,0,0.3,0.7,0,0,83,22,60.75,45.2,,45.2,56,,,39.3,7,,,,,,2002-12-13
1012712,Alison Drennan,West Coast Eagles,79.9,11,73.2484076433121,0,,0,80,1.2484375,2025,10.2,9.6,1.9,5.8,0,2.2,0.7,0.2,0,134,34,86.1666666666667,72.4,,72.4,86.3333333333333,,,77.3,11,,,,,,1991-01-30
1017333,Isabella Lewis,West Coast Eagles,75.8,11,69.4267515923567,0,,0,81.9,1.15689865689866,2025,13.1,6.7,3.4,3.5,0,1.3,1.7,0.5,0.4,108,46,76.5,75,,75,76.3333333333333,,,72.6,10,,,,,,2002-11-16
1017342,Sophie McDonald,West Coast Eagles,2,1,0,0,,0,25.1,0.099601593625498,2025,0,1,0,0,0,0,0,0,0,2,2,2,,,2,2,,,21.9,10,,,,,,2000-08-06
1017514,Liz McGrath,West Coast Eagles,0,0,0,0,,0,0,,2025,0,0,0,0,0,0,0,0,0,,,,,,,,,,0,0,,,,,,1997-12-23
1021411,Amy Franklin,West Coast Eagles,29.1,7,0,0,,2.09944751381215,83.5,0.43562874251497,2025,3.9,1.4,1.6,1,0.4,0.6,0.6,1,0.7,57,6,24,36,,29.2,36,,,19.1,8,,,,,,2003-02-04
1021415,Courtney Rowley,West Coast Eagles,47,3,14.6496815286624,0,,0,70.9,0.828631875881523,2025,4.7,7,2,3.7,0,1.3,1,0,0,66,30,,47,,47,47,,,45.4,10,,,,,,2003-09-24
1021416,Beth Schilling,West Coast Eagles,39.1,10,0,0,,1.65745856353591,81.4,0.600429975429976,2025,5.2,3.6,2.6,2.3,0.5,0.9,0.7,0,0,74,19,35.3333333333333,44.75,,41.2,46.3333333333333,,,27,2,,,,,,2003-12-01
1021419,Charlotte Thomas,West Coast Eagles,70.4,11,0.636942675159236,85.5072463768116,91.5254237288136,0.331491712707182,89.2,0.986547085201794,2025,16.9,2.4,3.3,1.8,0,1.1,1.1,0,0,88,44,67.1666666666667,74.2,,74.2,67.3333333333333,,,72.7,10,,,,,,2003-09-05
1022133,Annabel Johnson,West Coast Eagles,0,0,0,0,,0,0,,2025,0,0,0,0,0,0,0,0,0,,,,,,,,,,45,1,,,,,,2000-11-06
1022775,Lucia Painter,West Coast Eagles,,,,,,,,,2025,,,,,,,,,,,,,,,,,,,,,109.4,11,84,3,,2006-02-23
1022818,Sarah Lakay,West Coast Eagles,49.8,9,43.312101910828,0,,37.1270718232044,62,1.00403225806452,2025,4.6,2.4,1.2,2.6,18.9,1.1,1.1,0.1,0,91,28,38.4,64,,56.8,74,,,63.5,2,,,,,,2003-02-20
1022823,Ella Roberts,West Coast Eagles,92.3,11,66.2420382165605,0,,0.110497237569061,90.6,1.27345474613687,2025,12.4,9,4.5,5.5,0,1.9,1.5,0.5,0.8,127,55,92.1666666666667,92.4,,92.4,92,,,83.5,10,,,,,,2004-12-17
1022825,Lauren Wakfer,West Coast Eagles,41.8,11,26.1146496815287,0,,28.0662983425414,75.1,0.695739014647137,2025,4.8,2.2,0.6,3.9,7.6,1.1,1.4,0.1,0.3,70,24,45.5,37.4,,37.4,32,,,39.5,10,,,,,,2004-04-23
1023815,Abbygail Bushby,West Coast Eagles,45.2,9,24.203821656051,0,,0.110497237569061,60.7,0.930807248764415,2025,7.1,4.6,2.6,1.8,0,0.6,0.4,0.1,0.1,64,32,41.5,48.2,,48.2,48.3333333333333,,,41.8,4,,,,,,2004-07-29
1023857,Georgie Cleaver,West Coast Eagles,28.3,11,7.64331210191083,1.44927536231884,100,12.1546961325967,81,0.436728395061728,2025,3.5,2.6,1,2.4,2.5,0.4,0.9,0,0,48,5,27.5,29.2,,29.2,24.3333333333333,,,,,,,,,,2005-08-14
1023952,Lucy Boyd,West Coast Eagles,,,,,,,,,2025,,,,,,,,,,,,,,,,,,,,,,,58.1,3,,2006-10-12
1025428,Jessica Rentsch,West Coast Eagles,24.3,8,0,0,,0,74.2,0.409366576819407,2025,3.8,2.6,0.8,1.8,0,0.4,0.6,0,0,32,12,26.5,17.5,,23,20,,,,,,,,,,2005-11-10
1025526,Kayley Kavanagh,West Coast Eagles,0,0,0,0,,0,0,,2025,0,0,0,0,0,0,0,0,0,,,,,,,,,,,,,,,,,2005-07-06
1025962,Charlotte Riggs,West Coast Eagles,,,,,,,,,2025,,,,,,,,,,,,,,,,,,,,,,,56.8,3,,2006-11-02
1026170,Mikayla Western,West Coast Eagles,43.7,11,0,0,,0,79.7,0.685382685069009,2025,5.3,2.5,0.8,4.8,0,0.7,0.7,0.4,0.5,58,30,46.5,40.4,,40.4,38.3333333333333,,,32.9,9,,,,,,1998-07-01
1027545,Kayla Dalgleish,West Coast Eagles,,,,,,,,,2025,,,,,,,,,,,,,,,,,,,,,77,13,36.9,3,,2006-07-15
1027611,Zoe Wakfer,West Coast Eagles,31.5,11,0,0,,0.441988950276243,79.5,0.495283018867925,2025,4.5,2.7,2.4,1.8,0.1,0.9,1,0,0,65,8,25.1666666666667,39,,39,44.6666666666667,,,27,6,,,,,,2004-04-23
1035689,Courtney Lindgren,West Coast Eagles,,,,,,,,,2025,,,,,,,,,,,,,,,,,,,,,,,,,,2002-01-13
1037133,Sanne Bakker,West Coast Eagles,34.5,11,15.9235668789809,0,,0,76.4,0.56446335078534,2025,3.1,2,1,5.4,0,0.8,1.4,0,0,52,18,36.8333333333333,31.6,,31.6,35,,,,,96.8,3,,,,2005-10-29
998032,Emma Swanson,West Coast Eagles,58.1,10,7.00636942675159,10.1449275362319,100,0,89.8,0.808741648106904,2025,10.6,3.9,3,2.9,0,0.6,0.9,0,0,75,38,56.4,59.8,,59.8,57.6666666666667,,,92.7,10,,,,,,1995-02-27
998041,Kellie Gibson,West Coast Eagles,40.5,10,0,0,,0.994475138121547,82.4,0.614381067961165,2025,5.5,1.8,2,2.9,0,0.6,0.9,0.8,0.1,68,11,53.6666666666667,20.75,,26.2,15.6666666666667,,,44.8,10,,,,,,1996-06-09
998156,Dana Hooker,West Coast Eagles,0,0,0,0,,0,0,,2025,0,0,0,0,0,0,0,0,0,,,,,,,,,,71.5,10,,,,,,1991-01-23
1004415,Jaimee Lambert,St Kilda,87.3,11,80,0,,0,83,1.31475903614458,2025,11.5,7.5,2.3,7.3,0,2.7,0.8,0.2,0.5,118,66,84.4,89.6666666666667,,90.8,90,0,0,84,10,,,,,,1992-11-06
1005452,Nicola Barr,St Kilda,67.3,3,0,0,,0,68.9,1.22097242380261,2025,8.7,10,4,2.3,0,1,0.3,0,0,116,14,67.3333333333333,,,67.3333333333333,67.3333333333333,0,0,71,10,,,,,,1996-06-03
1007025,Natalie Plane,St Kilda,33.6,7,0,0,,0,66.4,0.632530120481928,2025,4,2.1,0.9,3.4,0,0.4,0.1,0.1,0.1,66,7,20,35.8333333333333,,37.2,47.3333333333333,58,2,35.9,7,,,,,,1996-08-04
1009838,Jesse Wardlaw,St Kilda,65.4,11,7.33333333333333,0,,15.121412803532,93.4,0.875267665952891,2025,9.2,2.7,4.8,1.8,4.8,1.3,1.3,1.3,0.7,99,28,65,65.6666666666667,,73.2,71.3333333333333,0,0,56.2,10,,,,,,2000-01-13
1009855,Darcy Guttridge,St Kilda,37.1,11,0,0,,0,77.4,0.599160206718346,2025,5.1,2.4,2.3,2,0,0.4,0.5,0.5,0.3,63,4,38,36.3333333333333,,38.2,31,70,1,35.7,7,,,,,,1999-10-30
1009866,Rene Caris,St Kilda,32.7,7,26.6666666666667,0,,23.9514348785872,52.8,0.774147727272727,2025,3.1,2.6,1.3,1.4,9.6,1.1,1,0.1,0,54,14,30.5,35.6666666666667,,33.4,35.6666666666667,0,0,37.6,5,,,,,,1999-03-18
1009867,Georgia Patrikios,St Kilda,0,0,0,0,,0,0,,2025,0,0,0,0,0,0,0,0,0,,,,,,,,0,0,66.6,10,,,,,,2001-03-30
1009873,Olivia Vesely,St Kilda,53.6,10,32.6666666666667,0,,0,78.4,0.854591836734694,2025,7.6,4.8,2.1,4.5,0,0.8,1.5,0.1,0,93,34,64.4,42.8,,42.8,42.6666666666667,0,0,68,10,,,,,,1999-12-06
1012987,Serene Watson,St Kilda,67.6,11,0,86.1538461538462,78.5714285714286,0,88.5,0.954802259887006,2025,12.7,3.9,3.8,2.7,0,0.3,0.4,0,0.1,96,37,63,71.5,,72.8,75,0,0,31.9,9,,,,,,2001-11-03
1013017,Molly McDonald,St Kilda,58.5,11,0,0,,0,83.1,0.879963898916968,2025,10.7,2.5,2.6,2.9,0,0.8,0.3,0.3,0.1,79,36,61.6,56,,51.4,53.6666666666667,0,0,46.2,10,,,,,,2001-05-04
1014556,Hannah Priest,St Kilda,43.5,11,0,0,,0,82.5,0.659090909090909,2025,5.4,3.2,2.9,3.4,0,0.5,0.5,0,0,97,16,46.2,41.3333333333333,,45.4,46,0,0,62,10,,,,,,1992-05-16
1014835,Tyanna Smith,St Kilda,80.3,11,83.3333333333333,0,,0.11037527593819,81.7,1.22858017135863,2025,10,5.7,1.4,8.2,0,1.8,1,0.5,0.5,127,56,76.8,83.1666666666667,,74.4,69.3333333333333,0,0,74.4,10,,,,,,2002-10-29
1014841,Ashleigh Richards,St Kilda,55.5,11,4,0,,0,82.7,0.838875453446191,2025,6.6,3.8,2.5,4.3,0,1.6,0.7,0.6,0.3,76,24,47.2,62.5,,63.6,65,0,0,36,10,,,,,,2003-10-22
1014962,Ella Friend,St Kilda,21.1,8,0.666666666666667,0,,0.551876379690949,63.2,0.417325949367089,2025,2.8,1.4,2,1,0,0.5,0.8,0.3,0.4,37,5,17,25.25,,27.6,27,50.5,2,24,9,,,,,,2003-12-30
1015060,Nicola Xenos,St Kilda,52,5,12,0,,0,76.3,0.851900393184797,2025,4.4,3.6,1.2,7.6,0,0.6,1.2,0,0.6,75,29,52,,,52,52,0,0,52.2,9,,,,,,2001-03-08
1015094,Alice Burke,St Kilda,32.6,10,0,0,,0,70.2,0.58048433048433,2025,4.3,2.5,1.5,2.5,0,0.5,0.1,0,0,46,16,27.8,37.4,,37.4,35.6666666666667,0,0,26.8,9,,,,,,2002-10-03
1015147,Charlotte Baskaran,St Kilda,32.6,5,0,0,,0,67.3,0.605497771173849,2025,2.6,4.6,0.2,3.2,0,0.8,0.8,0.6,0.2,46,14,34.6666666666667,29.5,,32.6,27.6666666666667,79,2,54.5,10,,,,,,2004-12-09
1015163,Kiera Whiley,St Kilda,26,3,13.3333333333333,0,,0,59.2,0.548986486486486,2025,2.3,2,0.3,4,0,0,0.7,0,0,37,16,,26,,26,26,25.8,3,,,,,,,,2005-04-07
1016868,Hannah Stuart,St Kilda,30.5,6,0,0,,0,69.2,0.550939306358382,2025,3.7,2.2,1.2,2.2,0,0.5,0.5,0.7,0,52,16,34,28.75,,26.2,30,63.5,2,38,2,,,,,,1993-12-24
1019689,Amber Clarke,St Kilda,26.1,9,0,0,,0,64.8,0.503472222222222,2025,4.2,1.6,1.8,0.9,0,0.1,1,0.7,0.3,62,-1,16.5,36.25,24,33.8,43,0,0,37.6,10,,,,,,2004-12-22
1019734,Charlotte Simpson,St Kilda,55.7,10,47.3333333333333,0,,0,65.8,1.05813069908815,2025,7.1,4.1,1.5,5.8,0,0.9,0.8,0,0,83,31,60.25,52.6666666666667,,55.6,48.3333333333333,17,1,,,,,,,,2004-03-02
1021367,J'Noemi Anderson,St Kilda,38.3,9,23.3333333333333,0,,0,70.5,0.679078014184397,2025,4.8,1.1,1.3,4,0,1.3,0.6,0.3,0.1,64,16,33.6666666666667,40.6666666666667,,42.2,46.3333333333333,81,2,19.2,5,,,,,,2004-12-17
1021793,Paige Trudgeon,St Kilda,41.9,11,0,0,,0,94.4,0.554819915254237,2025,5.6,2.9,2.3,3.4,0,1.1,0.9,0.1,0,64,13,42.4,41.5,,37,33.3333333333333,0,0,41.5,2,,,,,,2000-08-10
1021945,Rebecca Ott,St Kilda,29.5,2,0,1.53846153846154,100,0.33112582781457,82.6,0.446428571428571,2025,4,3,2.5,1.5,0.5,0.5,1,0,0,44,15,,29.5,,29.5,29.5,0,0,0,0,,,,,,1994-08-09
1022701,Alana Gee,St Kilda,0,0,0,0,,0,0,,2025,0,0,0,0,0,0,0,0,0,,,,,,,,0,0,37.6,7,,,,,,2004-04-20
1023427,Lilu Hung,St Kilda,,,,,,,,,2025,,,,,,,,,,,,,,,,,,,,,62.6,4,42.6,3,,2005-06-07
1025521,Kyla Forbes,St Kilda,,,,,,,,,2025,,,,,,,,,,,,,,,,,66,2,,,77.5,12,38,3,,2006-09-07
1026218,Emmelie Fiedler,St Kilda,50.8,6,29.3333333333333,0,,30.5739514348786,62.5,1.016,2025,2.2,2.3,1.2,3.8,20.3,1.3,0.3,0,0.2,77,24,52,49.6666666666667,,50.4,49.6666666666667,11,1,0,0,,,,,,2002-04-05
1027544,Zoe Besanko,St Kilda,,,,,,,,,2025,,,,,,,,,,,,,,,,,58,2,,,68.1,15,47.6,3,,2006-05-25
296158,Bianca Jakobsson,St Kilda,43.4,10,0.666666666666667,0,,0,77.4,0.700904392764858,2025,5.5,3.9,2.7,3.2,0,0.9,0.9,0,0,74,3,51.4,35.4,,35.4,35.3333333333333,0,0,37.3,10,,,,,,1993-03-30
998164,Nicola Stevens,St Kilda,41.3,11,0.666666666666667,12.3076923076923,62.5,0.22075055187638,80.4,0.642101990049751,2025,6.5,2.6,1.9,2.6,0,0.9,0.2,0,0,64,23,37.2,44.6666666666667,,47.4,44.3333333333333,0,0,39.1,10,,,,,,1993-03-24
1005361,Daria Bannister,Essendon,53.8,12,0.628930817610063,0,,0,75.7,0.888375165125495,2025,6.7,3.3,2.7,3.3,0,2.1,0.5,0.8,0.7,89,27,53.8,56.6666666666667,36,47,57.3333333333333,0,0,51.5,6,,,,,,1999-04-20
1005374,Ellyse Gamble,Essendon,33.4,10,3.14465408805031,3.07692307692308,100,6.06673407482305,79.4,0.525818639798489,2025,3.6,3,1.7,1.8,1.2,0.8,0.5,0.6,0.2,51,20,29.3333333333333,37.6666666666667,20,35.8,37.6666666666667,0,0,33.6,11,,,,,,1997-09-16
1006997,Stephanie Cain,Essendon,65.7,12,69.1823899371069,0,,0,78.3,1.04885057471264,2025,7,6.8,2.3,6.1,0,1.1,0.8,0.2,0,108,43,65,59.1666666666667,108,65,69.3333333333333,0,0,60.1,8,,,,,,1996-06-04
1009765,Sophie Van De Heuvel,Essendon,53.8,5,0,1.53846153846154,100,0,85.5,0.786549707602339,2025,9.8,3.2,2,3.2,0,0.4,0.4,0,0,75,41,53.8,,,53.8,62.3333333333333,0,0,55,10,,,,,,2000-12-10
1009857,Georgia Clarke,Essendon,51.3,12,0,27.6923076923077,88.8888888888889,0.101112234580384,83.1,0.771660649819495,2025,8,5.5,4.3,1,0,0.5,0.3,0,0,95,20,32.2,67.1666666666667,51,64,54.6666666666667,0,0,34.6,11,,,,,,2000-06-23
1009885,Madison Prespakis,Essendon,84.5,12,83.6477987421384,0,,0,76.3,1.38433813892529,2025,14.7,8.8,2.7,3.1,0,2.3,0.6,0.3,0.6,116,28,92.6,87.1666666666667,28,76.4,61.3333333333333,0,0,96.5,11,,,,,,2000-11-02
1009976,Maddison Gay,Essendon,80.3,12,1.25786163522013,67.6923076923077,90.9090909090909,0,88.9,1.12907761529809,2025,15.3,4.7,4.8,3.1,0,0.7,0.8,0,0.2,124,51,71.4,91.3333333333333,58,91.4,89.6666666666667,0,0,54,8,,,,,,1996-09-28
1010264,Alexandra Morcom,Essendon,42.4,12,2.51572327044025,0,,0,80.6,0.6575682382134,2025,6.3,3.8,2.4,2.5,0,0.5,1,0.2,0,65,15,34,45.6666666666667,65,52.2,56,0,0,28.8,8,,,,,,1996-08-22
1010279,Elizabeth Keaney,Essendon,65.4,12,0,0,,0.101112234580384,77.6,1.0534793814433,2025,10,4.7,3.3,4.9,0,0.2,1.3,0.1,0,93,33,59.2,66.3333333333333,91,77,86.3333333333333,0,0,57.2,11,,,,,,1991-12-22
1010690,Bonnie Toogood,Essendon,38.7,6,0,0,,0.606673407482305,64.4,0.751164596273292,2025,5.3,2.5,3,1.7,0,0.7,0.7,0.5,0.3,87,4,5,45.4,,45.4,42.3333333333333,0,0,102.2,11,,,,,,1997-12-08
1012558,Brooke Walker,Essendon,58.9,12,40.251572327044,0,,0,69.1,1.06548480463097,2025,5.1,6.8,2,5.9,0,0.6,0.6,0.3,0.2,104,39,57.8,63.1666666666667,39,53,50.6666666666667,0,0,54.3,11,,,,,,1995-01-03
1012580,Sophie Alexander,Essendon,49.2,12,7.54716981132076,0,,16.582406471183,81.4,0.755528255528256,2025,6.4,5,3.5,1.9,1.7,0.6,0.6,0.2,0.3,81,34,48.2,50.6666666666667,45,49,49.3333333333333,0,0,51.9,11,,,,,,1993-05-25
1013522,Georgia Nanscawen,Essendon,89.4,12,82.3899371069182,0,,0,82.1,1.36114494518879,2025,11.6,12,2,6.3,0,2.3,1.1,0.1,0.1,114,53,84,92.1666666666667,100,93.4,93,0,0,82.8,11,,,,,,1992-05-27
1015182,Mia Van Dyke,Essendon,0,0,0,0,,0,0,,2025,0,0,0,0,0,0,0,0,0,,,,,,,,34.5,2,24.2,6,,,,,,2004-12-29
1019705,Mia Busch,Essendon,36.6,7,0,0,,0,71,0.644366197183099,2025,6,3.3,2,2,0,0.1,0.7,0,0,50,19,,37.5,31,37.6,42,75,1,36.6,11,,,,,,2004-05-18
1021409,Matilda Dyke,Essendon,35.2,5,19.496855345912,0,,17.3913043478261,70,0.628571428571429,2025,4.2,3.8,1.2,2.6,6.2,0.2,1.8,0,0,42,30,34,32,42,35.2,35.3333333333333,46,1,38.9,8,,,,,,2002-02-21
1021412,Maggie MacLachlan,Essendon,,,,,,,,,2025,,,,,,,,,,,,,,,,,,,31.6,5,,,,,,2002-08-30
1021527,Brooke Brown,Essendon,42.2,5,0,0,,0,70.1,0.752496433666191,2025,6.4,5.4,4,0.2,0,0,0.2,0,0,51,32,,44,35,42.2,45,0,0,45,8,,,,,,1997-04-04
1022685,Brooke Sheridan,Essendon,0,0,0,0,,0,0,,2025,0,0,0,0,0,0,0,0,0,,,,,,,,0,0,0,0,,,,,,2004-09-08
1023389,Chloe Adams,Essendon,43.5,4,0,0,,0,63,0.863095238095238,2025,5,4,1.8,3,0,1,0.3,0.5,0,67,29,38,45.3333333333333,,43.5,45.3333333333333,92.5,2,,,,,,,,2005-12-13
1025525,Amy Gaylor,Essendon,54.3,12,3.77358490566038,0,,0,78.2,0.867966751918159,2025,6.8,5.3,3.3,3.3,0,0.8,0.4,0.1,0.1,79,21,39.8,64.1666666666667,67,67.8,67.3333333333333,68,1,,,,,,,,2005-08-23
1025565,Grace Belloni,Essendon,,,,,,,,,2025,,,,,,,,,,,,,,,,,67,1,,,90.7,15,83.5,3,,2006-09-09
1025631,Amelie Gladman,Essendon,,,,,,,,,2025,,,,,,,,,,,,,,,,,61.3,8,,,45.9,16,30,2,,2006-06-16
1025674,Emily Gough,Essendon,26.6,5,0.628930817610063,0,,3.13447927199191,68.1,0.488252569750367,2025,2.8,3,1,1.4,1.8,1,0.6,0.4,0.2,42,5,30.5,23.5,25,26.6,24,24,1,,,,,,,,2005-12-01
1026008,Amelia Radford,Essendon,60.9,12,11.3207547169811,0,,0,69.9,1.08905579399142,2025,10.1,5.3,3.3,2.6,0,0.6,0.5,0.2,0,106,35,57.6,64.8333333333333,54,68.2,66,0,0,48.5,11,,,,,,1995-07-13
1026263,Taya Chambers,Essendon,,,,,,,,,2025,,,,,,,,,,,,,,,,,64,1,,,,,52,3,,2006-07-16
1026395,Jess Verbrugge,Essendon,,,,,,,,,2025,,,,,,,,,,,,,,,,,,,,,,,,,,2004-02-04
1027783,Stephanie Wales,Essendon,80.3,10,69.1823899371069,0,,55.6117290192113,80.3,1.25,2025,7.9,5.5,2.4,3.5,23.4,1,0.6,0.3,0,115,64,83.6,77,,77,75,0,0,70,11,,,,,,2003-05-30
1030375,Sophie Strong,Essendon,,,,,,,,,2025,,,,,,,,,,,,,,,,,58,1,,,10,1,49.5,2,,2006-10-17
1031378,Holly Ridewood,Essendon,,,,,,,,,2025,,,,,,,,,,,,,,,,,31.5,2,,,96.6,15,60.7,3,,2006-12-27
1033167,Courtney Murphy,Essendon,6,1,0.591715976331361,0,,0.638297872340425,34.3,0.21865889212828,2025,1,0,0,1,1,1,1,0,0,6,6,6,,,6,6,53,1,0,0,,,,,,2000-07-11
1042256,Grace Brooker,Essendon,,,,,,,,,2025,,,,,,,,,,,,,,,,,18,1,,,,,,,,1999-06-20
997745,Georgia Gee,Essendon,54.9,8,0,0,,0,77.3,0.887774902975421,2025,6.4,7.1,2,3.5,0,0.3,0.1,0.3,0.1,91,30,55.6666666666667,60.5,30,54.4,57,0,0,50.6,8,,,,,,1999-10-28
1005866,Ainslie Kemp,Hawthorn,41.5,13,0,23.8805970149254,100,0,74.9,0.692590120160214,2025,8.2,1.8,3.5,0.9,0,0.4,0.4,0,0,69,19,42,47.3333333333333,22.5,35.2,29.3333333333333,0,0,19.8,4,,,,,,1997-03-18
1007017,Tilly Lucas-Rodd,Hawthorn,76.2,13,0,62.6865671641791,97.6190476190476,0,88.9,1.07142857142857,2025,14.2,6.1,3.7,2.8,0,0.3,0.4,0,0.1,108,48,86,76,52.5,71.8,54,0,0,84.1,10,,,,,,1996-04-18
1010658,Kristy Stratton,Hawthorn,27.3,3,0,0,,0,49,0.696428571428571,2025,2.3,3.3,1,2.3,0,0.3,0.3,0.3,0,37,9,36.5,9,,27.3333333333333,27.3333333333333,0,0,61.6,10,,,,,,1995-01-26
1012575,Casey Sherriff,Hawthorn,40.3,6,17.6767676767677,0,,0,68.8,0.73219476744186,2025,6.5,1.7,1.2,3.2,0,0.2,0.7,0.5,0.2,67,21,59,37,25,35,27.3333333333333,0,0,39.3,10,,,,,,1998-04-22
1013015,Tamara Smith,Hawthorn,57.5,13,0,0,,0,80.2,0.896197007481297,2025,7.2,4.6,3.1,4.8,0,0.8,1,0.1,0,85,13,63.6,47.5,72.5,66.2,76.6666666666667,0,0,48.9,9,,,,,,2000-06-05
1014559,Najwa Allen,Hawthorn,6,1,0,0,,0,51.1,0.146771037181996,2025,1,2,0,1,0,0,2,0,1,6,6,,6,,6,6,0,0,48.7,6,,,,,,1994-06-25
1014869,Jenna Richardson,Hawthorn,58.2,13,0,0,,0,90.4,0.804756637168142,2025,8,5.1,5.4,2.2,0,0.4,0.4,0,0,81,31,55.6,65.5,42.5,58.2,51.6666666666667,0,0,48.1,10,,,,,,2001-10-16
1018953,Aileen Gilroy,Hawthorn,63.5,13,9.5959595959596,0,,0,84.4,0.940462085308057,2025,12,1.3,1.4,3.5,0,0.8,0.4,1.1,0.8,96,25,68.4,61.3333333333333,58,61.2,61.6666666666667,0,0,55.2,10,,,,,,1993-03-01
1019035,Greta Bodey,Hawthorn,62.4,11,0.505050505050505,0,,0,87.6,0.89041095890411,2025,9.1,4.5,2.3,3.3,0,0.8,0.7,1.1,0.9,123,32,62.4,70.5,46,59.8,58,0,0,50.7,10,,,,,,1995-07-11
1019700,Mackenzie Eardley,Hawthorn,44.7,10,1.51515151515152,11.9402985074627,100,5.06208213944604,74.2,0.753032345013477,2025,5.1,2.5,2.2,3.7,1.5,0.7,0.8,0.4,0.8,74,16,58.5,32,42.5,33.2,44.6666666666667,0,0,45.6,9,,,,,,2004-01-13
1019821,Jasmine Fleming,Hawthorn,75.8,13,45.959595959596,0,,0,77.6,1.22100515463918,2025,12.1,6.5,2.3,4.5,0,1.2,0.7,0.4,0.3,100,52,74.6,78.6666666666667,70.5,77.4,67.6666666666667,0,0,59.2,10,,,,,,2004-11-05
1019828,Keely Coyne,Hawthorn,0,0,0,0,,0,0,,2025,0,0,0,0,0,0,0,0,0,,,,,,,,0,0,45.3,7,,,,,,2004-11-22
1019830,Bridie Hipwell,Hawthorn,39.5,11,0,0,,0,74.7,0.660977242302544,2025,4.4,2.7,1.5,3.8,0,0.5,0.9,0.5,0.5,79,11,43.75,40,29.5,39,25.3333333333333,0,0,35.1,10,,,,,,2004-06-15
1019883,Laura Elliott,Hawthorn,29.5,11,0,1.49253731343284,100,0,74.5,0.49496644295302,2025,5.2,2.3,1.9,1.3,0,0.3,0.5,0,0,53,8,25.6666666666667,33.1666666666667,24.5,37.4,34,0,0,43,8,,,,,,2004-10-27
1021819,Sophie Butterworth,Hawthorn,31,1,0,0,,0,85,0.455882352941176,2025,2,5,1,3,0,0,0,0,0,31,31,,31,,31,31,0,0,,,,,,,,2005-12-11
1021822,Mikayla Williamson,Hawthorn,46.8,13,0,0,,0,73.1,0.800273597811218,2025,5.5,4.6,1.8,3.5,0,0.5,0.2,0.2,0.1,66,12,49,44.1666666666667,49.5,43.6,46.6666666666667,0,0,,,,,,,,2005-05-08
1021824,Hayley McLaughlin,Hawthorn,28,6,0,0,,0,61.8,0.566343042071198,2025,1.8,3.5,0.3,3.5,0,0.5,0,0,0,51,12,23.5,30.25,,31.2,33,0,0,,,,,,,,2005-11-22
1021837,Laura Stone,Hawthorn,25.1,7,3.03030303030303,0,,0,57.5,0.545652173913044,2025,3.1,2.7,0.6,1.6,0,0.4,0.3,0.4,0.1,44,3,30.6,11.5,,22.4,22.3333333333333,0,0,,,,,,,,2005-11-22
1021844,Jess Vukic,Hawthorn,28.3,11,25.7575757575758,0,,24.5463228271251,46.4,0.76239224137931,2025,2.5,2.4,0.2,2.4,8.7,0.7,1.4,0.1,0,59,5,20.3333333333333,35.1666666666667,19.5,27.4,32.6666666666667,0,0,,,,,,,,2005-05-09
1022111,Eliza West,Hawthorn,87.1,13,83.8383838383838,0,,0,82.9,1.31332931242461,2025,8.2,13.8,1.2,7.8,0,1.5,1.2,0.3,0.1,130,64,95.8,86.6666666666667,66.5,74,70.6666666666667,0,0,70.9,11,,,,,,1997-05-26
1025507,Emily Everist,Hawthorn,38.6,11,0,0,,0,90.5,0.533149171270718,2025,5.5,3.3,2.5,2.3,0,0.6,0.5,0,0,49,19,39,36.25,42.5,39.4,38.3333333333333,0,0,43.9,9,,,,,,2004-07-17
1025671,Daisy Flockart,Hawthorn,,,,,,,,,2025,,,,,,,,,,,,,,,,,0,0,,,75.1,12,30.5,3,,2006-02-23
1026929,Lucy Wales,Hawthorn,78.5,13,70.7070707070707,0,,64.3744030563515,77.4,1.26776485788114,2025,6.4,5.5,2.3,4.5,25.8,1,1.2,0,0.1,121,39,82,82.6666666666667,57,70.6,54.3333333333333,0,0,64.9,9,,,,,,2003-05-30
1029626,ine McDonagh,Hawthorn,54.2,13,0,0,,3.43839541547278,90,0.752777777777778,2025,7.2,2.8,3.1,2.2,0.8,1.5,0.8,1.2,1.5,100,27,59.2,54.8333333333333,39.5,46.2,47.3333333333333,0,0,53.3,10,,,,,,1998-08-28
1031303,Elli Symonds,Hawthorn,,,,,,,,,2025,,,,,,,,,,,,,,,,,0,0,,,81.1,7,76,1,,2006-10-07
1031314,Grace Baba,Hawthorn,,,,,,,,,2025,,,,,,,,,,,,,,,,,0,0,,,43,10,9,1,,2006-09-17
1033875,Rebecca Clottey,Hawthorn,,,,,,,,,2025,,,,,,,,,,,,,,,,,0,0,,,58,12,7,1,,2006-05-05
1037024,Lavinia Cox,Hawthorn,,,,,,,,,2025,,,,,,,,,,,,,,,,,0,0,,,73.2,11,42,2,,2006-01-31
997649,Kaitlyn Ashmore,Hawthorn,54.1,13,0,0,,0,74.2,0.911388140161725,2025,7.5,3.6,2.8,3.4,0,1,0.3,0.3,0.2,72,37,57.8,52.8333333333333,48.5,54.6,54.6666666666667,0,0,66,10,,,,,,1991-11-08
998155,Emily Bates,Hawthorn,86.3,12,79.7979797979798,0,,0,81.9,1.31715506715507,2025,10.5,10.5,2.5,7.1,0,1.7,2.2,0.4,0.3,127,53,80.25,86.5,98,93,83,0,0,93.2,10,,,,,,1995-10-18
1005264,Ashleigh Saint,Port Adelaide,57,14,28.5024154589372,0,,10.2145922746781,85.1,0.837250293772033,2025,7.5,3.6,1.3,4.5,2.1,0.5,0.5,0.6,0.6,82,24,50.8333333333333,62.2,60.6666666666667,59.6,60.6666666666667,,,42.7,9,,,,,,1998-09-09
1005955,Justine Mules-Robinson,Port Adelaide,40.9,14,0,0,,0,74.1,0.689946018893387,2025,5.5,2.4,0.9,4,0,0.5,0.5,0.3,0.2,61,18,39.3333333333333,43.6,39.3333333333333,39.4,39.3333333333333,,,43,10,,,,,,1994-12-15
1007141,Gemma Houghton,Port Adelaide,48.1,14,0,0,,5.66523605150215,84.8,0.709021226415095,2025,6.9,3.2,1.6,2.9,0.4,0.6,1.5,1.2,0.9,78,20,42.6666666666667,46.8,61,54,61,,,77.5,10,,,,,,1993-12-31
1007360,Ebony O'Dea,Port Adelaide,31.5,14,0,2.12765957446809,100,0,82.5,0.477272727272727,2025,5.2,1.4,0.8,2.8,0,1,0.6,0.1,0,49,16,29.5,31.6,35.3333333333333,33,35.3333333333333,,,37.6,10,,,,,,1994-12-15
1011062,Cheyenne Hammond,Port Adelaide,34.5,14,30.4347826086957,0,,0,72.8,0.592376373626374,2025,3.9,3,0.3,4.4,0,0.6,0.9,0,0.1,53,13,31,34,42.3333333333333,41,42.3333333333333,,,35.6,10,,,,,,1998-07-29
1012241,Abbey Dowrick,Port Adelaide,79.4,13,63.2850241545894,0,,0,77.7,1.27734877734878,2025,12.7,4.6,1.2,6.8,0,1,0.9,0.5,0.5,100,60,76.5,83,80.3333333333333,84,80.3333333333333,,,85.9,10,,,,,,2002-09-23
1012253,Jasmin Stewart,Port Adelaide,35,5,0.966183574879227,0,,0,68.9,0.634978229317852,2025,4.6,3,1.8,2.6,0,1,0.6,0,0.2,48,16,,35,,35,39.6666666666667,,,47,10,,,,,,1998-11-04
1014624,Indy Tahau,Port Adelaide,0,0,0,0,,0,0,,2025,0,0,0,0,0,0,0,0,0,,,,,,,,,,40.3,4,,,,,,2002-10-22
1019059,Maria Moloney,Port Adelaide,64.1,14,76.3285024154589,0,,0,74.9,1.06975967957276,2025,8.5,4.2,1.2,6.6,0,1.7,0.8,0.1,0.1,94,35,70,64.6,51.6666666666667,60.2,51.6666666666667,,,71.3,7,,,,,,1995-03-29
1019060,Janelle Cuthbertson,Port Adelaide,33.5,2,0,0,,0,66.3,0.631598793363499,2025,5,0.5,3,2.5,0,0,0.5,0,0,47,20,33.5,,,33.5,33.5,,,39.2,6,,,,,,1990-09-03
1019509,Katelyn Pope,Port Adelaide,35.2,11,0,0,,0,65.6,0.670731707317073,2025,5.3,2.5,0.7,2.8,0,0,0.1,0.2,0.2,57,13,36.3333333333333,32,39.3333333333333,36.6,39.3333333333333,,,31.3,8,,,,,,1996-03-29
1022181,Shineah Goody,Port Adelaide,64.1,14,5.31400966183575,0,,0,79.3,1.01040353089533,2025,9.4,3.6,3,5.3,0,1.7,1.3,0.1,0.4,120,34,57.1666666666667,71.6,65.6666666666667,63.6,65.6666666666667,,,,,,,,,,2005-11-08
1022196,Piper Window,Port Adelaide,52.8,14,48.792270531401,0,,0,71.6,0.921787709497207,2025,7,3,0.7,6.3,0,0.9,1,0.1,0.2,73,26,52.6666666666667,46.6,63.3333333333333,57,63.3333333333333,,,,,,,,,,2005-07-30
1022210,Sachi Syme,Port Adelaide,41.5,13,21.7391304347826,0,,0,70.8,0.732697740112995,2025,7,2,1.4,3.4,0,1,0.9,0.1,0.2,83,22,50.1666666666667,36.75,30.6666666666667,36,30.6666666666667,,,30.9,8,,,,,,2004-11-18
1022220,Molly Brooksby,Port Adelaide,45.6,14,0,51.0638297872341,97.9166666666667,0,77.3,0.73738680465718,2025,11.6,1.2,1.4,1.4,0,0.8,0.8,0,0,72,25,43.8333333333333,49.2,43,44.6,43,,,,,,,,,,2005-07-18
1022248,Lauren Young,Port Adelaide,0,0,0,0,,0,0,,2025,0,0,0,0,0,0,0,0,0,,,,,,,,,,,,,,,,,2005-09-16
1022299,Amelie Borg,Port Adelaide,31,14,0,0,,0,88.4,0.438348416289593,2025,4.9,1.1,1.4,2.9,0,0.6,0.7,0,0,57,7,33.6666666666667,32.4,23.3333333333333,32.6,23.3333333333333,,,33.7,10,,,,,,2004-11-17
1022726,Teagan Germech,Port Adelaide,28.7,14,0,0,,0,81.6,0.439644607843137,2025,3.5,2.6,1.4,2.4,0,0.4,0.4,0,0,48,11,23.1666666666667,33.2,32.3333333333333,32.2,32.3333333333333,,,27.6,7,,,,,,2002-09-24
1022745,Ella Heads,Port Adelaide,60.5,11,0,38.2716049382716,90.3225806451613,0,80.6,0.938275434243176,2025,9.4,2.8,3.4,4.5,0,1.5,1.2,0.1,0,96,20,53.6,66.3333333333333,,66.4,64,,,68.4,12,,,,,,2003-06-24
1022776,Caitlin Wendland,Port Adelaide,47.9,14,0,0,,0,72.1,0.830443828016644,2025,5.4,2.1,1.1,5.3,0,0.7,0.6,0.6,0.4,72,29,47.1666666666667,49.8,46,50.8,46,,,18.3,3,,,,,,2003-09-13
1023943,Matilda Scholz,Port Adelaide,73.2,13,70.5314009661836,0,,53.7339055793991,85,1.07647058823529,2025,9.5,3.9,1.2,3.7,22.2,1.1,2.1,0.2,0.1,108,26,65,82.75,76.6666666666667,78.6,76.6666666666667,,,75.6,10,,,,,,2005-04-29
1023950,Alissa Brook,Port Adelaide,12,3,0,0,,0,68,0.220588235294118,2025,2,1,0,1,0,0,0,0,0,20,7,8,20,,12,12,,,,,,,,,,2005-05-23
1023956,Jemma Charity,Port Adelaide,,,,,,,,,2025,,,,,,,,,,,,,,,,,,,,,,,,,,2006-06-06
1025893,Ella Boag,Port Adelaide,41.9,14,0,0,,0,74.6,0.702077747989276,2025,6,1.8,1.7,4,0,0.5,0.7,0.1,0,60,22,38.5,46.8,40.6666666666667,42.4,40.6666666666667,,,35.7,7,,,,,,2004-07-07
1026227,Julia Teakle,Port Adelaide,35.2,11,0,0,,0.944206008583691,72.8,0.604395604395605,2025,4.4,1.5,1.5,2.1,0,0.5,0.2,1,0.3,69,9,45,19,26.3333333333333,23.4,26.3333333333333,,,41,6,,,,,,2003-08-12
1027050,Lily Paterson,Port Adelaide,,,,,,,,,2025,,,,,,,,,,,,,,,,,,,,,,,77,3,,2006-05-02
1030204,Chloe Gaunt,Port Adelaide,,,,,,,,,2025,,,,,,,,,,,,,,,,,,,,,40.2,4,31.5,3,,2006-07-22
1030964,Jasmine Evans,Port Adelaide,,,,,,,,,2025,,,,,,,,,,,,,,,,,,,,,,,60.5,2,,2006-02-05
1031342,Jasmine Sowden,Port Adelaide,,,,,,,,,2025,,,,,,,,,,,,,,,,,,,,,95.2,15,42.4,3,,2006-12-17
997686,Kirsty Lamb,Port Adelaide,53,12,25.6038647342995,0,,0.429184549356223,68,0.974264705882353,2025,7.9,2.3,0.7,5.1,0.1,1.3,0.6,0.4,0.1,78,34,51,54,55,56.4,55,,,73.9,10,,,,,,1994-06-27
1003022,Maddy Collier,Sydney Swans,34.6,8,0,2.46913580246914,50,0,68.6,0.630466472303207,2025,6.4,1.8,2.5,2.3,0,1.1,1.9,0,0,56,22,30,37.4,,37.4,34.3333333333333,,,0,0,,,,,,1995-09-14
1007006,Jas Grierson,Sydney Swans,37.6,11,0,7.35294117647059,80,0,63.4,0.741324921135647,2025,4.9,4,2.7,1.9,0,0.5,0.5,0,0,52,14,36.4,38.6666666666667,,41,44.6666666666667,,,37.3,4,,,,,,1998-05-16
1009803,Alexia Hamilton,Sydney Swans,54.8,9,40.6976744186047,0,,41.3559322033898,61.4,1.11563517915309,2025,4.6,4.3,1.4,4.1,13.6,1.1,1.8,0.3,0.3,83,16,52.6666666666667,55.8333333333333,,56.2,48.6666666666667,,,37.7,11,,,,,,2000-10-19
1009813,Brenna Tarrant,Sydney Swans,55.2,10,0,37.037037037037,83.3333333333333,1.01694915254237,93.2,0.740343347639485,2025,10.1,3.4,3.5,1.7,0.1,0.7,0,0,0,78,26,57.25,53.8333333333333,,50,44.3333333333333,,,47.8,12,,,,,,2001-11-03
1009865,Lucy McEvoy,Sydney Swans,65.5,11,0,14.8148148148148,91.6666666666667,0,79.7,1.02728983688833,2025,9.4,5.8,3.9,3,0,0.6,0.1,0.3,0.1,97,45,74,58.5,,61.2,63,,,55.3,12,,,,,,2001-05-13
1010263,Chloe Molloy,Sydney Swans,54,1,1.16279069767442,1.23456790123457,100,0.677966101694915,94.1,0.717321997874602,2025,6,6,1,2,0,1,0,2,0,54,54,54,,,54,54,,,80,12,,,,,,1998-12-06
1012957,Alice Mitchell,Sydney Swans,35.8,10,0,4.93827160493827,100,0.790960451977401,85,0.526470588235294,2025,5.2,3.2,3.2,1.5,0.3,0.3,0.8,0,0,65,17,32.6,39,,39,30.3333333333333,,,29.2,11,,,,,,2001-08-08
1014359,Laura Gardiner,Sydney Swans,101.2,9,62.2093023255814,0,,0,85,1.48823529411765,2025,15.3,13.6,2.6,5.9,0,1.6,1.6,0,0,118,82,105.4,96,,100,91.6666666666667,,,114.9,12,,,,,,2002-11-21
1015012,Ally Morphett,Sydney Swans,58.3,3,16.2790697674419,0,,13.4463276836158,52,1.40144230769231,2025,6.7,4.7,2.3,1.7,15.7,0.7,1,0.3,0,60,57,58.3333333333333,,,58.3333333333333,58.3333333333333,,,87.9,7,,,,,,2003-11-11
1015152,Montana Ham,Sydney Swans,52.5,8,18.6046511627907,0,,0.790960451977401,73.2,0.896516393442623,2025,7.3,4.4,2.5,2.8,0.4,0.9,0.8,0.6,0.8,62,44,55.25,49.75,,50.4,51.6666666666667,,,49.9,9,,,,,,2004-03-29
1015174,Ash Van Loon,Sydney Swans,32.5,11,0,0,,0,80.3,0.505915317559153,2025,3.6,4.2,2.2,2.1,0,0.5,0.7,0,0,60,15,26,37.3333333333333,29,39.8,36.6666666666667,,,20.6,5,,,,,,2004-12-08
1015181,Darcy Moloney,Sydney Swans,44.9,8,34.8837209302326,0,,0,68.2,0.822947214076246,2025,5.1,8.4,1.3,2.9,0,0.6,1.6,0.3,0.3,67,22,48.8,38.3333333333333,,42,38.3333333333333,,,60.1,13,,,,,,2002-11-20
1019834,Sofia Hurley,Sydney Swans,86.3,11,47.6744186046512,0,,0,80.7,1.33674101610905,2025,13.9,6,1.9,7.1,0,0.9,1.3,0.2,0.3,118,59,78.2,93,,91.6,79.6666666666667,,,72.9,12,,,,,,2004-01-30
1021460,Giselle Davies,Sydney Swans,32.8,10,39.5348837209302,0,,36.045197740113,52.2,0.78544061302682,2025,2.6,3.2,0.6,2.5,12.7,0.4,2.1,0,0,48,12,40.5,27.6666666666667,,24.6,21,,,0,0,,,,,,2003-03-17
1021884,Sarah Grunden,Sydney Swans,37.9,10,0,0,,0,76.7,0.617666232073012,2025,4.7,1.6,1,3.8,0,1.3,0.2,0.2,0.5,58,23,36.4,39.4,,39.4,42.6666666666667,,,,,,,,,,2005-02-25
1022350,Cynthia Hamilton,Sydney Swans,64.4,10,27.3255813953488,0,,1.12994350282486,85.6,0.940420560747664,2025,8.1,6,2.2,4.7,0.2,0.9,1,0.7,0.4,90,37,65.5,63.6666666666667,,65.2,73.3333333333333,,,46.8,12,,,,,,2004-04-02
1022738,Ruby Sargent-Wilson,Sydney Swans,42.4,7,0,0,,0,81.8,0.647921760391198,2025,5,2.7,2,4.6,0,0.3,0.9,0,0,51,22,46.5,40.8,,40.8,37.6666666666667,,,34.8,5,,,,,,2003-08-13
1023842,Zippy Fish,Sydney Swans,,,,,,,,,2025,,,,,,,,,,,,,,,,,,,,,,,68.4,3,,2006-06-04
1024294,Lulu Pullar,Sydney Swans,62,1,0,0,,0,51.5,1.50485436893204,2025,7,7,3,3,0,0,0,1,0,62,62,62,,,62,62,,,45.8,12,,,,,,1998-07-03
1024573,Kiara Hillier,Sydney Swans,25.7,3,0,1.23456790123457,100,0,69.5,0.462230215827338,2025,3.7,2,1,2,0,0.7,0.3,0,0,36,13,24.5,28,,25.6666666666667,25.6666666666667,,,0,0,,,,,,2004-11-03
1025616,Lara Hausegger,Sydney Swans,30.7,6,0,0,,0,68,0.564338235294118,2025,4,3.5,2.2,1.3,0,0.3,0.2,0,0,55,13,36.6666666666667,24.6666666666667,,31,24.6666666666667,,,,,,,,,,2005-08-03
1025789,Tanya Kennedy,Sydney Swans,71.9,11,75.5813953488372,0,,0,86.8,1.03542626728111,2025,8.5,6.2,1.1,8.8,0,0.7,1.7,0,0.1,104,37,65.8,77,,71.8,68.3333333333333,,,55.2,12,,,,,,1993-07-08
1025795,Sarah Steele-Park,Sydney Swans,,,,,,,,,2025,,,,,,,,,,,,,,,,,,,,,,,,,,1996-08-14
1029279,Holly Cooper,Sydney Swans,36.8,8,14.5348837209302,0,,0,66,0.696969696969697,2025,3.6,2.5,1.8,4,0,0.6,0.6,0.1,0.1,59,11,36.6666666666667,36.8,,36.8,36.3333333333333,,,,,,,,,,2005-02-23
1031564,Amelia Martin,Sydney Swans,,,,,,,,,2025,,,,,,,,,,,,,,,,,,,,,77.4,4,24.7,3,,2006-09-08
1033164,Paris McCarthy,Sydney Swans,40.4,5,0,0,,0,88.9,0.568053993250844,2025,5.2,3.2,2.4,1.8,0,1.4,0.4,0.6,0.2,66,28,,40.4,,40.4,36,,,29.8,6,,,,,,2003-12-13
1033168,Julie O'Sullivan,Sydney Swans,30.4,9,0,0,,0,75,0.506666666666667,2025,4.6,2.9,0.9,2.7,0,0.3,0.9,0,0,42,20,32.25,29,,29,26.6666666666667,,,35.3,10,,,,,,2001-12-20
1033348,Imogen Brown,Sydney Swans,0,0,0,0,,0,0,,2025,0,0,0,0,0,0,0,0,0,,,,,,,,,,,,88.7,4,77,1,,2005-03-03
1036296,Caitlin Reid,Sydney Swans,,,,,,,,,2025,,,,,,,,,,,,,,,,,,,,,,,,,,1997-04-09
296148,Rebecca Privitelli,Sydney Swans,52.1,11,0,0,,0.564971751412429,89.2,0.730100896860987,2025,6.9,1.9,4.2,2,0,0.4,0.3,1.1,0.9,74,26,47.6,55.8333333333333,,56.6,66.6666666666667,,,56,11,,,,,,1995-01-03
