player,position,price,change,priced at,breakeven,last score,last tog,last ppm,last cba,cba change,last ki,ki change,season avg,tog,season ppm,season cba,season ki,last 3 avg,last 3 tog,last 3 ppm,last 3 cba,last 3 ki,ownership total,ownership top 1000,ownership top 100,ownership top 10,ownership top 1000 chg,ownership top 100 chg,ownership top 10 chg,win avg,loss avg,home avg,away avg,opp last score,opp last 3 score,opp career,reserves avg,reserves last
Caleb Daniel,MID/FWD,620000,106000,63,6,114,0.83,1.14,0,0,0.67,0.03,103,0.83,1.03,0,0.65,103,0.83,1.03,0,0.65,0.66,1,1,1,0.01,0,0,114,91,114,91,47,80,86,0,0
Zach Reid,DEF,308000,78000,32,-4,51,0.96,0.44,0,0,0.09,0.09,57,0.91,0.53,0,0.05,57,0.91,0.53,0,0.05,0.64,0.98,1,1,0.03,0.02,0,0,57,51,63,20,20,20,0,0
Tom De Koning,RUC,968000,68000,99,73,107,0.76,1.17,0.91,0.08,0,0,120,0.79,1.27,0.87,0,120,0.79,1.27,0.87,0,0.46,0.98,0.99,1,0.08,0.07,0,0,120,107,132,90,61,61,0,0
Sam Davidson,FWD,302000,72000,31,-7,60,0.77,0.65,0,0,0,0,57,0.76,0.62,0,0,57,0.76,0.62,0,0,0.54,0.98,0.99,1,0.02,0.04,0.1,53,60,57,0,0,0,0,0,0
Connor Rozee,MID,1047000,51000,107,74,145,0.81,1.49,0.65,-0.03,0,0,129,0.83,1.3,0.66,0,129,0.83,1.3,0.66,0,0.37,0.97,0.97,1,0.17,0.17,0.1,145,112,145,112,133,125,114,0,0
Lucas Camporeale,MID,309000,79000,32,5,30,0.67,0.37,0,0,0,0,53,0.77,0.56,0,0,53,0.77,0.56,0,0,0.51,0.94,0.96,0.9,0.03,0.04,0,0,53,30,76,0,0,0,0,0
Jordan Dawson,MID,1122000,42000,115,93,134,0.79,1.41,0.7,0.1,0,0,130,0.81,1.34,0.65,0,130,0.81,1.34,0.65,0,0.32,0.92,0.94,1,0.14,0.2,0,130,0,126,134,122,129,113,0,0
Bailey Smith,MID/FWD,653000,55000,67,19,0,0,0,0,-0.26,0,0,126,0.8,1.31,0.26,0,126,0.8,1.31,0.26,0,0.73,0.94,0.94,1,-0.06,-0.06,0,126,0,126,0,71,67,66,0,0
Clayton Oliver,MID,828000,31000,85,61,114,0.82,1.16,0.71,-0.02,0,0,99,0.83,1,0.72,0,99,0.83,1,0.72,0,0.55,0.96,0.94,1,0.1,0.11,0.3,0,99,84,114,104,111,125,0,0
Levi Ashcroft,MID,433000,105000,44,-4,74,0.78,0.79,0,0,0,0,79,0.77,0.86,0,0,79,0.77,0.86,0,0,0.67,0.95,0.94,1,0.17,0.16,0.4,79,0,74,84,0,0,0,0,0
Tristan Xerri,RUC,1162000,-13000,119,136,90,0.85,0.88,0.84,-0.04,0,0,110,0.84,1.09,0.86,0,110,0.84,1.09,0.86,0,0.59,0.9,0.9,0.9,0.04,0.1,0,90,129,90,129,83,88,88,0,0
Sam De Koning,DEF,669000,105000,68,32,72,0.7,0.86,0.69,-0.13,0,0,98,0.74,1.09,0.76,0,98,0.74,1.09,0.76,0,0.44,0.91,0.9,0.9,0.05,-0.03,-0.1,124,72,124,72,38,44,44,0,0
Harry Boyd,RUC,268000,38000,27,-6,0,0,0,0,-0.86,0,0,68,0.78,0.73,0.86,0,68,0.78,0.73,0.86,0,0.55,0.91,0.88,1,0.04,0.03,0.3,0,68,0,68,0,0,0,0,0
Jayden Short,DEF,826000,1000,85,84,85,0.8,0.89,0,0,0.07,-0.4,85,0.86,0.84,0,0.27,85,0.86,0.84,0,0.27,0.38,0.87,0.81,0.8,0.12,0.1,0.1,85,85,85,85,94,96,92,0,0
Harry Sheezel,DEF,1132000,-19000,116,128,102,0.89,0.96,0.55,0.03,0,0,108,0.87,1.04,0.53,0,108,0.87,1.04,0.53,0,0.57,0.67,0.75,1,0.07,0.01,0.4,102,114,102,114,125,116,116,0,0
Nathan O'Driscoll,MID,525000,84000,54,14,79,0.71,0.93,0,-0.68,0,0,82,0.74,0.93,0.34,0,82,0.74,0.93,0.34,0,0.29,0.77,0.73,0.5,0.09,-0.01,-0.4,0,82,79,85,40,46,46,0,0
Conor Stone,FWD,281000,51000,29,6,0,0,0,0,0,0,0,45,0.75,0.5,0,0,45,0.75,0.5,0,0,0.43,0.78,0.73,0.5,0,-0.01,0,45,0,50,40,0,0,0,0,0
Xavier Lindsay,MID,438000,128000,45,-14,80,0.8,0.83,0,0,0,0,87,0.77,0.95,0,0,87,0.77,0.95,0,0,0.25,0.67,0.69,0.6,0.58,0.6,0.5,0,87,94,80,0,0,0,0,0
Joel Freijah,DEF,691000,64000,71,47,75,0.8,0.78,0.33,-0.03,0,-0.08,89,0.84,0.88,0.35,0.04,89,0.84,0.88,0.35,0.04,0.24,0.74,0.68,0.5,0.15,0.07,0.1,103,75,89,0,43,43,43,0,0
Max Hall,MID/FWD,335000,105000,34,-9,51,0.79,0.54,0.03,0.03,0,0,67,0.81,0.68,0.02,0,67,0.81,0.68,0.02,0,0.32,0.55,0.68,0.8,0.21,0.28,0.6,51,82,51,82,0,0,0,0,0
Finn O'Sullivan,MID,359000,22000,37,30,33,0.79,0.35,0,0,0.17,0.17,42,0.81,0.44,0,0.08,42,0.81,0.44,0,0.08,0.49,0.76,0.68,0.5,0,0,-0.1,33,51,33,51,0,0,0,0,0
Luke Trainor,DEF,330000,50000,34,17,33,0.82,0.34,0,0,0,-0.07,48,0.8,0.51,0,0.03,48,0.8,0.51,0,0.03,0.39,0.7,0.62,0.3,0.08,0.13,-0.2,62,33,62,33,0,0,0,0,0
Will Day,MID,844000,84000,86,84,75,0.76,0.82,0.74,0.01,0,0,94,0.77,1.03,0.67,0,94,0.77,1.03,0.67,0,0.51,0.75,0.6,0.5,-0.02,-0.09,-0.4,94,0,77,102,40,79,78,0,0
James Leake,DEF,248000,18000,25,24,0,0,0,0,0,0,0,28,0.57,0.42,0.14,0,28,0.57,0.42,0.14,0,0.46,0.51,0.56,0.7,-0.09,-0.07,0,28,0,42,14,0,0,0,0,0
Ryley Sanders,MID/FWD,664000,8000,68,64,69,0.71,0.81,0.12,-0.3,0,0,71,0.78,0.76,0.27,0,71,0.78,0.76,0.27,0,0.37,0.64,0.55,0.4,-0.01,0.05,0,72,69,71,0,61,61,61,0,0
Isaac Kako,MID/FWD,343000,39000,35,18,44,0.78,0.47,0,0,0,0,48,0.8,0.5,0,0,48,0.8,0.5,0,0,0.53,0.48,0.54,0.5,-0.04,0.01,-0.1,0,48,44,51,0,0,0,0,0
Adam Cerra,MID,794000,49000,81,56,100,0.73,1.14,0.52,-0.02,0,0,99,0.78,1.06,0.53,0,99,0.78,1.06,0.53,0,0.14,0.51,0.48,0.5,0.13,0.05,0.3,0,99,100,97,78,72,69,0,0
Jason Horne-Francis,MID/FWD,875000,-44000,90,116,62,0.83,0.62,0.41,-0.36,0,0,72,0.79,0.77,0.59,0,72,0.79,0.77,0.59,0,0.58,0.65,0.48,0.4,-0.01,-0.11,-0.2,62,82,62,82,111,82,81,0,0
Hugo Garcia,MID/FWD,430000,9000,44,48,27,0.29,0.78,0.22,-0.15,0,0,43,0.45,0.8,0.3,0,43,0.45,0.8,0.3,0,0.23,0.42,0.35,0.4,-0.19,-0.19,0,27,59,27,59,0,0,0,0,0
Izak Rankine,FWD,840000,21000,86,86,70,0.56,1.04,0.33,-0.04,0,0,89,0.66,1.11,0.35,0,89,0.66,1.11,0.35,0,0.18,0.25,0.32,0.3,-0.09,-0.13,-0.2,89,0,107,70,94,88,75,0,0
Murphy Reid,MID,364000,72000,37,7,50,0.68,0.61,0,0,0,0,60,0.74,0.67,0,0,60,0.74,0.67,0,0,0.2,0.26,0.27,0.2,-0.04,-0.03,-0.1,0,60,50,69,0,0,0,0,0
Tom Powell,MID,874000,67000,89,63,98,0.73,1.12,0.48,-0.07,0,0,110,0.77,1.18,0.51,0,110,0.77,1.18,0.51,0,0.05,0.18,0.26,0.1,0,-0.07,-0.1,98,121,98,121,34,44,56,0,0
Dayne Zorko,DEF,1135000,4000,116,111,126,0.88,1.19,0,0,0.33,-0.11,119,0.84,1.18,0,0.39,119,0.84,1.18,0,0.39,0.11,0.15,0.25,0.4,0.07,0.12,0.3,119,0,126,112,127,82,94,0,0
Nasiah Wanganeen-Milera,DEF,1016000,13000,104,101,101,0.89,0.95,0,-0.03,0.58,0.2,107,0.86,1.04,0.01,0.48,107,0.86,1.04,0.01,0.48,0.11,0.17,0.25,0.2,0,0.09,0,101,113,101,113,95,108,88,0,0
Sam Lalor,MID,410000,70000,42,9,62,0.81,0.64,0.47,0.39,0,0,65,0.81,0.68,0.28,0,65,0.81,0.68,0.28,0,0.36,0.35,0.22,0.1,-0.04,-0.07,0,68,62,68,62,0,0,0,0,0
Harry Perryman,DEF,717000,-42000,73,106,43,0.79,0.45,0,-0.42,0,0,61,0.8,0.62,0.31,0,61,0.8,0.62,0.31,0,0.24,0.24,0.22,0.1,-0.32,-0.16,0.1,46,90,49,67,0,0,0,0,0
Angus Hastie,MID,244000,14000,25,12,0,0,0,0,0,0,0,40,0.39,0.85,0,0,40,0.39,0.85,0,0,0.12,0.16,0.21,0.1,-0.12,-0.1,-0.2,0,40,0,40,0,0,0,0,0
Archer Reid,RUC/FWD,252000,22000,26,14,35,0.66,0.44,0.34,0.02,0,0,34,0.66,0.42,0.33,0,34,0.66,0.42,0.33,0,0.24,0.13,0.21,0.2,-0.05,-0.02,-0.1,0,34,32,35,0,0,0,0,0
Jaxon Prior,DEF,417000,55000,43,16,61,0.83,0.61,0,0,0.18,0.18,62,0.88,0.59,0,0.09,62,0.88,0.59,0,0.09,0.2,0.29,0.2,0.2,0.04,0.02,-0.1,0,62,61,62,6,31,31,0,0
Max Holmes,DEF/MID,960000,-9000,98,111,77,0.77,0.83,0.59,-0.03,0,0,92,0.76,1.01,0.61,0,92,0.76,1.01,0.61,0,0.18,0.22,0.16,0.2,-0.1,-0.16,-0.3,106,77,106,77,91,75,75,0,0
Riley Bice,DEF,280000,50000,29,-4,64,0.8,0.67,0,0,0.18,-0.03,50,0.56,0.81,0,0.2,50,0.56,0.81,0,0.2,0.17,0.12,0.12,0.2,0.03,0.03,0.1,64,35,35,64,0,0,0,0,0
Liam O'Connell,DEF,250000,20000,26,13,38,0.72,0.44,0,0,0,0,34,0.72,0.39,0,0,34,0.72,0.39,0,0,0.11,0.08,0.12,0,-0.01,0,-0.2,38,29,38,29,0,0,0,0,0
Corey Warner,FWD,385000,128000,39,-7,68,0.85,0.67,0,0,0,0,62,0.79,0.64,0,0,62,0.79,0.64,0,0,0.16,0.08,0.11,0,0,0.01,-0.1,68,59,59,68,0,0,0,0,0
Josh Dunkley,MID,1125000,23000,115,110,111,0.81,1.14,0.86,0.07,0,0,121,0.87,1.16,0.82,0,121,0.87,1.16,0.82,0,0.05,0.03,0.1,0.1,0,0.06,0.1,121,0,111,130,90,107,99,0,0
Max Gawn,RUC,1114000,-33000,114,147,63,0.84,0.62,0.87,-0.05,0,0,95,0.84,0.95,0.9,0,95,0.84,0.95,0.9,0,0.19,0.09,0.1,0.1,-0.1,-0.12,0,0,95,127,63,84,90,103,0,0
Saad El-Hawli,DEF/MID,230000,0,24,24,0,0,0,0,0,0,0,0,0,0,0,0,0,0,0,0,0,0.22,0.06,0.1,0.3,-0.02,0.02,0.1,0,0,0,0,0,0,0,0,0
Jy Simpkin,MID/FWD,845000,64000,86,67,81,0.82,0.82,0.26,-0.04,0,0,103,0.79,1.1,0.28,0,103,0.79,1.1,0.28,0,0.07,0.05,0.09,0.2,-0.02,-0.01,-0.1,81,125,81,125,40,73,80,0,0
Christian Petracca,MID,919000,-4000,94,97,89,0.86,0.86,0.48,-0.33,0,0,92,0.87,0.88,0.65,0,92,0.87,0.88,0.65,0,0.11,0.13,0.09,0,-0.02,-0.03,-0.1,0,92,95,89,80,117,99,0,0
Elijah Hewett,MID/FWD,366000,34000,37,18,53,0.7,0.63,0.14,-0.09,0,0,50,0.72,0.59,0.18,0,50,0.72,0.59,0.18,0,0.25,0.12,0.09,0.1,-0.04,-0.05,0.1,0,50,47,53,67,61,61,0,0
Finn Callaghan,MID,844000,55000,86,67,0,0,0,0,-0.69,0,0,101,0.81,1.04,0.79,0,101,0.81,1.04,0.79,0,0.25,0.11,0.08,0.2,-0.18,-0.19,0,101,0,110,92,49,66,65,0,0
Nick Daicos,MID,1008000,-66000,103,99,136,0.84,1.35,0.92,0.24,0,0,97,0.78,1.02,0.77,0,97,0.78,1.02,0.77,0,0.27,0.07,0.07,0.1,0.02,0.03,0.1,116,60,95,98,0,0,0,0,0
Tom Hanily,MID,289000,59000,30,16,25,0.66,0.32,0,0,0,0,37,0.57,0.59,0,0,37,0.57,0.59,0,0,0.08,0.04,0.07,0.2,-0.01,0,0.1,25,44,44,25,0,0,0,0,0
Hugh Boxshall,MID,230000,0,24,24,0,0,0,0,0,0,0,0,0,0,0,0,0,0,0,0,0,0.09,0.08,0.07,0.2,-0.04,-0.06,0.1,0,0,0,0,0,0,0,0,0
Jake Soligo,MID,868000,79000,89,57,101,0.73,1.15,0.49,-0.02,0,0,113,0.75,1.25,0.5,0,113,0.75,1.25,0.5,0,0.04,0.03,0.06,0.3,-0.01,-0.01,0.2,113,0,125,101,97,77,71,0,0
Jack Henderson,MID,302000,72000,31,-10,68,0.78,0.73,0,0,0,0,58,0.78,0.62,0,0,58,0.78,0.62,0,0,0.07,0.03,0.05,0,-0.02,0,0,0,58,48,68,0,0,0,0,0
Daniel Curtin,FWD,335000,35000,34,5,73,0.76,0.8,0,0,0,0,52,0.73,0.58,0,0,52,0.73,0.58,0,0,0.11,0.03,0.05,0.1,-0.01,0.01,0.1,52,0,30,73,0,0,0,0,0
Sid Draper,MID,339000,8000,35,30,38,0.28,1.13,0.3,0.04,0,0,38,0.31,1.03,0.28,0,38,0.31,1.03,0.28,0,0.25,0.07,0.05,0,-0.05,-0.06,-0.1,38,0,37,38,0,0,0,0,0
Max Gruzewski,FWD,257000,27000,26,27,0,0,0,0,0,0,0,29,0.48,0.37,0.1,0,29,0.48,0.37,0.1,0,0.08,0.04,0.05,0.2,-0.03,-0.01,0,29,0,57,1,10,10,10,0,0
Harvey Langford,MID,310000,-15000,32,44,0,0,0,0,-0.08,0,0,16,0.21,0.63,0.08,0,16,0.21,0.63,0.08,0,0.12,0.04,0.05,0,-0.05,-0.05,-0.2,0,16,16,0,0,0,0,0,0
Bo Allan,DEF/MID,295000,0,30,30,0,0,0,0,0,0,0,0,0,0,0,0,0,0,0,0,0,0.19,0.07,0.05,0,-0.02,-0.06,0,0,0,0,0,0,0,0,0,0
Jack Henry,DEF,657000,98000,67,31,74,0.94,0.66,0,0,0,0,96,0.95,0.85,0,0,96,0.95,0.85,0,0,0.02,0.02,0.04,0,0.02,0.04,0,117,74,117,74,32,40,55,0,0
Andrew Brayshaw,MID,1025000,-48000,105,133,77,0.86,0.75,0.59,-0.26,0,0,86,0.86,0.84,0.72,0,86,0.86,0.84,0.72,0,0.09,0.04,0.04,0,-0.04,-0.05,0,0,86,77,95,115,103,84,0,0
Joe Berry,FWD,327000,29000,33,16,49,0.77,0.53,0,-0.03,0,0,45,0.76,0.49,0.02,0,45,0.76,0.49,0.02,0,0.1,0.05,0.04,0,-0.01,-0.04,-0.2,49,40,49,40,0,0,0,0,0
Karl Amon,DEF,952000,60000,97,90,91,0.84,0.9,0,0,0.25,-0.06,103,0.83,1.03,0,0.33,103,0.83,1.03,0,0.33,0.04,0.01,0.03,0,-0.01,0,0,103,0,111,99,124,98,87,0,0
Jack Sinclair,DEF/MID,1028000,-18000,105,107,114,0.8,1.19,0,-0.23,0.33,0.08,102,0.83,1.04,0.11,0.29,102,0.83,1.04,0.11,0.29,0.08,0.02,0.03,0,0.01,0.02,0,114,90,114,90,116,114,87,0,0
Bailey Dale,DEF,959000,9000,98,96,96,0.81,0.99,0,0,0.56,0.1,100,0.84,1,0,0.51,100,0.84,1,0,0.51,0.02,0.02,0.03,0,0,0.02,0,104,96,100,0,103,95,70,0,0
Jordan Clark,DEF,949000,-45000,97,118,83,0.92,0.75,0,0,0.38,0.38,82,0.9,0.77,0,0.19,82,0.9,0.77,0,0.19,0.04,0.02,0.03,0,-0.01,0.01,0,0,82,83,81,90,100,80,0,0
Will Ashcroft,MID,818000,-25000,84,89,90,0.79,0.95,0.52,0.02,0,0,78,0.83,0.79,0.51,0,78,0.83,0.79,0.51,0,0.16,0.04,0.03,0,-0.01,0.02,0,78,0,90,66,63,63,63,0,0
Oliver Hollands,MID,634000,-6000,65,74,48,0.91,0.44,0,0,0,-0.25,60,0.88,0.58,0,0.13,60,0.88,0.58,0,0.13,0.07,0.09,0.03,0,-0.09,-0.1,0,0,60,48,72,64,62,62,0,0
Jacob Konstanty,FWD,283000,53000,29,8,34,0.55,0.52,0,0,0,0,45,0.61,0.6,0,0,45,0.61,0.6,0,0,0.05,0.03,0.03,0.1,0,-0.01,0,34,55,34,55,0,0,0,0,0
Jye Caldwell,MID,1033000,64000,106,88,97,0.71,1.14,0.63,-0.04,0,0,122,0.73,1.38,0.65,0,122,0.73,1.38,0.65,0,0.02,0.01,0.02,0.1,0,0,0.1,0,122,97,146,103,94,79,0,0
Christian Salem,DEF,890000,66000,91,66,97,0.89,0.91,0,0,0.45,0,111,0.9,1.03,0,0.45,111,0.9,1.03,0,0.45,0.02,0.03,0.02,0,0.03,0.01,0,0,111,124,97,89,79,94,0,0
Kane Farrell,DEF,839000,35000,86,62,114,0.88,1.08,0,0,0.43,0.13,101,0.84,1,0,0.36,101,0.84,1,0,0.36,0.01,0.01,0.02,0,0,0.01,-0.1,114,88,114,88,75,77,54,0,0
Luke Jackson,RUC/FWD,840000,33000,86,67,104,0.85,1.02,0.91,0.26,0,0,99,0.86,0.96,0.78,0,99,0.86,0.96,0.78,0,0.09,0.02,0.02,0,0.01,0.02,0,0,99,104,93,67,77,80,0,0
Josh Worrell,DEF,748000,43000,77,59,84,0.87,0.8,0,0,0.1,-0.23,90,0.87,0.87,0,0.22,90,0.87,0.87,0,0.22,0.01,0,0.02,0,0,0.01,0,90,0,96,84,87,64,64,0,0
Lawson Humphries,DEF,745000,39000,76,58,87,0.84,0.86,0,0,0,-0.22,89,0.84,0.89,0,0.11,89,0.84,0.89,0,0.11,0.04,0.02,0.02,0,0.01,-0.03,0,91,87,91,87,0,0,0,0,0
Caleb Serong,MID,1011000,-56000,103,131,83,0.87,0.8,0.86,0.15,0,0,84,0.82,0.86,0.78,0,84,0.82,0.86,0.78,0,0.09,0.02,0.02,0,-0.02,-0.01,-0.1,0,84,83,85,100,98,93,0,0
Jeremy Finlayson,FWD,604000,21000,62,43,0,0,0,0,0,0,-0.2,84,0.99,0.71,0,0.2,84,0.99,0.71,0,0.2,0.02,0.01,0.02,0,-0.05,-0.07,-0.1,0,84,0,84,100,80,72,0,0
James Sicily,DEF,874000,-22000,89,100,81,0.95,0.71,0,0,0.33,-0.05,83,0.94,0.74,0,0.31,83,0.94,0.74,0,0.31,0.12,0.02,0.02,0,0,-0.03,-0.1,83,0,88,81,76,78,85,0,0
Jack Hutchinson,FWD,412000,27000,42,18,0,0,0,0,-0.23,0,0,71,0.67,0.88,0.23,0,71,0.67,0.88,0.23,0,0.02,0.01,0.02,0.1,-0.02,0,0.1,0,71,71,0,35,35,35,0,0
Sam Wicks,FWD,456000,63000,47,39,44,0.81,0.45,0,0,0,0,54,0.84,0.53,0,0,54,0.84,0.53,0,0,0.04,0.02,0.02,0,-0.01,0.01,0,44,59,59,44,0,0,0,0,0
Ben Hobbs,FWD,494000,-4000,51,58,36,0.74,0.41,0,-0.09,0,0,47,0.69,0.58,0.05,0,47,0.69,0.58,0.05,0,0.02,0.01,0.02,0,-0.02,0.01,0,0,47,36,57,70,68,69,0,0
Karl Worner,DEF,325000,10000,33,24,0,0,0,0,0,0,0,44,0.71,0.52,0,0,44,0.71,0.52,0,0,0.02,0.01,0.02,0,0,0,0,0,44,0,44,52,52,52,0,0
Harry Armstrong,FWD,284000,10000,29,11,60,0.76,0.66,0,0,0,0,38,0.71,0.43,0,0,38,0.71,0.43,0,0,0.04,0.01,0.02,0,-0.02,-0.01,0,16,60,16,60,0,0,0,0,0
Josh Dolan,FWD,250000,0,26,26,23,0.65,0.29,0,0,0,0,25,0.66,0.32,0,0,25,0.66,0.32,0,0,0.02,0.01,0.02,0,-0.01,-0.01,0,27,23,25,0,0,0,0,0,0
Max Heath,RUC/FWD,230000,0,24,24,0,0,0,0,0,0,0,0,0,0,0,0,0,0,0,0,0,0.12,0.02,0.02,0.1,0.01,-0.01,0,0,0,0,0,0,0,0,0,0
Hamish Davis,MID/FWD,230000,0,24,24,0,0,0,0,0,0,0,0,0,0,0,0,0,0,0,0,0,0.01,0.02,0.02,0,0,-0.01,-0.2,0,0,0,0,0,0,0,0,0
Tobie Travaglia,DEF/MID,319000,0,33,33,0,0,0,0,0,0,0,0,0,0,0,0,0,0,0,0,0,0.1,0.01,0.02,0,-0.01,-0.02,-0.1,0,0,0,0,0,0,0,0,0
Darcy Cameron,RUC,1007000,20000,103,113,100,0.84,0.99,0.79,-0.02,0,0,102,0.78,1.07,0.76,0,102,0.78,1.07,0.76,0,0.06,0,0.01,0,0,0.01,0,85,136,69,118,0,0,0,0,0
Jack Graham,MID/FWD,687000,25000,70,48,0,0,0,0,-0.71,0,0,97,0.81,1,0.71,0,97,0.81,1,0.71,0,0.02,0.01,0.01,0,-0.02,-0.03,0,0,97,97,0,72,65,75,0,0
Patrick Cripps,MID,1007000,-19000,103,116,88,0.82,0.89,0.83,0.04,0,0,95,0.81,0.98,0.81,0,95,0.81,0.98,0.81,0,0.06,0,0.01,0,-0.01,0,0,0,95,88,102,127,108,91,0,0
Ed Richards,MID,890000,8000,91,88,92,0.83,0.92,0.92,0.1,0,0,94,0.81,0.96,0.87,0,94,0.81,0.96,0.87,0,0.01,0,0.01,0,0,0.01,0,95,92,94,0,73,75,67,0,0
Jake Bowey,DEF,694000,53000,71,43,93,0.78,0.99,0,0,0.45,0.09,90,0.76,0.99,0,0.41,90,0.76,0.99,0,0.41,0.01,0.01,0.01,0,0,0,0,0,90,87,93,82,92,80,0,0
Gryan Miers,FWD,866000,-8000,89,98,73,0.87,0.7,0,0,0,0,84,0.88,0.79,0,0,84,0.88,0.79,0,0,0.04,0,0.01,0,-0.01,-0.02,-0.1,94,73,94,73,96,83,68,0,0
Sam Taylor,DEF,611000,83000,63,41,0,0,0,0,0,0,0,83,0.99,0.69,0,0,83,0.99,0.69,0,0,0.09,0.03,0.01,0,-0.07,-0.09,-0.2,83,0,118,47,30,56,56,0,0
Andrew McGrath,DEF,863000,-1000,88,102,58,0.8,0.6,0.02,0.02,0,-0.12,82,0.83,0.82,0.01,0.06,82,0.83,0.82,0.01,0.06,0.01,0.01,0.01,0,0,0,-0.1,0,82,58,106,61,67,70,0,0
Jeremy Cameron,FWD,857000,-5000,88,101,61,0.89,0.57,0,0,0,0,81,0.89,0.76,0,0,81,0.89,0.76,0,0,0.08,0,0.01,0,-0.01,0,-0.1,101,61,101,61,62,70,69,0,0
Luke Parker,MID/FWD,829000,-10000,85,93,75,0.77,0.81,0.61,0.03,0,0,80,0.79,0.85,0.59,0,80,0.79,0.85,0.59,0,0.02,0,0.01,0,0,0,-0.1,75,85,75,85,83,85,95,0,0
Darcy Wilson,MID/FWD,703000,32000,72,66,60,0.9,0.56,0,0,0,0,79,0.89,0.75,0,0,79,0.89,0.75,0,0,0.02,0.01,0.01,0,0,0.01,0,60,97,60,97,41,60,60,0,0
Kamdyn McIntosh,MID,547000,61000,56,21,88,0.85,0.86,0.18,-0.65,0,0,79,0.82,0.8,0.5,0,79,0.82,0.8,0.5,0,0.01,0.01,0.01,0,0,0,0,70,88,70,88,37,52,55,0,0
Miles Bergman,DEF/MID,765000,-5000,78,77,86,0.88,0.81,0,-0.16,0.07,0.07,78,0.89,0.73,0.08,0.04,78,0.89,0.73,0.08,0.04,0.03,0.02,0.01,0,0,0,0,86,69,86,69,68,57,56,0,0
Jack Silvagni,FWD,534000,79000,55,24,63,0.8,0.66,0,0,0,0,78,0.85,0.77,0,0,78,0.85,0.77,0,0,0.03,0.02,0.01,0,0,-0.03,-0.1,0,78,63,93,59,49,54,0,0
Lachie Neale,MID,950000,-88000,97,118,117,0.85,1.15,0.79,0.04,0,0,77,0.85,0.76,0.77,0,77,0.85,0.76,0.77,0,0.05,0.01,0.01,0,0.01,0.01,0,77,0,117,37,75,93,95,0,0
Corey Wagner,DEF,652000,24000,67,52,81,0.85,0.79,0,0,0.15,0.04,76,0.85,0.75,0,0.13,76,0.85,0.75,0,0.13,0.01,0.01,0.01,0,0.01,-0.01,0,0,76,81,71,44,66,66,0,0
Archie Roberts,DEF/MID,713000,-2000,73,75,68,0.81,0.7,0,0,0.18,0.18,72,0.84,0.72,0,0.09,72,0.84,0.72,0,0.09,0.02,0,0.01,0,0,0.01,0,0,72,68,75,0,0,0,0,0
Logan Evans,DEF,674000,-40000,69,65,108,0.77,1.17,0,0,0.29,0.29,66,0.82,0.7,0,0.14,66,0.82,0.7,0,0.14,0.01,0,0.01,0,0,0.01,0,108,23,108,23,0,0,0,0,0
Ethan Read,FWD,265000,35000,27,-4,0,0,0,0,-0.16,0,0,65,0.82,0.66,0.16,0,65,0.82,0.66,0.16,0,0.05,0.02,0.01,0,0,0,0,65,0,0,65,0,0,0,0,0
Connor O'Sullivan,DEF,365000,65000,37,-1,75,0.93,0.67,0,0,0,0,63,0.92,0.57,0,0,63,0.92,0.57,0,0,0.09,0.02,0.01,0.1,-0.01,-0.03,0.1,50,75,50,75,0,0,0,0,0
Tom McCartin,DEF,511000,44000,52,41,54,0.94,0.48,0,0,0,0,58,0.89,0.55,0,0,58,0.89,0.55,0,0,0.02,0,0.01,0,0,0.01,0,54,60,60,54,0,0,0,0,0
Lewis Melican,DEF,426000,34000,44,27,0,0,0,0,0,0,0,55,0.85,0.54,0,0,55,0.85,0.54,0,0,0.02,0,0.01,0,0,0.01,0,0,55,55,0,0,0,0,0,0
Isaac Cumming,MID,567000,-8000,58,73,28,0.78,0.3,0,-0.03,0,0,50,0.78,0.54,0.01,0,50,0.78,0.54,0.01,0,0.03,0,0.01,0.1,-0.01,-0.04,0,50,0,72,28,128,88,72,0,0
Will McLachlan,FWD,252000,22000,26,5,50,0.69,0.6,0,0,0,0,50,0.69,0.6,0,0,50,0.69,0.6,0,0,0,0,0.01,0.1,0,0.01,0.1,50,0,50,0,0,0,0,0,0
Isaac Keeler,FWD,249000,19000,25,7,47,0.86,0.46,0.19,0.19,0,0,47,0.86,0.46,0.19,0,47,0.86,0.46,0.19,0,0.03,0.01,0.01,0,0.01,0.01,0,47,0,47,0,0,0,0,0,0
Lance Collard,FWD,237000,7000,24,16,33,0.67,0.41,0,0,0,0,33,0.67,0.41,0,0,33,0.67,0.41,0,0,0.01,0,0.01,0,0,-0.01,-0.1,33,0,33,0,0,0,0,0,0
Luke Cleary,DEF,334000,-1000,34,34,0,0,0,0,0,0,-0.08,33,0.73,0.38,0,0.08,33,0.73,0.38,0,0.08,0.02,0,0.01,0.1,0,0,0.1,33,0,33,0,0,0,0,0,0
Kaleb Smith,DEF,233000,3000,24,20,28,0.49,0.48,0,0,0,0,28,0.49,0.48,0,0,28,0.49,0.48,0,0,0.04,0.01,0.01,0.1,0,0,0.1,0,28,0,28,8,8,8,0,0
Bodie Ryan,DEF,230000,0,24,24,0,0,0,0,0,0,0,0,0,0,0,0,0,0,0,0,0,0,0,0.01,0.1,0,0,0,0,0,0,0,0,0,0,0,0
Patrick Said,MID/FWD,230000,0,24,24,0,0,0,0,0,0,0,0,0,0,0,0,0,0,0,0,0,0,0.01,0.01,0,0,-0.01,0,0,0,0,0,0,0,0,0,0
Charlie Edwards,DEF/MID,230000,0,24,24,0,0,0,0,0,0,0,0,0,0,0,0,0,0,0,0,0,0.01,0.01,0.01,0,0,0,0,0,0,0,0,0,0,0,0,0
Luke Urquhart,MID,230000,0,24,24,0,0,0,0,0,0,0,0,0,0,0,0,0,0,0,0,0,0.01,0,0.01,0,0,0.01,0,0,0,0,0,0,0,0,0,0
Campbell Gray,DEF/FWD,230000,0,24,24,0,0,0,0,0,0,0,0,0,0,0,0,0,0,0,0,0,0.01,0,0.01,0.1,0,0,0.1,0,0,0,0,0,0,0,0,0
Jakob Ryan,DEF,230000,0,24,24,0,0,0,0,0,0,0,0,0,0,0,0,0,0,0,0,0,0,0,0.01,0,0,0.01,0,0,0,0,0,0,0,0,0,0
Phoenix Gothard,FWD,230000,0,24,24,0,0,0,0,0,0,0,0,0,0,0,0,0,0,0,0,0,0,0,0.01,0,0,0.01,0,0,0,0,0,0,0,0,0,0
Loch Rawlinson,FWD,230000,0,24,24,0,0,0,0,0,0,0,0,0,0,0,0,0,0,0,0,0,0.01,0,0.01,0,0,0.01,0,0,0,0,0,0,0,0,0,0
Lachlan Smith,RUC,230000,0,24,24,0,0,0,0,0,0,0,0,0,0,0,0,0,0,0,0,0,0.01,0,0.01,0,0,0.01,0,0,0,0,0,0,0,0,0,0
Harry Barnett,RUC,230000,0,24,24,0,0,0,0,0,0,0,0,0,0,0,0,0,0,0,0,0,0.05,0,0.01,0,0,0.01,0,0,0,0,0,0,0,0,0,0
Lachlan Charleson,MID/FWD,230000,0,24,24,0,0,0,0,0,0,0,0,0,0,0,0,0,0,0,0,0,0.1,0.01,0.01,0,-0.01,-0.01,0,0,0,0,0,0,0,0,0,0
Geordie Payne,MID/FWD,230000,0,24,24,0,0,0,0,0,0,0,0,0,0,0,0,0,0,0,0,0,0.01,0,0.01,0,0,0.01,0,0,0,0,0,0,0,0,0,0
James Tunstill,MID/FWD,230000,0,24,24,0,0,0,0,0,0,0,0,0,0,0,0,0,0,0,0,0,0.05,0,0.01,0,0,0.01,0,0,0,0,0,37,37,37,0,0
Josh Gibcus,DEF,230000,0,24,24,0,0,0,0,0,0,0,0,0,0,0,0,0,0,0,0,0,0.05,0,0.01,0,0,0,0,0,0,0,0,38,38,38,0,0
Jackson Macrae,FWD,846000,114000,87,19,153,0.87,1.47,0.78,-0.02,0,0,131,0.86,1.28,0.79,0,131,0.86,1.28,0.79,0,0.59,1,1,1,0.01,0,0,153,109,153,109,88,89,118,0,0
Jarrod Witts,RUC,1008000,20000,103,86,0,0,0,0,-0.84,0,0,125,0.83,1.26,0.84,0,125,0.83,1.26,0.84,0,0.01,0,0,0,0,0,0,125,0,0,125,82,81,80,0,0
Noah Anderson,MID,1074000,7000,110,104,0,0,0,0,-0.74,0,0,117,0.8,1.22,0.74,0,117,0.8,1.22,0.74,0,0.03,0,0,0,-0.03,-0.04,-0.1,117,0,0,117,118,115,99,0,0
Zachary Merrett,MID,1111000,-5000,114,105,138,0.87,1.32,0.6,0.05,0,0,117,0.89,1.11,0.58,0,117,0.89,1.11,0.58,0,0.09,0.02,0.03,0,0,0.01,0,0,117,138,96,135,123,113,0,0
George Hewett,MID,899000,47000,92,64,120,0.81,1.23,0.7,0.08,0,0,111,0.75,1.23,0.66,0,111,0.75,1.23,0.66,0,0.01,0,0,0,0,0,0,0,111,120,101,72,69,59,0,0
Jarrod Berry,MID,912000,47000,93,67,118,0.79,1.24,0,0,0,0,111,0.82,1.13,0,0,111,0.82,1.13,0,0,0.01,0,0,0,0,0,0,111,0,118,104,117,88,83,0,0
Matt Crouch,MID,1041000,-5000,107,97,131,0.73,1.5,0.65,-0.15,0,0,110,0.74,1.25,0.73,0,110,0.74,1.25,0.73,0,0,0,0,0,0,0,0,110,0,89,131,82,94,105,0,0
Thomas Liberatore,MID,935000,37000,96,77,109,0.82,1.11,0.79,0,0,0,109,0.82,1.11,0.79,0,109,0.82,1.11,0.79,0,0.05,0.11,0.18,0.3,0.01,0.04,0.1,108,109,109,0,68,97,82,0,0
Matt Rowell,MID,970000,8000,99,92,0,0,0,0,-0.77,0,0,108,0.79,1.14,0.77,0,108,0.79,1.14,0.77,0,0.01,0,0,0,0,0,0,108,0,0,108,68,63,65,0,0
Joshua Kelly,MID,1008000,31000,103,98,0,0,0,0,-0.58,0,0,108,0.83,1.09,0.65,0,108,0.83,1.09,0.65,0,0.03,0,0,0,-0.01,-0.01,0,108,0,118,98,30,78,100,0,0
Lachie Whitfield,DEF,1127000,-19000,115,129,0,0,0,0,0,0,-0.5,105,0.79,1.12,0,0.41,105,0.79,1.12,0,0.41,0.2,0,0,0,-0.05,-0.02,0,105,0,99,111,137,114,108,0,0
Ben Keays,FWD,822000,36000,84,51,132,0.81,1.36,0,0,0,0,104,0.83,1.05,0,0,104,0.83,1.05,0,0,0.01,0,0,0,0,0,0,104,0,75,132,88,97,100,0,0
Tom Green,MID,1024000,-1000,105,105,0,0,0,0,-0.73,0,0,104,0.76,1.14,0.73,0,104,0.76,1.14,0.73,0,0.02,0,0,0,0,0,0,104,0,0,104,84,77,81,0,0
Rowan Marshall,RUC,1135000,-66000,116,127,142,0.82,1.44,0.81,0.67,0,0,103,0.83,1.04,0.48,0,103,0.83,1.04,0.48,0,0.14,0,0,0,0,0,0,142,64,142,64,140,136,104,0,0
Jai Newcombe,MID,908000,28000,93,63,142,0.8,1.48,0.78,-0.01,0,0,102,0.84,1.02,0.78,0,102,0.84,1.02,0.78,0,0.05,0,0,0,0,0,0,102,0,88,109,103,89,89,0,0
Mason Wood,MID/FWD,863000,16000,88,69,121,0.95,1.06,0,0,0,0,99,0.94,0.88,0,0,99,0.94,0.88,0,0,0.01,0,0,0,0,0,0,121,77,121,77,86,76,70,0,0
Oliver Wines,MID,935000,5000,96,93,98,0.75,1.09,0.65,0.04,0,0,98,0.73,1.12,0.63,0,98,0.73,1.12,0.63,0,0,0,0,0,0,0,0,98,97,98,97,36,76,86,0,0
Travis Boak,MID,822000,53000,84,68,81,0.8,0.84,0.12,-0.04,0,0,98,0.76,1.09,0.14,0,98,0.76,1.09,0.14,0,0,0,0,0,0,0,0,81,115,81,115,23,46,75,0,0
Toby Greene,FWD,795000,44000,81,56,0,0,0,0,-0.23,0,0,97,0.92,0.87,0.24,0,97,0.92,0.87,0.24,0,0.05,0,0,0,0,0,0,97,0,82,112,94,70,83,0,0
Toby Nankervis,RUC,1025000,-7000,105,123,69,0.83,0.69,0.76,-0.03,0,0,96,0.84,0.95,0.78,0,96,0.84,0.95,0.78,0,0.02,0.01,0,0,-0.01,-0.05,0,123,69,123,69,80,106,104,0,0
Chad Warner,MID,942000,-19000,96,90,129,0.88,1.22,0.68,0.14,0,0,96,0.86,0.92,0.56,0,96,0.86,0.92,0.56,0,0.07,0,0,0,0,0,0,129,79,79,129,0,0,0,0,0
Jack Steele,MID,1047000,-47000,107,120,114,0.8,1.19,0.78,-0.08,0,0,96,0.8,1,0.82,0,96,0.8,1,0.82,0,0.02,0,0,0,0,0,0,114,77,114,77,99,107,99,0,0
Touk Miller,MID,953000,-2000,98,100,0,0,0,0,-0.58,0,0,95,0.73,1.08,0.58,0,95,0.73,1.08,0.58,0,0.01,0,0,0,0,-0.01,0,95,0,0,95,90,124,108,0,0
Josh Ward,MID,653000,76000,67,26,101,0.76,1.11,0.35,0.29,0,0,95,0.79,1.01,0.2,0,95,0.79,1.01,0.2,0,0.01,0,0,0,0,0,0,95,0,88,101,35,61,61,0,0
Rory Laird,MID,1005000,-14000,103,116,83,0.81,0.85,0,0,0.1,0.1,95,0.82,0.96,0,0.05,95,0.82,0.96,0,0.05,0.01,0,0,0,0,-0.01,0,95,0,107,83,121,99,112,0,0
Cameron Zurhaar,FWD,740000,59000,76,51,86,0.82,0.87,0,0,0,0,94,0.84,0.94,0,0,94,0.84,0.94,0,0,0.01,0,0,0,0,0,0,86,102,86,102,67,60,52,0,0
Lachlan Ash,DEF,844000,50000,86,82,0,0,0,0,0,0,-0.12,94,0.84,0.94,0,0.25,94,0.84,0.94,0,0.25,0.07,0.02,0.02,0,-0.04,-0.02,0,94,0,125,63,83,80,80,0,0
Matthew Roberts,DEF,840000,60000,86,74,95,0.94,0.84,0,0,0.45,0.24,93,0.93,0.84,0,0.25,93,0.93,0.84,0,0.25,0.47,0.94,0.92,1,0.11,0.1,0.3,95,93,93,95,0,0,0,0,0
Marcus Windhager,MID,753000,31000,77,51,113,0.84,1.12,0.81,0.55,0,0,93,0.82,0.94,0.53,0,93,0.82,0.94,0.53,0,0,0,0,0,0,0,0,113,72,113,72,65,75,75,0,0
Jaeger O'Meara,MID,702000,66000,72,43,87,0.88,0.82,0.77,0.53,0,0,93,0.85,0.92,0.5,0,93,0.85,0.92,0.5,0,0.01,0,0,0,0,0,0,0,93,87,99,81,57,87,0,0
Sam Walsh,MID,1040000,-49000,106,126,99,0.8,1.03,0.74,0.36,0,0,92,0.81,0.95,0.56,0,92,0.81,0.95,0.56,0,0.03,0,0,0,0,-0.01,0,0,92,99,84,88,100,96,0,0
Ben King,FWD,577000,31000,59,32,0,0,0,0,0,0,0,92,0.87,0.88,0,0,92,0.87,0.88,0,0,0.01,0,0,0,0,0,0,92,0,0,92,48,28,36,0,0
Mitchell Knevitt,MID,544000,113000,56,7,80,0.78,0.85,0.62,0.06,0,0,92,0.73,1.06,0.59,0,92,0.73,1.06,0.59,0,0.09,0.21,0.29,0.4,0.06,0.07,0.1,103,80,103,80,0,0,0,0,0
Ted Clohesy,MID/FWD,318000,53000,33,-15,91,0.57,1.33,0,0,0,0,91,0.57,1.33,0,0,91,0.57,1.33,0,0,0.06,0,0,0,0,0,0,0,91,0,91,0,0,0,0,0
Josh Daicos,MID,951000,-22000,97,110,85,0.85,0.83,0,0,0.1,-0.12,91,0.87,0.87,0,0.18,91,0.87,0.87,0,0.18,0.05,0,0,0,-0.01,-0.01,0,92,88,99,87,0,0,0,0,0
Paul Curtis,FWD,638000,60000,65,25,110,0.82,1.12,0,0,0,0,91,0.85,0.9,0,0,91,0.85,0.9,0,0,0,0,0,0,0,0,0,110,71,110,71,38,50,53,0,0
Darcy Wilmot,DEF,794000,23000,81,69,91,0.83,0.91,0,0,0.33,0,90,0.84,0.89,0,0.33,90,0.84,0.89,0,0.33,0.01,0,0,0,0,-0.01,-0.1,90,0,91,88,79,85,85,0,0
Callum Wilkie,DEF,784000,26000,80,66,93,1,0.78,0,0,0,-0.12,90,1,0.75,0,0.06,90,1,0.75,0,0.06,0.01,0,0,0,0,0,0,93,87,93,87,99,86,76,0,0
Josh Rachele,FWD,708000,47000,72,46,96,0.85,0.94,0.05,0.05,0,0,90,0.8,0.94,0.02,0,90,0.8,0.94,0.02,0,0.01,0,0,0,0,0,0,90,0,84,96,75,70,70,0,0
Nicholas Martin,DEF,1057000,-43000,108,139,72,0.97,0.62,0,0,0,0,89,0.96,0.78,0,0,89,0.96,0.78,0,0,0.07,0.01,0.01,0,-0.03,0,0,0,89,72,106,114,80,87,0,0
Tom Atkins,MID,759000,27000,78,60,98,0.8,1.02,0.66,0.01,0,0,89,0.8,0.93,0.65,0,89,0.8,0.93,0.65,0,0,0,0,0,0,0,0,80,98,80,98,63,66,74,0,0
Harrison Himmelberg,DEF,838000,13000,86,80,0,0,0,0,0,0,-0.38,89,0.93,0.8,0,0.31,89,0.93,0.8,0,0.31,0.02,0,0,0,0,-0.01,0,89,0,81,96,82,78,73,0,0
Nick Blakey,DEF,855000,14000,87,88,86,0.88,0.81,0,0,0.27,-0.23,87,0.88,0.83,0,0.54,87,0.88,0.83,0,0.54,0.07,0,0,0,-0.01,0,0,86,88,88,86,0,0,0,0,0
Riley Thilthorpe,FWD,683000,45000,70,45,91,0.82,0.92,0.16,0.07,0,0,87,0.79,0.91,0.12,0,87,0.79,0.91,0.12,0,0.02,0,0,0,0,0,0,87,0,82,91,79,72,72,0,0
Timothy English,RUC,1015000,-59000,104,125,101,0.82,1.03,0.75,-0.01,0,0,87,0.81,0.9,0.75,0,87,0.81,0.9,0.75,0,0.06,0.01,0,0,0.01,0,0,73,101,87,0,111,101,92,0,0
Isaac Heeney,MID,1005000,-74000,103,131,79,0.87,0.76,0.77,-0.05,0,0,87,0.86,0.85,0.81,0,87,0.86,0.85,0.81,0,0.1,0,0,0,0,0,0,79,92,92,79,0,0,0,0,0
Oscar McInerney,RUC,869000,-10000,89,94,86,0.81,0.88,0.86,0.04,0,0,86,0.8,0.89,0.84,0,86,0.8,0.89,0.84,0,0.02,0,0,0,0,0,0,86,0,86,85,57,81,57,0,0
Kade Chandler,FWD,658000,31000,67,35,117,0.82,1.19,0.23,0.23,0,0,86,0.82,0.88,0.11,0,86,0.82,0.88,0.11,0,0,0,0,0,0,0,0,0,86,54,117,60,49,49,0,0
Tom Sparrow,MID,711000,46000,73,56,76,0.81,0.78,0.48,0.13,0,0,86,0.83,0.87,0.42,0,86,0.83,0.87,0.42,0,0,0,0,0,0,0,0,0,86,96,76,11,56,58,0,0
Zach Guthrie,DEF,790000,20000,81,75,79,0.82,0.8,0,0,0.86,0.3,86,0.81,0.89,0,0.71,86,0.81,0.89,0,0.71,0.01,0,0,0,0,0,0,93,79,93,79,83,53,53,0,0
Jordon Sweet,RUC,843000,5000,86,89,75,0.85,0.74,0.82,-0.02,0,0,86,0.83,0.87,0.83,0,86,0.83,0.87,0.83,0,0.03,0.01,0,0,0,-0.01,0,75,96,75,96,0,0,0,0,0
Reilly O'Brien,RUC,919000,-15000,94,108,74,0.86,0.72,0.84,-0.07,0,0,86,0.86,0.84,0.88,0,86,0.86,0.84,0.88,0,0.01,0,0,0,0,0,0,86,0,98,74,96,103,105,0,0
Luke Davies-Uniacke,MID,948000,-36000,97,114,86,0.87,0.82,0.74,0.01,0,0,85,0.87,0.82,0.73,0,85,0.87,0.82,0.73,0,0.02,0,0,0,0,-0.01,0,86,84,86,84,98,97,81,0,0
Jase Burgoyne,MID,775000,-10000,79,64,122,1,1.02,0,0,0,0,85,0.9,0.76,0,0,85,0.9,0.76,0,0,0.01,0,0,0,0,0,0,122,48,122,48,49,35,35,0,0
Conor Nash,MID,792000,34000,81,76,75,0.79,0.79,0.78,0.14,0,0,84,0.78,0.9,0.73,0,84,0.78,0.9,0.73,0,0.01,0,0,0,0,0,0,84,0,102,75,55,74,78,0,0
Jack Crisp,MID,853000,1000,87,93,75,0.83,0.75,0,-0.03,0,0,84,0.85,0.82,0.05,0,84,0.85,0.82,0.05,0,0.02,0,0,0,0,0,0,88,77,101,76,0,0,0,0,0
Steele Sidebottom,MID,785000,36000,80,69,84,0.83,0.84,0.58,-0.07,0,0,84,0.83,0.84,0.46,0,84,0.83,0.84,0.46,0,0.01,0,0,0,0,0,0,95,62,106,73,0,0,0,0,0
Matthew Kennedy,MID/FWD,800000,9000,82,83,73,0.81,0.75,0.58,0.16,0,0,83,0.78,0.9,0.5,0,83,0.78,0.9,0.5,0,0.02,0.01,0,0,0,-0.02,-0.1,92,73,83,0,0,0,0,0,0
Willem Drew,MID,847000,-29000,87,87,108,0.73,1.23,0.82,0.14,0,0,83,0.76,0.92,0.75,0,83,0.76,0.92,0.75,0,0,0,0,0,0,0,0,108,58,108,58,74,85,79,0,0
Sam Darcy,FWD,775000,-3000,79,71,100,0.86,0.97,0.17,-0.07,0,0,83,0.84,0.82,0.2,0,83,0.84,0.82,0.2,0,0.02,0,0,0,0,0,0,65,100,83,0,90,90,90,0,0
Tim Kelly,MID,853000,-28000,87,90,102,0.78,1.09,0.76,0.08,0,0,83,0.76,0.9,0.72,0,83,0.76,0.9,0.72,0,0.01,0,0,0,0,0,0,0,83,63,102,101,93,95,0,0
Darcy Fogarty,FWD,646000,45000,66,44,82,0.8,0.85,0,0,0,0,82,0.82,0.83,0,0,82,0.82,0.83,0,0,0.01,0,0,0,0,0,0,82,0,81,82,65,76,70,0,0
Alex Neal-Bullen,MID/FWD,806000,-5000,82,83,85,0.84,0.84,0,0,0,0,82,0.82,0.83,0,0,82,0.82,0.83,0,0,0.01,0,0,0,0,0,0,82,0,78,85,83,85,67,0,0
Brodie Grundy,RUC,929000,-68000,95,116,82,0.64,1.07,0.68,-0.18,0,0,82,0.75,0.92,0.8,0,82,0.75,0.92,0.8,0,0.04,0,0,0,0,0,0,82,82,82,82,0,0,0,0,0
Jake Lloyd,DEF/MID,785000,6000,80,72,99,0.9,0.92,0,0,0.09,0.09,82,0.89,0.77,0,0.03,82,0.89,0.77,0,0.03,0.04,0,0,0,0,0,0,99,74,74,99,0,0,0,0,0
Lachlan Weller,DEF,759000,3000,78,75,0,0,0,0,-0.23,0,0,81,0.71,0.95,0.23,0,81,0.71,0.95,0.23,0,0,0,0,0,0,0,0,81,0,0,81,65,77,77,0,0
Jack Viney,MID,873000,-24000,89,101,80,0.77,0.87,0.65,-0.04,0,0,81,0.77,0.88,0.67,0,81,0.77,0.88,0.67,0,0,0,0,0,0,0,0,0,81,82,80,141,108,96,0,0
Lachlan Schultz,FWD,687000,49000,70,40,106,0.81,1.09,0,0,0,0,81,0.82,0.83,0,0,81,0.82,0.83,0,0,0.01,0,0,0,0,0,0,94,57,81,82,0,0,0,0,0
Lachlan Sholl,MID,853000,-22000,87,97,82,0.8,0.85,0,0,0,0,80,0.85,0.79,0,0,80,0.85,0.79,0,0,0,0,0,0,0,0,0,80,0,78,82,106,106,106,0,0
Tim Taranto,MID,939000,-41000,96,121,70,0.9,0.65,0.82,-0.01,0,0,80,0.89,0.75,0.83,0,80,0.89,0.75,0.83,0,0.03,0,0,0,-0.01,0,0,89,70,89,70,74,91,98,0,0
Joel Jeffrey,DEF,620000,16000,63,50,0,0,0,0,0,0,-0.29,80,0.79,0.84,0,0.29,80,0.79,0.84,0,0.29,0,0,0,0,0,-0.01,-0.1,80,0,0,80,29,29,29,0,0
Bailey Scott,MID,811000,-10000,83,87,81,0.84,0.8,0,0,0,0,80,0.83,0.81,0,0,80,0.83,0.81,0,0,0,0,0,0,0,0,0,81,79,81,79,54,79,56,0,0
Lloyd Meek,RUC,878000,-29000,90,118,65,0.8,0.68,0.91,0,0,0,79,0.83,0.8,0.89,0,79,0.83,0.8,0.89,0,0.09,0,0,0,0,0,0,79,0,63,88,109,77,72,0,0
Jackson Mead,MID/FWD,642000,23000,66,43,98,0.78,1.05,0.29,0.23,0,0,79,0.81,0.82,0.18,0,79,0.81,0.82,0.18,0,0,0,0,0,0,0,0,98,59,98,59,60,60,60,0,0
Matt Johnson,MID,672000,36000,69,57,68,0.7,0.81,0.18,-0.32,0,0,79,0.75,0.87,0.34,0,79,0.75,0.87,0.34,0,0,0,0,0,0,0,0,0,79,68,89,48,61,61,0,0
Luke Ryan,DEF,976000,-72000,100,128,90,0.91,0.82,0,0,0.46,-0.1,78,0.9,0.72,0,0.51,78,0.9,0.72,0,0.51,0.03,0,0,0,-0.01,0,0,0,78,90,66,63,68,72,0,0
Liam Ryan,FWD,612000,12000,63,50,78,0.86,0.76,0,0,0,0,78,0.86,0.76,0,0,78,0.86,0.76,0,0,0,0,0,0,0,0,0,0,78,0,78,57,50,53,0,0
Sam Draper,RUC,709000,22000,73,67,67,0.91,0.61,0.37,0.01,0,0,78,0.87,0.75,0.37,0,78,0.87,0.75,0.37,0,0.06,0,0,0,0,0,0,0,78,67,88,49,60,52,0,0
Daniel Rioli,DEF,849000,-8000,87,94,0,0,0,0,0,0,0,78,0.82,0.79,0,0,78,0.82,0.79,0,0,0.03,0,0,0,-0.01,-0.01,0,78,0,0,78,87,79,64,0,0
Thomson Dow,MID,590000,61000,60,40,59,0.79,0.62,0.5,0.12,0,0,77,0.79,0.81,0.44,0,77,0.79,0.81,0.44,0,0.01,0,0,0,0,0,0,95,59,95,59,50,55,61,0,0
Liam Baker,MID/FWD,783000,-22000,80,82,92,0.83,0.92,0.83,0.83,0,-0.19,77,0.83,0.77,0.41,0.09,77,0.83,0.77,0.41,0.09,0.05,0.01,0,0,0,0,0,0,77,61,92,53,61,63,0,0
Nick Bryan,RUC,654000,31000,67,54,72,0.7,0.86,0.63,-0.01,0,0,77,0.67,0.97,0.63,0,77,0.67,0.97,0.63,0,0.02,0,0,0,0,0,0,0,77,72,81,39,39,39,0,0
Mitchell Hinge,DEF,827000,-22000,85,96,74,0.8,0.77,0,0,0.3,0.3,77,0.77,0.84,0,0.15,77,0.77,0.84,0,0.15,0.01,0,0,0,0,0,0,77,0,79,74,56,81,76,0,0
Daniel McStay,FWD,593000,103000,61,28,63,0.84,0.62,0,-0.16,0,0,76,0.83,0.77,0.16,0,76,0.83,0.77,0.16,0,0.02,0,0,0,0,0,0,94,42,124,53,0,0,0,0,0
Ryan Lester,DEF,674000,6000,69,56,94,0.78,1,0,0,0,-0.11,76,0.84,0.77,0,0.06,76,0.84,0.77,0,0.06,0,0,0,0,0,0,0,76,0,94,57,47,48,46,0,0
Jack Ross,MID,706000,38000,72,74,38,0.83,0.38,0.26,0.14,0,0,76,0.81,0.79,0.19,0,76,0.81,0.79,0.19,0,0.01,0,0,0,0,0,0,114,38,114,38,74,71,64,0,0
Dan Houston,DEF,922000,-42000,94,123,60,0.8,0.62,0,0,0.2,-0.13,76,0.79,0.8,0,0.27,76,0.79,0.8,0,0.27,0.05,0,0,0,-0.01,-0.02,-0.1,76,0,92,60,0,0,0,0,0
Mark Blicavs,MID,709000,5000,73,66,84,0.82,0.85,0.31,0.13,0,0,76,0.81,0.78,0.24,0,76,0.81,0.78,0.24,0,0,0,0,0,0,0,0,68,84,68,84,53,89,76,0,0
Cameron Mackenzie,MID,652000,54000,67,50,82,0.65,1.05,0.3,-0.4,0,0,75,0.7,0.9,0.44,0,75,0.7,0.9,0.44,0,0.02,0,0,0,0,0,0,75,0,68,79,50,35,35,0,0
Ed Langdon,MID,799000,-15000,82,94,66,0.83,0.66,0.45,0.41,0,0,75,0.92,0.68,0.25,0,75,0.92,0.68,0.25,0,0,0,0,0,0,0,0,0,75,83,66,140,87,85,0,0
Xavier Duursma,MID,830000,-9000,85,105,47,0.78,0.5,0,-0.03,0,0,75,0.81,0.77,0.02,0,75,0.81,0.77,0.02,0,0,0,0,0,0,0,0,0,75,47,103,99,99,99,0,0
Hugh McCluggage,MID,930000,-69000,95,121,90,0.8,0.94,0.69,-0.13,0,0,75,0.78,0.8,0.76,0,75,0.78,0.8,0.76,0,0.01,0,0,0,0,0,0,75,0,90,60,87,85,81,0,0
Tyson Stengle,FWD,670000,10000,69,60,80,0.84,0.79,0,0,0,0,74,0.82,0.75,0,0,74,0.82,0.75,0,0,0.01,0,0,0,0,0,0,67,80,67,80,73,58,58,0,0
Archie Perkins,MID,686000,19000,70,67,63,0.82,0.64,0.49,0.25,0,0,74,0.84,0.74,0.37,0,74,0.84,0.74,0.37,0,0.01,0,0,0,0,0,0,0,74,63,85,62,59,64,0,0
Ben Long,FWD,585000,12000,60,49,0,0,0,0,0,0,0,73,0.79,0.77,0,0,73,0.79,0.77,0,0,0,0,0,0,0,0,0,73,0,0,73,19,38,53,0,0
Mason Redman,DEF,830000,-30000,85,104,63,0.83,0.63,0,-0.27,0.45,-0.05,73,0.88,0.69,0.14,0.48,73,0.88,0.69,0.14,0.48,0.01,0,0,0,0,0,0,0,73,63,82,57,70,71,0,0
Zak Jones,MID,595000,6000,61,36,111,0.86,1.08,0.06,-0.14,0,0,73,0.8,0.74,0.13,0,73,0.8,0.74,0.13,0,0,0,0,0,0,0,0,111,34,111,34,80,59,70,0,0
Joe Richards,FWD,546000,40000,56,29,85,0.81,0.87,0,0,0,0,73,0.82,0.74,0,0,73,0.82,0.74,0,0,0.01,0,0,0,0,0,0,85,60,85,60,34,34,34,0,0
Matthew Flynn,RUC,630000,8000,64,57,0,0,0,0,-0.68,0,0,73,0.85,0.72,0.68,0,73,0.85,0.72,0.68,0,0.02,0,0,0,0,0,0,0,73,73,0,72,72,72,0,0
Jacob Weitering,DEF,682000,17000,70,68,59,1,0.49,0,0,0,0,73,0.99,0.62,0,0,73,0.99,0.62,0,0,0.02,0,0,0,0,0,0,0,73,59,86,97,72,60,0,0
James Rowbottom,MID,812000,-57000,83,99,78,0.76,0.86,0.55,-0.02,0,0,73,0.72,0.85,0.59,0,73,0.72,0.85,0.59,0,0.02,0,0,0,0,0,0,78,70,70,78,0,0,0,0,0
Aidan Corr,DEF,562000,51000,58,38,63,0.87,0.6,0,0,0.08,-0.28,73,0.91,0.67,0,0.22,73,0.91,0.67,0,0.22,0.01,0,0,0,0,0,0,63,82,63,82,50,48,45,0,0
Zac Bailey,MID/FWD,706000,-3000,72,72,76,0.85,0.75,0,0,0,0,72,0.85,0.71,0,0,72,0.85,0.71,0,0,0.02,0,0,0,0,0,0,72,0,76,68,47,63,60,0,0
Dylan Moore,FWD,875000,-69000,90,127,45,0.79,0.47,0.04,-0.05,0,0,72,0.86,0.69,0.1,0,72,0.86,0.69,0.1,0,0.21,0.01,0,0,-0.02,-0.02,0,72,0,97,60,88,85,83,0,0
Trent Rivers,DEF/MID,814000,-27000,83,103,59,0.79,0.62,0,-0.31,0.09,-0.09,71,0.76,0.79,0.15,0.14,71,0.76,0.79,0.15,0.14,0.03,0,0,0,-0.02,0,0,0,71,83,59,86,78,75,0,0
Josh Battle,DEF,736000,-21000,75,79,75,0.98,0.64,0,0,0.17,-0.06,71,0.92,0.65,0,0.17,71,0.92,0.65,0,0.17,0.02,0,0,0,0,0,0,71,0,82,66,69,79,56,0,0
Massimo D'Ambrosio,MID,753000,-45000,77,84,94,0.83,0.94,0,0,0,0,71,0.76,0.76,0,0,71,0.76,0.76,0,0,0.05,0,0,0,0,0,0,71,0,45,84,80,78,78,0,0
Dylan Shiel,MID,753000,-16000,77,89,61,0.77,0.66,0,0,0.09,-0.03,70,0.81,0.71,0,0.11,70,0.81,0.71,0,0.11,0.01,0,0,0,-0.01,-0.02,0,0,70,61,78,17,63,77,0,0
Jack Darling,FWD,580000,30000,59,43,72,0.84,0.71,0.16,0.04,0,0,70,0.89,0.66,0.14,0,70,0.89,0.66,0.14,0,0.01,0,0,0,0,0,0,72,68,72,68,53,65,76,0,0
Patrick Lipinski,MID/FWD,706000,1000,72,74,61,0.87,0.58,0,0,0,0,70,0.87,0.67,0,0,70,0.87,0.67,0,0,0.09,0,0,0,-0.01,0,0,79,53,97,57,0,0,0,0,0
Liam Duggan,DEF,858000,-52000,88,114,68,0.83,0.68,0,-0.42,0,0,70,0.75,0.78,0.21,0,70,0.75,0.78,0.21,0,0.01,0,0,0,0,0,0,0,70,71,68,89,87,83,0,0
Josh Sinn,DEF,494000,42000,51,19,90,0.75,1,0,0,0.14,-0.16,70,0.7,0.82,0,0.22,70,0.7,0.82,0,0.22,0.01,0,0,0,0,0,0,90,50,90,50,0,0,0,0,0
Jordan De Goey,MID,805000,-14000,82,92,70,0.82,0.71,0.25,0.25,0,0,70,0.82,0.71,0.25,0,70,0.82,0.71,0.25,0,0,0,0,0,0,0,0,70,0,0,70,0,0,0,0,0
Tom Cole,DEF,671000,15000,69,72,49,0.83,0.49,0,0,0,0,69,0.81,0.72,0,0,69,0.81,0.72,0,0,0,0,0,0,0,0,0,0,69,89,49,109,73,67,0,0
Nick Vlastuin,DEF,808000,-28000,83,105,53,0.79,0.56,0,0,0.21,-0.12,69,0.83,0.69,0,0.27,69,0.83,0.69,0,0.27,0.01,0,0,0,0,0,0,85,53,85,53,82,76,80,0,0
Willie Rioli,FWD,559000,18000,57,37,89,0.92,0.81,0.24,0.24,0,0,69,0.91,0.63,0.12,0,69,0.91,0.63,0.12,0,0.01,0,0,0,0,0,0,89,48,89,48,42,68,63,0,0
Ben Ainsworth,FWD,669000,1000,68,68,0,0,0,0,0,0,0,69,0.82,0.7,0,0,69,0.82,0.7,0,0,0,0,0,0,0,0,0,69,0,0,69,61,60,68,0,0
Mitch Georgiades,FWD,634000,-18000,65,54,103,0.88,0.98,0,0,0,0,68,0.85,0.66,0,0,68,0.85,0.66,0,0,0.01,0,0,0,0,0,0,103,32,103,32,86,79,79,0,0
Toby Pink,FWD,365000,27000,37,12,68,0.9,0.63,0,0,0,0,68,0.9,0.63,0,0,68,0.9,0.63,0,0,0,0,0,0,0,0,0,68,0,68,0,0,0,0,0,0
Ollie Dempsey,MID,735000,-12000,75,88,55,0.86,0.53,0,0,0,0,68,0.87,0.65,0,0,68,0.87,0.65,0,0,0.01,0,0,0,0,0,0,81,55,81,55,54,54,54,0,0
Jack Higgins,FWD,627000,3000,64,56,80,0.82,0.81,0,0,0,0,68,0.8,0.71,0,0,68,0.8,0.71,0,0,0,0,0,0,0,0,0,80,56,80,56,36,54,50,0,0
Changkuoth Jiath,MID,505000,13000,52,38,68,0.74,0.77,0,0,0.08,0.08,68,0.74,0.77,0,0.08,68,0.74,0.77,0,0.08,0.01,0,0,0,0,0,0,68,0,0,68,33,42,51,0,0
Matt Cottrell,MID/FWD,542000,30000,55,35,78,0.91,0.71,0,0,0,0,68,0.91,0.63,0,0,68,0.91,0.63,0,0,0.01,0,0,0,0,0,0,0,68,78,58,30,54,54,0,0
Sam Durham,MID,811000,-40000,83,106,60,0.82,0.61,0.72,0.17,0,0,68,0.83,0.68,0.63,0,68,0.83,0.68,0.63,0,0.01,0,0,0,0,0,0,0,68,60,75,43,61,61,0,0
Tyrell Dewar,FWD,389000,66000,40,-4,89,0.82,0.9,0,0,0,-0.25,68,0.83,0.68,0,0.13,68,0.83,0.68,0,0.13,0.01,0,0,0,0,0,0,0,68,46,89,0,0,0,0,0
Harry Morrison,MID,622000,42000,64,57,61,0.79,0.64,0,0,0,0,68,0.81,0.7,0,0,68,0.81,0.7,0,0,0.01,0,0,0,0,0,0,68,0,73,66,14,63,62,0,0
Jacob Hopper,MID,811000,-35000,83,107,54,0.77,0.58,0.76,-0.07,0,0,68,0.78,0.72,0.8,0,68,0.78,0.72,0.8,0,0.01,0,0,0,0,0,0,81,54,81,54,80,84,88,0,0
Anthony Caminiti,FWD,523000,31000,54,30,83,1,0.69,0,0,0,0,68,0.96,0.59,0,0,68,0.96,0.59,0,0,0,0,0,0,0,0,0,83,53,83,53,48,40,40,0,0
Laitham Vandermeer,FWD,511000,53000,52,34,53,0.79,0.56,0,0,0,0,67,0.79,0.71,0,0,67,0.79,0.71,0,0,0,0,0,0,0,0,0,81,53,67,0,28,53,53,0,0
Jake Lever,DEF,608000,32000,62,61,40,0.79,0.42,0,0,0,0,67,0.84,0.65,0,0,67,0.84,0.65,0,0,0.01,0,0,0,0,0,0,0,67,93,40,31,41,50,0,0
Callan Ward,MID,736000,-2000,75,91,0,0,0,0,-0.04,0,0,67,0.86,0.64,0.02,0,67,0.86,0.64,0.02,0,0.01,0,0,0,0,0,0,67,0,88,46,66,65,81,0,0
Colby McKercher,DEF,802000,-43000,82,106,60,0.77,0.65,0,0,0,0,66,0.78,0.71,0,0,66,0.78,0.71,0,0,0.05,0,0,0,-0.01,-0.01,0,60,72,60,72,109,109,109,0,0
Callum Ah Chee,FWD,605000,-4000,62,53,85,0.76,0.93,0,0,0,0,66,0.76,0.72,0,0,66,0.76,0.72,0,0,0.01,0,0,0,0,0,0,66,0,85,46,38,67,56,0,0
Connor Budarick,DEF,703000,-6000,72,76,0,0,0,0,0,0,0,66,0.77,0.71,0,0,66,0.77,0.71,0,0,0,0,0,0,0,0,0,66,0,0,66,74,66,66,0,0
Bailey Humphrey,FWD,481000,16000,49,35,0,0,0,0,-0.32,0,0,66,0.86,0.64,0.32,0,66,0.86,0.64,0.32,0,0.01,0,0,0,0,-0.02,0,66,0,0,66,43,55,55,0,0
Taylor Walker,FWD,627000,-8000,64,59,82,0.76,0.9,0,0,0,0,66,0.66,0.82,0,0,66,0.66,0.82,0,0,0.01,0,0,0,0,0,0,66,0,49,82,74,81,83,0,0
Ryan Byrnes,MID,671000,-12000,69,72,69,0.81,0.71,0,0,0,0,66,0.83,0.67,0,0,66,0.83,0.67,0,0,0,0,0,0,0,0,0,69,62,69,62,78,56,59,0,0
Darcy Fort,RUC,551000,9000,56,48,0,0,0,0,-0.18,0,0,66,0.73,0.75,0.18,0,66,0.73,0.75,0.18,0,0.01,0,0,0,0,0,0,66,0,0,66,91,91,91,0,0
John Noble,DEF,753000,-10000,77,86,0,0,0,0,0,0,-0.43,66,0.83,0.66,0,0.43,66,0.83,0.66,0,0.43,0.02,0,0,0,0,0,0,66,0,0,66,79,82,73,0,0
Bailey Williams,MID,746000,-27000,76,92,62,0.83,0.62,0,0,0,0,66,0.87,0.64,0,0,66,0.87,0.64,0,0,0,0,0,0,0,0,0,70,62,66,0,40,54,55,0,0
Brady Hough,DEF,606000,6000,62,56,71,0.87,0.68,0,0,0,0,66,0.88,0.63,0,0,66,0.88,0.63,0,0,0.01,0,0,0,0,0,0,0,66,60,71,46,52,48,0,0
James Jordon,MID/FWD,633000,8000,65,64,63,0.82,0.64,0.91,0.16,0,0,65,0.82,0.66,0.69,0,65,0.82,0.66,0.69,0,0.05,0,0,0,0,0,0,63,66,66,63,0,0,0,0,0
Dane Rampe,DEF,537000,52000,55,30,79,0.81,0.81,0,0,0,-0.07,65,0.84,0.65,0,0.02,65,0.84,0.65,0,0.02,0.02,0,0,0,0,0,0,79,58,58,79,0,0,0,0,0
Nick Larkey,FWD,582000,15000,60,52,64,0.89,0.6,0,0,0,0,65,0.89,0.61,0,0,65,0.89,0.61,0,0,0.02,0,0,0,0,0,0,64,65,64,65,56,51,55,0,0
Harry McKay,FWD,822000,-18000,84,99,0,0,0,0,-0.12,0,0,65,0.96,0.56,0.13,0,65,0.96,0.56,0.13,0,0.02,0,0,0,0,0,0,0,65,0,65,90,93,79,0,0
Ned Long,MID,493000,72000,50,17,72,0.75,0.8,0.58,-0.13,0,0,64,0.58,0.93,0.5,0,64,0.58,0.93,0.5,0,0.01,0,0,0,0,0,0,81,30,90,51,0,0,0,0,0
Rhyan Mansell,FWD,564000,2000,58,44,86,0.67,1.07,0,0,0,0,64,0.73,0.76,0,0,64,0.73,0.76,0,0,0.01,0,0,0,0,0,0,42,86,42,86,58,39,35,0,0
Elijah Tsatas,MID,601000,1000,62,57,71,0.63,0.94,0.53,-0.08,0,0,64,0.6,0.88,0.57,0,64,0.6,0.88,0.57,0,0.03,0,0,0,-0.01,-0.01,0,0,64,71,56,0,0,0,0,0
Will Graham,MID,603000,2000,62,59,0,0,0,0,-0.29,0,0,64,0.79,0.68,0.29,0,64,0.79,0.68,0.29,0,0,0,0,0,0,0,0,64,0,0,64,58,58,58,0,0
Adam Saad,DEF,707000,-20000,72,86,55,0.84,0.55,0,0,0.5,0,64,0.83,0.64,0,0.5,64,0.83,0.64,0,0.5,0.02,0,0,0,0,0,0,0,64,55,72,85,78,63,0,0
Jake Rogers,FWD,378000,24000,39,18,0,0,0,0,-0.06,0,0,64,0.75,0.71,0.06,0,64,0.75,0.71,0.06,0,0.01,0,0,0,0,0,0,64,0,0,64,37,37,37,0,0
Patrick Voss,FWD,405000,20000,41,23,64,0.75,0.71,0.05,0.05,0,0,64,0.75,0.71,0.05,0,64,0.75,0.71,0.05,0,0,0,0,0,0,0,0,0,64,64,0,0,0,0,0,0
Blake Hardwick,DEF,648000,-16000,66,64,76,0.91,0.7,0,0,0.17,0.09,64,0.92,0.58,0,0.08,64,0.92,0.58,0,0.08,0.01,0,0,0,0,0,0,64,0,69,62,102,77,66,0,0
Ben Miller,DEF,572000,13000,59,49,69,0.92,0.62,0,0,0.57,0.57,64,0.96,0.56,0,0.29,64,0.96,0.56,0,0.29,0,0,0,0,0,0,0,59,69,59,69,38,52,52,0,0
Luke McDonald,DEF,624000,5000,64,65,57,0.83,0.57,0,0,0.08,0.08,64,0.84,0.64,0,0.04,64,0.84,0.64,0,0.04,0,0,0,0,0,0,0,57,71,57,71,57,68,65,0,0
Matt Owies,FWD,524000,23000,54,39,69,0.84,0.68,0,0,0,0,63,0.84,0.63,0,0,63,0.84,0.63,0,0,0.01,0,0,0,0,0,0,0,63,57,69,27,45,43,0,0
Jesse Motlop,FWD,474000,25000,49,23,87,0.75,0.97,0.09,-0.03,0,0,63,0.75,0.7,0.11,0,63,0.75,0.7,0.11,0,0.01,0,0,0,0,0,0,0,63,87,39,35,35,35,0,0
Wayne Milera,DEF,579000,0,59,51,78,0.79,0.82,0,0,0.1,0.02,63,0.77,0.68,0,0.09,63,0.77,0.68,0,0.09,0.01,0,0,0,0,0,0,63,0,48,78,74,68,74,0,0
Reuben Ginbey,MID,619000,2000,63,64,58,0.89,0.54,0.14,0.14,0,0,63,0.91,0.58,0.07,0,63,0.91,0.58,0.07,0,0.01,0,0,0,0,0,0,0,63,68,58,56,68,68,0,0
Justin McInerney,MID,772000,-39000,79,101,0,0,0,0,-0.21,0,0,63,0.83,0.64,0.16,0,63,0.83,0.64,0.16,0,0.01,0,0,0,0,0,0,0,63,63,0,0,0,0,0,0
Sam Docherty,MID,740000,-42000,76,92,70,0.86,0.68,0,-0.17,0,0,63,0.57,1.21,0.08,0,63,0.57,1.21,0.08,0,0.02,0,0,0,0,0,0,0,63,70,56,112,114,105,0,0
Braeden Campbell,MID,539000,49000,55,36,64,0.8,0.67,0,0,0,0,63,0.79,0.67,0.01,0,63,0.79,0.67,0.01,0,0.02,0,0,0,0,0,0,64,63,63,64,0,0,0,0,0
Blake Acres,MID,858000,-51000,88,129,34,0.84,0.34,0,0,0,0,63,0.81,0.66,0,0,63,0.81,0.66,0,0,0.01,0,0,0,0,0,0,0,63,34,92,93,75,78,0,0
Jeremy McGovern,DEF,775000,-50000,79,103,64,0.91,0.59,0,0,0.5,0.12,63,0.89,0.59,0,0.44,63,0.89,0.59,0,0.44,0.01,0,0,0,0,0,0,0,63,61,64,86,67,73,0,0
Harvey Gallagher,MID,574000,12000,59,53,62,0.77,0.67,0,0,0,0,63,0.8,0.66,0,0,63,0.8,0.66,0,0,0,0,0,0,0,0,0,63,62,63,0,23,23,23,0,0
Nicholas Holman,MID/FWD,513000,8000,52,45,0,0,0,0,0,0,0,61,0.77,0.66,0,0,61,0.77,0.66,0,0,0,0,0,0,0,0,0,61,0,0,61,44,53,59,0,0
Max Michalanney,DEF,646000,-23000,66,71,72,0.9,0.67,0,0,0,0,61,0.9,0.57,0,0,61,0.9,0.57,0,0,0.01,0,0,0,0,0,0,61,0,50,72,57,57,57,0,0
Aaron Naughton,FWD,628000,10000,64,74,33,0.83,0.33,0.08,0.08,0,0,61,0.86,0.59,0.04,0,61,0.86,0.59,0.04,0,0.01,0,0,0,0,0,0,89,33,61,0,60,51,55,0,0
Jaspa Fletcher,MID,600000,-20000,61,57,85,0.81,0.87,0,0,0.33,0.22,61,0.78,0.64,0,0.22,61,0.78,0.64,0,0.22,0.01,0,0,0,0,0,0,61,0,85,36,68,72,72,0,0
Xavier O'Halloran,MID/FWD,519000,31000,53,43,0,0,0,0,0,0,0,61,0.82,0.62,0,0,61,0.82,0.62,0,0,0.03,0,0,0,0,0,0,61,0,67,55,38,50,50,0,0
Jamie Elliott,FWD,639000,-20000,65,72,66,0.93,0.59,0,0,0,0,61,0.88,0.58,0.03,0,61,0.88,0.58,0.03,0,0.02,0,0,0,0,0,0,61,62,55,64,0,0,0,0,0
Noah Answerth,DEF,538000,15000,55,46,64,0.8,0.67,0,0,0,0,61,0.83,0.62,0,0,61,0.83,0.62,0,0,0,0,0,0,0,0,0,61,0,64,58,85,76,76,0,0
Samuel Collins,DEF,553000,4000,57,53,0,0,0,0,0,0,0,61,0.88,0.58,0,0,61,0.88,0.58,0,0,0,0,0,0,0,0,0,61,0,0,61,32,41,52,0,0
Lachlan Cowan,DEF,596000,16000,61,66,37,0.84,0.37,0,0,0,0,61,0.85,0.6,0,0,61,0.85,0.6,0,0,0.01,0,0,0,0,0,0,0,61,37,84,57,57,57,0,0
Wil Powell,DEF,752000,-15000,77,90,0,0,0,0,0,0,-0.14,61,0.85,0.6,0,0.14,61,0.85,0.6,0,0.14,0,0,0,0,0,0,0,61,0,0,61,62,77,66,0,0
Harrison Jones,FWD,575000,13000,59,58,49,0.83,0.49,0,0,0,0,61,0.81,0.63,0,0,61,0.81,0.63,0,0,0.01,0,0,0,0,0,0,0,61,49,72,67,39,39,0,0
Connor Idun,DEF,724000,-21000,74,96,0,0,0,0,0,0,0,61,0.85,0.59,0,0,61,0.85,0.59,0,0,0.01,0,0,0,0,0,0,61,0,74,47,71,78,72,0,0
Aliir Aliir,DEF,620000,-18000,63,66,71,1,0.59,0,0,0,0,60,1,0.5,0,0,60,1,0.5,0,0,0.02,0,0,0,0,0,0,71,49,71,49,65,46,58,0,0
Jarman Impey,DEF,721000,-77000,74,95,65,0.79,0.69,0,0,0,0,60,0.8,0.63,0,0.04,60,0.8,0.63,0,0.04,0.02,0,0,0,0,0,0,60,0,64,59,64,55,59,0,0
Josh Treacy,FWD,716000,-62000,73,86,91,0.92,0.82,0.05,0.05,0,0,60,0.91,0.54,0.02,0,60,0.91,0.54,0.02,0,0.01,0,0,0,0,0,0,0,60,91,28,69,71,62,0,0
Christian Moraes,MID,260000,30000,27,-1,60,0.65,0.77,0,0,0,0,60,0.65,0.77,0,0,60,0.65,0.77,0,0,0.01,0.01,0,0,0.01,0,0,60,0,60,0,0,0,0,0,0
Jeremy Sharp,MID,711000,-38000,73,92,58,0.82,0.59,0,0,0,0,60,0.87,0.57,0,0,60,0.87,0.57,0,0,0,0,0,0,0,0,0,0,60,58,61,65,74,67,0,0
Mark O'Connor,DEF/MID,561000,-2000,57,52,70,0.75,0.78,0,0,0,0,60,0.74,0.67,0,0,60,0.74,0.67,0,0,0.01,0,0,0,0,0,0,49,70,49,70,81,80,68,0,0
Mitchito Owens,FWD,586000,-2000,60,60,60,0.91,0.55,0,0,0,0,60,0.91,0.55,0,0,60,0.91,0.55,0,0,0,0,0,0,0,0,0,60,0,60,0,72,71,67,0,0
Brayden Maynard,DEF,680000,-49000,70,87,55,0.78,0.59,0,0,0,0,60,0.81,0.61,0,0.08,60,0.81,0.61,0,0.08,0.02,0,0,0,0,0,0,64,51,73,53,0,0,0,0,0
Darcy Moore,DEF,531000,36000,54,44,61,0.97,0.52,0,0,0.2,0.2,59,0.94,0.53,0,0.14,59,0.94,0.53,0,0.14,0.05,0,0,0,0,0,0,60,58,59,60,0,0,0,0,0
Jack Gunston,FWD,573000,-2000,59,58,59,0.6,0.82,0,0,0,0,59,0.6,0.82,0,0,59,0.6,0.82,0,0,0,0,0,0,0,0,0,59,0,0,59,49,54,60,0,0
Lachlan Keeffe,RUC,461000,34000,47,29,0,0,0,0,-0.88,0,0,59,0.77,0.65,0.78,0,59,0.77,0.65,0.78,0,0.04,0,0,0,0,0,0,59,0,52,66,8,38,38,0,0
Darcy Byrne-Jones,FWD,570000,-12000,58,53,78,0.82,0.79,0,0,0,0,59,0.83,0.6,0,0,59,0.83,0.6,0,0,0,0,0,0,0,0,0,78,40,78,40,74,60,68,0,0
Tim Membrey,FWD,627000,-14000,64,72,39,0.81,0.4,0,0,0,0,59,0.79,0.62,0,0,59,0.79,0.62,0,0,0.01,0,0,0,0,0,0,73,32,106,36,0,0,0,0,0
Seth Campbell,FWD,524000,14000,54,46,58,0.89,0.54,0,0,0,0,59,0.82,0.6,0,0,59,0.82,0.6,0,0,0,0,0,0,0,0,0,59,58,59,58,26,45,45,0,0
Hayden McLean,FWD,655000,-10000,67,73,59,0.78,0.63,0,0,0,0,59,0.78,0.63,0,0,59,0.78,0.63,0,0,0,0,0,0,0,0,0,59,0,0,59,0,0,0,0,0
Michael Frederick,FWD,530000,26000,54,50,42,0.83,0.42,0,0,0,0,59,0.82,0.6,0,0,59,0.82,0.6,0,0,0.01,0,0,0,0,0,0,0,59,42,76,70,60,59,0,0
Nick Murray,DEF,480000,29000,49,36,56,0.88,0.53,0,0,0,0,59,0.92,0.54,0,0,59,0.92,0.54,0,0,0.01,0,0,0,0,0,0,59,0,61,56,30,35,35,0,0
Toby Bedford,MID/FWD,595000,4000,61,64,0,0,0,0,-0.73,0,0,59,0.87,0.57,0.69,0,59,0.87,0.57,0.69,0,0.06,0,0,0,0,0,0,59,0,62,56,32,41,43,0,0
Sam Powell-Pepper,FWD,498000,0,51,33,90,0.79,0.95,0,0,0,0,59,0.79,0.62,0,0,59,0.79,0.62,0,0,0.02,0,0,0,0,0,0,90,27,90,27,44,62,69,0,0
Tom Edwards,FWD,258000,28000,26,0,58,0.8,0.6,0,0,0,0,58,0.8,0.6,0,0,58,0.8,0.6,0,0,0.01,0.01,0.01,0.1,0.01,0.01,0.1,0,58,58,0,0,0,0,0,0
Brent Daniels,FWD,832000,-49000,85,130,0,0,0,0,0,0,0,58,0.57,0.8,0.12,0,58,0.57,0.8,0.12,0,0.11,0,0,0,0,0,0,58,0,88,27,99,69,59,0,0
Shannon Neale,FWD,576000,-5000,59,61,57,0.97,0.49,0,0,0,0,57,0.91,0.53,0,0,57,0.91,0.53,0,0,0,0,0,0,0,0,0,57,57,57,57,0,0,0,0,0
Buku Khamis,DEF,456000,8000,47,38,57,0.95,0.5,0,0,0.06,0.06,57,0.95,0.5,0,0.06,57,0.95,0.5,0,0.06,0.01,0,0,0,0,0,0,0,57,57,0,50,41,41,0,0
James Peatling,MID,624000,-10000,64,77,41,0.83,0.41,0.49,0.06,0,0,57,0.81,0.59,0.46,0,57,0.81,0.59,0.46,0,0.06,0.01,0,0,-0.03,-0.04,0,57,0,72,41,83,83,83,0,0
Ryan Burton,DEF,638000,-35000,65,76,67,0.76,0.73,0,0,0.07,-0.13,56,0.53,1.01,0,0.14,56,0.53,1.01,0,0.14,0,0,0,0,0,0,0,67,45,67,45,72,72,70,0,0
Stephen Coniglio,MID,735000,-54000,75,99,0,0,0,0,0,0,0,56,0.83,0.56,0,0,56,0.83,0.56,0,0,0.02,0,0,0,0,0,0,56,0,41,71,136,123,113,0,0
Jeremy Howe,DEF,616000,-46000,63,71,75,1,0.62,0,0,0.5,0.17,56,0.79,0.59,0,0.35,56,0.79,0.59,0,0.35,0.02,0,0,0,0,0,0,57,56,38,66,0,0,0,0,0
Jack Ginnivan,FWD,689000,-66000,71,98,44,0.78,0.47,0,0,0,0,56,0.79,0.59,0,0,56,0.79,0.59,0,0,0.04,0,0,0,0,0,0,56,0,70,50,54,51,58,0,0
Arie Schoenmaker,DEF,499000,5000,51,47,0,0,0,0,0,0,-0.12,56,0.86,0.54,0,0.13,56,0.86,0.54,0,0.13,0.01,0,0,0,0,0,0,0,56,0,56,0,0,0,0,0
Joel Amartey,FWD,527000,28000,54,52,56,0.73,0.64,0,-0.14,0,0,56,0.78,0.6,0.09,0,56,0.78,0.6,0.09,0,0.02,0,0,0,0,0,0,56,57,57,56,0,0,0,0,0
Harris Andrews,DEF,607000,-44000,62,63,93,0.92,0.84,0,0,0,0,56,0.95,0.5,0,0,56,0.95,0.5,0,0,0.02,0,0,0,0,0,0,56,0,93,19,55,62,53,0,0
Peter Ladhams,RUC/FWD,567000,-4000,58,59,56,0.68,0.69,0.32,0.32,0,0,56,0.68,0.69,0.32,0,56,0.68,0.69,0.32,0,0,0,0,0,0,0,0,56,0,0,56,0,0,0,0,0
Patrick Dangerfield,MID,755000,-61000,77,109,52,0.78,0.56,0.5,0.29,0,0,56,0.74,0.63,0.35,0,56,0.74,0.63,0.35,0,0.01,0,0,0,0,0,0,59,52,59,52,70,77,91,0,0
Tom McDonald,DEF,629000,-19000,64,80,43,1,0.36,0,0,0,0,55,1,0.46,0,0,55,1,0.46,0,0,0,0,0,0,0,0,0,0,55,67,43,77,67,69,0,0
Mason Cox,RUC/FWD,517000,0,53,51,55,0.52,0.88,0.21,0.21,0,0,55,0.52,0.88,0.21,0,55,0.52,0.88,0.21,0,0.02,0,0,0,0,0,0,55,0,0,55,0,0,0,0,0
Jacob Wehr,MID,553000,-4000,57,57,0,0,0,0,0,0,0,55,0.71,0.64,0,0,55,0.71,0.64,0,0,0.01,0,0,0,0,0,0,55,0,46,63,63,65,65,0,0
Eric Hipwood,FWD,593000,-37000,61,63,83,0.83,0.83,0,0,0,0,55,0.79,0.57,0,0,55,0.79,0.57,0,0,0,0,0,0,0,0,0,55,0,83,27,54,48,56,0,0
Lachie Sullivan,MID,482000,5000,49,44,0,0,0,0,-0.23,0,0,55,0.85,0.54,0.23,0,55,0.85,0.54,0.23,0,0.01,0,0,0,0,0,0,55,0,55,0,0,0,0,0,0
Caleb Windsor,MID,599000,-6000,61,66,0,0,0,0,0,0,0,55,0.83,0.55,0,0,55,0.83,0.55,0,0,0.01,0,0,0,0,0,0,0,55,55,0,0,0,0,0,0
Oliver Florent,DEF,704000,-81000,72,104,45,0.79,0.47,0,0,0,0,55,0.81,0.57,0,0.03,55,0.81,0.57,0,0.03,0.01,0,0,0,0,0,0,45,61,61,45,0,0,0,0,0
Isaac Quaynor,DEF,552000,6000,56,65,42,0.83,0.42,0,0,0,-0.11,54,0.85,0.53,0,0.04,54,0.85,0.53,0,0.04,0.06,0,0,0,0,0,0,50,63,57,53,0,0,0,0,0
Mabior Chol,FWD,580000,-29000,59,66,57,0.86,0.55,0.09,0,0,0,54,0.85,0.53,0.11,0,54,0.85,0.53,0.11,0,0.02,0,0,0,0,0,0,54,0,61,51,48,55,48,0,0
Tom Brown,DEF,512000,6000,52,50,53,0.84,0.53,0,0,0.14,0.01,54,0.82,0.55,0,0.14,54,0.82,0.55,0,0.14,0.01,0,0,0,0,0,0,55,53,55,53,81,81,81,0,0
Jack Bowes,MID,744000,-61000,76,112,41,0.78,0.44,0.28,0.28,0.14,0.14,53,0.79,0.56,0.14,0.07,53,0.79,0.56,0.14,0.07,0,0,0,0,0,0,0,64,41,64,41,86,79,69,0,0
Darcy Jones,FWD,562000,0,58,65,0,0,0,0,0,0,0,53,0.81,0.55,0,0,53,0.81,0.55,0,0,0.01,0,0,0,0,0,0,53,0,62,44,98,98,98,0,0
Jamie Cripps,FWD,679000,-50000,69,92,55,0.9,0.51,0,0,0,0,53,0.9,0.49,0,0,53,0.9,0.49,0,0,0,0,0,0,0,0,0,0,53,51,55,58,62,70,0,0
James Harmes,MID/FWD,643000,-31000,66,86,42,0.87,0.4,0.08,0.05,0,0,53,0.81,0.56,0.06,0,53,0.81,0.56,0.06,0,0,0,0,0,0,0,0,63,42,53,0,13,59,72,0,0
Finn Maginness,MID/FWD,523000,18000,54,56,41,0.79,0.43,0,0,0,0,53,0.76,0.59,0,0,53,0.76,0.59,0,0,0.04,0,0,0,0,0,0,53,0,64,48,59,59,59,0,0
Ryan Maric,MID/FWD,430000,9000,44,27,74,0.85,0.73,0,0,0.5,0.31,53,0.59,0.76,0,0.34,53,0.59,0.76,0,0.34,0.01,0,0,0,0,0,0,0,53,31,74,33,49,49,0,0
Harrison Petty,FWD,533000,12000,55,61,30,1,0.25,0,0,0,0,53,0.98,0.46,0,0,53,0.98,0.46,0,0,0,0,0,0,0,0,0,0,53,76,30,63,54,54,0,0
Beau McCreery,FWD,540000,-4000,55,59,51,0.75,0.57,0.17,0.14,0,0,53,0.75,0.59,0.12,0,53,0.75,0.59,0.12,0,0.01,0,0,0,0,0,0,54,52,56,52,0,0,0,0,0
Thomas Stewart,DEF,833000,-66000,85,141,9,0.18,0.42,0,-0.5,0,-0.22,52,0.48,0.73,0.25,0.11,52,0.48,0.73,0.25,0.11,0.05,0.02,0,0,-0.03,-0.04,0,95,9,95,9,47,71,67,0,0
Nick Watson,FWD,531000,-38000,54,44,77,0.79,0.81,0,0,0,0,52,0.76,0.57,0,0,52,0.76,0.57,0,0,0.04,0,0,0,0,0,0,52,0,69,44,42,42,42,0,0
Oliver Henry,FWD,476000,12000,49,44,48,0.86,0.47,0,0,0,0,52,0.86,0.51,0,0,52,0.86,0.51,0,0,0.02,0,0,0,0,0,0,56,48,56,48,40,45,45,0,0
Callum Brown,FWD,439000,13000,45,33,0,0,0,0,-0.12,0,0,51,0.79,0.54,0.06,0,51,0.79,0.54,0.06,0,0.01,0,0,0,0,0,0,51,0,36,66,12,53,53,0,0
Mark Keane,DEF,624000,-22000,64,87,26,0.95,0.23,0,0,0.4,-0.18,51,0.98,0.43,0,0.49,51,0.98,0.43,0,0.49,0,0,0,0,0,0,0,51,0,75,26,72,69,69,0,0
Scott Pendlebury,MID,693000,-119000,71,104,68,0.77,0.74,0.5,0.21,0,0,51,0.62,0.73,0.53,0,51,0.62,0.73,0.53,0,0.02,0,0,0,0,0,0,49,56,30,62,0,0,0,0,0
Brody Mihocek,FWD,580000,-22000,59,70,0,0,0,0,0,0,0,51,0.81,0.52,0,0,51,0.81,0.52,0,0,0.01,0,0,0,0,0,0,57,44,57,44,0,0,0,0,0
Connor MacDonald,FWD,703000,-97000,72,114,20,0.27,0.62,0,0,0,0,51,0.59,0.68,0,0,51,0.59,0.68,0,0,0.03,0,0,0,0,0,0,51,0,94,29,60,73,71,0,0
Nick Haynes,DEF,655000,-35000,67,93,35,0.73,0.4,0,0,0,0,51,0.78,0.54,0,0,51,0.78,0.54,0,0,0.01,0,0,0,-0.01,-0.01,0,0,51,35,67,45,61,74,0,0
Tom Lynch,FWD,441000,6000,45,40,0,0,0,0,0,0,0,51,0.87,0.49,0,0,51,0.87,0.49,0,0,0.02,0,0,0,0,0,0,51,0,51,0,55,63,68,0,0
Brandon Starcevich,DEF,480000,1000,49,48,0,0,0,0,0,0,0,50,0.66,0.63,0,0,50,0.66,0.63,0,0,0.01,0,0,0,0,0,0,50,0,0,50,35,40,36,0,0
Mitch McGovern,DEF,662000,-50000,68,93,48,0.8,0.5,0,0,0.5,0.25,50,0.81,0.52,0,0.38,50,0.81,0.52,0,0.38,0.01,0,0,0,0,0,0,0,50,48,52,58,67,52,0,0
Bradley Close,FWD,560000,-14000,57,69,39,0.8,0.41,0,0,0,0,50,0.78,0.55,0,0,50,0.78,0.55,0,0,0,0,0,0,0,0,0,61,39,61,39,54,58,53,0,0
Charlie Comben,DEF,574000,-48000,59,64,82,0.95,0.72,0,0,0,0,50,0.92,0.45,0,0,50,0.92,0.45,0,0,0,0,0,0,0,0,0,82,18,82,18,53,53,53,0,0
Neil Erasmus,MID/FWD,438000,3000,45,40,50,0.66,0.63,0.18,0.18,0,0,50,0.66,0.63,0.18,0,50,0.66,0.63,0.18,0,0.01,0,0,0,0,0,0,0,50,50,0,36,50,50,0,0
Bodhi Uwland,DEF,619000,-12000,63,74,0,0,0,0,0,0,-0.14,50,0.92,0.45,0,0.14,50,0.92,0.45,0,0.14,0,0,0,0,0,0,0,50,0,0,50,79,79,79,0,0
Logan Morris,FWD,448000,3000,46,38,61,0.8,0.64,0,0,0,0,50,0.79,0.53,0,0,50,0.79,0.53,0,0,0.01,0,0,0,0,0,0,50,0,61,38,0,0,0,0,0
Jade Gresham,FWD,542000,-21000,55,62,55,0.82,0.56,0,0,0,0,50,0.66,0.65,0,0,50,0.66,0.65,0,0,0,0,0,0,0,0,0,0,50,55,44,50,79,82,0,0
Harley Reid,MID,637000,-48000,65,85,56,0.79,0.59,0.72,0.04,0,0,50,0.79,0.53,0.7,0,50,0.79,0.53,0.7,0,0.08,0,0,0,0,0,0,0,50,44,56,78,79,79,0,0
Lachlan Bramble,DEF,667000,-37000,68,102,20,0.87,0.19,0,0,0.38,0,49,0.87,0.47,0,0.38,49,0.87,0.47,0,0.38,0,0,0,0,0,0,0,77,20,49,0,55,55,55,0,0
Clay Hall,MID,284000,17000,29,12,49,0.65,0.63,0.55,0.55,0,0,49,0.65,0.63,0.55,0,49,0.65,0.63,0.55,0,0.02,0,0,0,0,0,0,0,49,0,49,0,0,0,0,0
Edward Allan,MID,444000,7000,45,42,0,0,0,0,0,0,0,49,0.82,0.5,0.24,0,49,0.82,0.5,0.24,0,0.02,0,0,0,0,0,0,0,49,0,49,0,0,0,0,0
Jack Scrimshaw,DEF,669000,-25000,68,103,0,0,0,0,0,0,0,49,0.52,0.66,0,0.06,49,0.52,0.66,0,0.06,0.01,0,0,0,0,0,0,49,0,13,85,71,59,63,0,0
Bobby Hill,FWD,544000,-32000,56,67,55,0.71,0.65,0,0,0,0,49,0.74,0.56,0,0,49,0.74,0.56,0,0,0.05,0,0,0,0,0,0,45,58,35,57,0,0,0,0,0
Rhylee West,FWD,594000,-18000,61,82,26,0.76,0.29,0.17,0.02,0,0,49,0.79,0.51,0.16,0,49,0.79,0.51,0.16,0,0,0,0,0,0,0,0,72,26,49,0,76,66,66,0,0
James Worpel,MID,774000,-22000,79,103,0,0,0,0,0,0,0,49,0.44,0.93,0.45,0,49,0.44,0.93,0.45,0,0.02,0,0,0,0,0,0,49,0,0,49,47,69,77,0,0
Rory Lobb,DEF,618000,-52000,63,81,62,1,0.52,0,0,0,0,49,1,0.41,0,0,49,1,0.41,0,0,0.01,0,0,0,0,0,0,35,62,49,0,54,59,65,0,0
Will Phillips,MID,575000,-34000,59,73,52,0.56,0.77,0.35,0.02,0,0,48,0.53,0.76,0.34,0,48,0.53,0.76,0.34,0,0,0,0,0,0,0,0,52,44,52,44,30,41,42,0,0
Jacob Blight,DEF,421000,0,43,33,65,0.77,0.7,0.15,0.15,0,0,48,0.66,0.58,0.07,0,48,0.66,0.58,0.07,0,0.01,0,0,0,0,0,0,30,65,30,65,0,0,0,0,0
Joel Hamling,FWD,347000,33000,36,17,51,0.87,0.49,0,0,0,0,48,0.87,0.46,0,0,48,0.87,0.46,0,0,0,0,0,0,0,0,0,51,44,44,51,0,0,0,0,0
Oscar Allen,FWD,560000,-20000,57,73,36,0.97,0.31,0,0,0,0,48,0.95,0.42,0,0,48,0.95,0.42,0,0,0.01,0,0,0,0,0,0,0,48,59,36,38,61,60,0,0
Zachary Williams,DEF/FWD,589000,-35000,60,77,47,0.65,0.6,0.13,0.01,0,0,48,0.65,0.62,0.13,0,48,0.65,0.62,0.13,0,0.02,0,0,0,0,0,0,0,48,47,49,8,46,59,0,0
Jacob Bauer,FWD,400000,30000,41,33,35,0.9,0.32,0.06,-0.06,0,0,48,0.87,0.47,0.09,0,48,0.87,0.47,0.09,0,0.01,0,0,0,0,0,0,61,35,61,35,35,41,41,0,0
Tom Barrass,DEF,553000,-49000,57,72,47,0.89,0.44,0,0,0,0,47,0.9,0.44,0,0,47,0.9,0.44,0,0,0.05,0,0,0,0,0,0,47,0,54,44,53,27,46,0,0
Cameron Rayner,FWD,633000,-60000,65,87,58,0.78,0.62,0.14,0,0,0,47,0.84,0.48,0.14,0,47,0.84,0.48,0.14,0,0.02,0,0,0,0,0,0,47,0,58,36,51,52,52,0,0
Alex Pearce,DEF,495000,-13000,51,58,43,0.93,0.39,0,0,0,0,46,0.93,0.41,0,0,46,0.93,0.41,0,0,0.01,0,0,0,0,0,0,0,46,43,48,80,61,45,0,0
Harry Sharp,MID,515000,-21000,53,62,46,0.83,0.46,0,0,0,0,46,0.74,0.53,0,0,46,0.74,0.53,0,0,0,0,0,0,0,0,0,0,46,45,46,87,70,70,0,0
Shai Bolton,MID/FWD,725000,-29000,74,97,46,0.77,0.5,0.41,0.41,0,0,46,0.77,0.5,0.41,0,46,0.77,0.5,0.41,0,0.04,0,0,0,0,0,0,0,46,46,0,105,114,100,0,0
Nathan Broad,DEF,587000,-45000,60,81,46,0.87,0.44,0,0,0,0,45,0.88,0.43,0,0,45,0.88,0.43,0,0,0,0,0,0,0,0,0,44,46,44,46,57,69,66,0,0
Brennan Cox,DEF,632000,-64000,65,90,55,0.84,0.55,0,0,0,-0.11,45,0.79,0.47,0,0.06,45,0.79,0.47,0,0.06,0,0,0,0,0,0,0,0,45,55,35,45,58,60,0,0
Robert Hansen,FWD,324000,29000,33,15,50,0.73,0.57,0,0,0,0,45,0.72,0.52,0,0,45,0.72,0.52,0,0,0.01,0,0,0,0,0,0,50,39,50,39,0,0,0,0,0
Sam Banks,MID,456000,8000,47,53,25,0.28,0.74,0,0,0,0,45,0.54,0.71,0,0,45,0.54,0.71,0,0,0.01,0,0,0,0,-0.01,0,64,25,64,25,80,80,80,0,0
Will Hoskin-Elliott,FWD,592000,-10000,61,73,0,0,0,0,0,0,0,45,0.57,0.66,0,0,45,0.57,0.66,0,0,0.01,0,0,0,0,0,0,0,45,0,45,0,0,0,0,0
Lewis Young,DEF,535000,-12000,55,63,44,0.89,0.41,0.09,0.09,0,0,44,0.89,0.41,0.09,0,44,0.89,0.41,0.09,0,0,0,0,0,0,0,0,0,44,44,0,45,45,45,0,0
Will Hayward,FWD,588000,-91000,60,88,44,0.79,0.46,0,0,0,0,44,0.8,0.45,0,0,44,0.8,0.45,0,0,0.01,0,0,0,0,0,0,44,44,44,44,0,0,0,0,0
Jacob Van Rooyen,FWD,541000,-45000,55,69,58,0.76,0.64,0.13,0.13,0,0,44,0.8,0.47,0.06,0,44,0.8,0.47,0.06,0,0,0,0,0,0,0,0,0,44,29,58,68,55,55,0,0
Aidan Johnson,FWD,247000,17000,25,10,0,0,0,0,-0.08,0,0,43,0.71,0.5,0.08,0,43,0.71,0.5,0.08,0,0.01,0.01,0,0,0,0,0,0,43,43,0,0,0,0,0,0
Cooper Lord,MID,528000,-14000,54,75,15,0.13,0.96,0,-0.29,0,0,43,0.35,1,0.15,0,43,0.35,1,0.15,0,0.01,0,0,0,0,0,0,0,43,15,70,0,0,0,0,0
Tyler Brockman,FWD,375000,13000,38,32,42,0.76,0.46,0,-0.06,0,0,43,0.8,0.45,0.03,0,43,0.8,0.45,0.03,0,0,0,0,0,0,0,0,0,43,43,42,55,45,46,0,0
Tom Papley,FWD,586000,-115000,60,85,69,0.84,0.68,0.05,-0.06,0,0,43,0.83,0.43,0.09,0,43,0.83,0.43,0.09,0,0.03,0,0,0,0,0,0,69,30,30,69,0,0,0,0,0
Lachlan Fogarty,FWD,499000,-22000,51,63,39,0.72,0.45,0,0,0,0,43,0.73,0.49,0,0,43,0.73,0.49,0,0,0,0,0,0,0,0,0,0,43,39,46,51,45,44,0,0
Nate Caddy,FWD,522000,-23000,53,73,26,0.54,0.4,0,0,0,0,42,0.7,0.48,0,0,42,0.7,0.48,0,0,0.02,0,0,0,0,0,0,0,42,26,57,0,0,0,0,0
Jimmy Webster,DEF,554000,-49000,57,76,49,0.78,0.52,0,0,0.08,-0.04,42,0.82,0.43,0,0.1,42,0.82,0.43,0,0.1,0,0,0,0,0,0,0,49,34,49,34,43,49,60,0,0
Jhye Clark,MID,455000,-30000,47,49,63,0.66,0.8,0.34,0.16,0,0,42,0.4,1,0.26,0,42,0.4,1,0.26,0,0.01,0,0,0,0,0,0,20,63,20,63,25,25,25,0,0
Jack Payne,DEF,498000,-35000,51,61,54,0.97,0.46,0,0,0,0,42,0.96,0.36,0,0,42,0.96,0.36,0,0,0,0,0,0,0,0,0,42,0,54,30,55,48,48,0,0
Charlie Spargo,FWD,345000,5000,35,29,42,0.74,0.47,0,0,0,0,42,0.74,0.47,0,0,42,0.74,0.47,0,0,0,0,0,0,0,0,0,0,42,0,42,50,60,55,0,0
Kyle Langford,FWD,696000,-28000,71,95,0,0,0,0,0,0,0,41,0.62,0.55,0,0,41,0.62,0.55,0,0,0.01,0,0,0,0,0,0,0,41,0,41,41,75,72,0,0
Jack Buckley,DEF,573000,-47000,59,82,0,0,0,0,0,0,0,41,0.91,0.37,0,0.03,41,0.91,0.37,0,0.03,0.01,0,0,0,0,0,0,41,0,34,48,74,70,62,0,0
Daniel Turner,FWD,430000,-4000,44,46,41,0.71,0.48,0,0,0,0,41,0.71,0.48,0,0,41,0.71,0.48,0,0,0,0,0,0,0,0,0,0,41,0,41,71,56,56,0,0
Sam Day,FWD,534000,-15000,55,65,41,0.85,0.4,0.14,0.14,0,0,41,0.85,0.4,0.14,0,41,0.85,0.4,0.14,0,0,0,0,0,0,0,0,41,0,41,0,56,50,50,0,0
James Trezise,DEF,655000,-64000,67,107,25,0.9,0.23,0,0,0,0,41,0.86,0.41,0,0,41,0.86,0.41,0,0,0,0,0,0,0,0,0,57,25,57,25,77,77,77,0,0
Blake Howes,DEF,499000,-38000,51,65,48,0.75,0.53,0,0,0,0,40,0.62,0.55,0,0,40,0.62,0.55,0,0,0,0,0,0,0,0,0,0,40,32,48,95,95,95,0,0
Jayden Hunt,DEF/MID,573000,-66000,59,83,52,0.82,0.53,0,0,0,0,39,0.82,0.4,0,0,39,0.82,0.4,0,0,0.01,0,0,0,0,0,0,0,39,26,52,82,70,54,0,0
Steely Green,FWD,361000,6000,37,35,36,0.82,0.37,0,0,0,0,39,0.79,0.41,0,0,39,0.79,0.41,0,0,0.01,0,0,0,0,0,0,41,36,41,36,0,0,0,0,0
Ben Paton,DEF/FWD,442000,-16000,45,53,0,0,0,0,0,0,0,39,0.63,0.53,0,0,39,0.63,0.53,0,0,0.02,0,0,0,0,0,0,0,39,39,0,0,0,0,0,0
Jackson Archer,DEF,443000,-6000,45,50,0,0,0,0,0,0,0,39,0.74,0.44,0,0,39,0.74,0.44,0,0,0.01,0,0,0,0,0,0,0,39,0,39,45,48,48,0,0
Josh Draper,DEF,391000,-3000,40,44,32,0.46,0.58,0,0,0,0,38,0.6,0.53,0,0,38,0.6,0.53,0,0,0.02,0,0,0,0,0,0,0,38,32,43,54,57,57,0,0
Taylor Duryea,DEF,565000,-60000,58,85,41,0.76,0.45,0,0,0,0,38,0.76,0.42,0,0,38,0.76,0.42,0,0,0,0,0,0,0,0,0,35,41,38,0,71,58,64,0,0
Bruce Reville,MID,479000,-12000,49,57,38,0.48,0.66,0,0,0,0,38,0.48,0.66,0,0,38,0.48,0.66,0,0,0,0,0,0,0,0,0,38,0,38,0,0,0,0,0,0
Bailey Banfield,FWD,579000,-59000,59,90,33,0.79,0.35,0,-0.03,0,0,38,0.79,0.4,0.01,0,38,0.79,0.4,0.01,0,0,0,0,0,0,0,0,0,38,33,43,63,43,47,0,0
Jye Amiss,FWD,471000,-37000,48,62,44,0.91,0.4,0,0,0,0,37,0.89,0.35,0,0,37,0.89,0.35,0,0,0.01,0,0,0,0,0,0,0,37,44,30,49,42,43,0,0
Liam Reidy,RUC,398000,-4000,41,43,0,0,0,0,-0.35,0,0,37,0.75,0.41,0.35,0,37,0.75,0.41,0.35,0,0.04,0,0,0,0,0,0,0,37,0,37,0,0,0,0,0
Lachlan Jones,DEF,426000,-34000,44,49,55,0.72,0.64,0,0,0,0,37,0.62,0.47,0,0,37,0.62,0.47,0,0,0.01,0,0,0,0,0,0,55,18,55,18,37,37,37,0,0
Bradley Hill,MID/FWD,663000,-99000,68,109,49,0.91,0.45,0,0,0,0,37,0.87,0.35,0,0,37,0.87,0.35,0,0,0.01,0,0,0,0,0,0,49,25,49,25,71,81,72,0,0
Darcy Tucker,DEF/MID,611000,-92000,63,93,62,0.82,0.63,0,0,0,0,37,0.58,0.47,0,0,37,0.58,0.47,0,0,0,0,0,0,0,0,0,62,12,62,12,63,74,76,0,0
Bailey J. Williams,RUC,627000,-29000,64,87,36,0.5,0.6,0.52,0.52,0,0,36,0.5,0.6,0.52,0,36,0.5,0.6,0.52,0,0.01,0,0,0,0,0,0,0,36,0,36,93,67,65,0,0
Bayley Fritsch,FWD,484000,-30000,50,72,21,0.85,0.21,0,0,0,0,36,0.87,0.34,0,0,36,0.87,0.34,0,0,0.01,0,0,0,0,0,0,0,36,50,21,63,38,61,0,0
Heath Chapman,DEF,588000,-85000,60,90,57,0.75,0.63,0,0,0,-0.22,36,0.58,0.47,0,0.11,36,0.58,0.47,0,0.11,0,0,0,0,0,0,0,0,36,57,15,51,40,49,0,0
Lachlan McNeil,FWD,493000,-42000,50,71,34,0.83,0.34,0,0,0,0,36,0.86,0.35,0,0,36,0.86,0.35,0,0,0,0,0,0,0,0,0,37,34,36,0,62,41,41,0,0
Ben McKay,DEF,511000,-45000,52,78,28,1,0.23,0,0,0,0,35,0.98,0.3,0,0,35,0.98,0.3,0,0,0.01,0,0,0,0,0,0,0,35,28,42,70,53,51,0,0
Brandon Walker,DEF,524000,-41000,54,85,12,0.34,0.29,0,0,0,0,34,0.56,0.45,0,0,34,0.56,0.45,0,0,0,0,0,0,0,0,0,0,34,12,56,50,56,59,0,0
Reef McInnes,FWD,352000,28000,36,13,0,0.04,0,0,0,0,0,34,0.56,0.35,0,0.03,34,0.56,0.35,0,0.03,0.04,0,0,0,0,0,0,27,49,54,25,0,0,0,0,0
Sam Clohesy,MID,644000,-31000,66,92,0,0,0,0,0,0,0,33,0.93,0.3,0,0,33,0.93,0.3,0,0,0,0,0,0,0,0,0,33,0,0,33,86,86,86,0,0
Taj Woewodin,DEF,335000,-2000,34,35,33,0.56,0.49,0,0,0,0,33,0.56,0.49,0,0,33,0.56,0.49,0,0,0.01,0,0,0,0,0,0,0,33,0,33,0,0,0,0,0
Aaron Cadman,FWD,418000,-31000,43,54,0,0,0,0,0,0,0,33,0.88,0.32,0,0,33,0.88,0.32,0,0,0.01,0,0,0,0,0,0,33,0,20,45,58,40,40,0,0
Jake Waterman,FWD,745000,-40000,76,111,0,0,0,0,0,0,0,33,0.58,0.47,0,0,33,0.58,0.47,0,0,0.02,0,0,0,0,0,0,0,33,33,0,76,77,69,0,0
Taylor Adams,MID/FWD,665000,-28000,68,97,0,0,0,0,0,0,0,32,0.54,0.49,0,0,32,0.54,0.49,0,0,0.02,0,0,0,0,0,0,0,32,32,0,0,0,0,0,0
James O'Donnell,DEF,464000,-14000,47,59,0,0,0,0,0,0,0,32,0.61,0.44,0,0,32,0.61,0.44,0,0,0,0,0,0,0,0,0,32,0,32,0,10,10,10,0,0
Oisin Mullin,DEF,383000,-17000,39,53,19,0.78,0.2,0,-0.03,0,0,31,0.83,0.3,0.01,0,31,0.83,0.3,0.01,0,0.01,0,0,0,0,0,0,42,19,42,19,9,9,9,0,0
Hunter Clark,MID,641000,-113000,66,112,45,0.3,1.25,0.31,0.05,0,0,31,0.3,0.85,0.28,0,31,0.3,0.85,0.28,0,0,0,0,0,0,0,0,45,16,45,16,79,71,75,0,0
Brodie Kemp,DEF,598000,-86000,61,105,26,0.92,0.24,0,0,0,0,31,0.88,0.3,0,0,31,0.88,0.3,0,0,0,0,0,0,0,0,0,0,31,26,35,85,85,85,0,0
Charlie Ballard,DEF,496000,-19000,51,67,0,0,0,0,0,0,0,30,0.45,0.56,0,0,30,0.45,0.56,0,0,0,0,0,0,0,0,0,30,0,0,30,46,53,58,0,0
Conor McKenna,DEF,543000,-76000,56,94,25,0.32,0.65,0,0,0,0,29,0.49,0.53,0,0,29,0.49,0.53,0,0,0,0,0,0,0,0,0,29,0,25,32,87,70,70,0,0
Tyler Sonsie,FWD,443000,-16000,45,59,0,0,0,0,0,0,0,28,0.26,0.9,0,0,28,0.26,0.9,0,0,0,0,0,0,0,0,0,28,0,28,0,49,49,49,0,0
Liam Stocker,DEF,495000,-25000,51,70,26,0.4,0.54,0,0,0,0,26,0.4,0.54,0,0,26,0.4,0.54,0,0,0,0,0,0,0,0,0,26,0,26,0,43,66,64,0,0
Francis Evans,FWD,406000,-15000,42,54,0,0,0,0,0,0,0,26,0.78,0.28,0,0,26,0.78,0.28,0,0,0,0,0,0,0,0,0,0,26,0,26,21,21,21,0,0
Jordan Ridley,DEF,825000,-55000,84,131,0,0,0,0,0,0,-0.25,26,0.43,0.5,0,0.25,26,0.43,0.5,0,0.25,0.01,0,0,0,0,0,0,0,26,0,26,52,58,74,0,0
Zaine Cordy,DEF,367000,-11000,38,46,0,0,0,0,0,0,0,26,0.82,0.26,0,0,26,0.82,0.26,0,0,0,0,0,0,0,0,0,0,26,0,26,66,59,54,0,0
Harry Edwards,DEF,367000,-40000,38,54,30,0.87,0.29,0,0,0,0,25,0.86,0.25,0,0,25,0.86,0.25,0,0,0.01,0,0,0,0,0,0,0,25,20,30,46,39,45,0,0
Sam Switkowski,FWD,668000,-40000,68,103,0,0,0,0,0,0,0,25,0.42,0.5,0,0,25,0.42,0.5,0,0,0,0,0,0,0,0,0,0,25,0,25,70,85,61,0,0
Jack Lukosius,FWD,549000,-80000,56,64,0,0.03,0,0,0,0,0,23,0.44,0.23,0,0,23,0.44,0.23,0,0,0.01,0,0,0,0,0,0,0,46,0,46,39,70,68,0,0
Noah Long,FWD,380000,-54000,39,61,29,0.78,0.31,0,0,0,0,22,0.83,0.23,0,0,22,0.83,0.23,0,0,0,0,0,0,0,0,0,0,22,15,29,33,46,46,0,0
Angus Sheldrick,MID,401000,-47000,41,69,12,0.14,0.71,0.05,0.05,0,0,22,0.31,0.64,0.23,0,22,0.31,0.64,0.23,0,0.06,0,0,0,0,-0.01,0,12,32,32,12,0,0,0,0,0
Liam Fawcett,FWD,230000,0,24,24,22,0.7,0.26,0.03,0.03,0,0,22,0.7,0.26,0.03,0,22,0.7,0.26,0.03,0,0,0,0,0,0,0,0,0,22,0,22,0,0,0,0,0
Alex Sexton,DEF,733000,-50000,75,118,0,0,0,0,0,0,0,21,0.41,0.43,0,0,21,0.41,0.43,0,0,0,0,0,0,0,0,0,21,0,0,21,12,38,44,0,0
Jack Petruccelle,FWD,468000,-27000,48,69,21,0.28,0.62,0,0,0,0,21,0.28,0.62,0,0,21,0.28,0.62,0,0,0,0,0,0,0,0,0,0,21,0,21,44,49,39,0,0
Griffin Logue,DEF,386000,-18000,40,55,0,0,0,0,0,0,0,20,0.71,0.23,0,0,20,0.71,0.23,0,0,0.01,0,0,0,0,0,0,0,20,0,20,78,57,59,0,0
Arthur Jones,FWD,253000,-32000,26,34,31,0.61,0.42,0,0,0,0,18,0.42,0.3,0,0,18,0.42,0.3,0,0,0.01,0,0,0,0,0,0,5,31,18,0,68,68,68,0,0
Matthew Jefferson,FWD,230000,0,24,15,0,0.22,0,0,0,0,0,17,0.49,0.19,0,0,17,0.49,0.19,0,0,0.01,0.01,0,0,0,-0.02,0,0,17,33,0,0,0,0,0,0
Charlie Curnow,FWD,703000,-55000,72,117,16,0.83,0.16,0,0,0,0,16,0.83,0.16,0,0,16,0.83,0.16,0,0,0.02,0,0,0,0,0,0,0,16,16,0,94,88,86,0,0
Dylan Stephens,MID,458000,-31000,47,72,15,0.24,0.52,0,0,0,0,15,0.24,0.52,0,0,15,0.24,0.52,0,0,0,0,0,0,0,0,0,15,0,15,0,36,71,71,0,0
Jye Menzie,FWD,369000,-25000,38,58,12,0.27,0.37,0,0,0,0,12,0.27,0.37,0,0,12,0.27,0.37,0,0,0,0,0,0,0,0,0,0,12,12,0,17,23,23,0,0
Sam Frost,DEF,324000,-60000,33,62,0,0,0,0,0,0,0,12,0.47,0.2,0,0,12,0.47,0.2,0,0,0.01,0,0,0,0,0,0,12,0,17,6,43,39,46,0,0
Oskar Baker,MID,504000,-40000,52,84,11,0.23,0.4,0,0,0,0,11,0.23,0.4,0,0,11,0.23,0.4,0,0,0,0,0,0,0,0,0,0,11,11,0,62,62,62,0,0
Kieren Briggs,RUC,870000,-68000,89,154,0,0,0,0,0,0,0,8,0.12,0.56,0.12,0,8,0.12,0.56,0.12,0,0.02,0,0,0,0,0,0,8,0,8,0,69,93,85,0,0
Kai Lohmann,FWD,563000,-50000,58,101,0,0,0,0,0,0,0,4,0.08,0.42,0,0,4,0.08,0.42,0,0,0.02,0,0,0,0,0,0,4,0,0,4,49,27,27,0,0
Tom Doedee,DEF,399000,0,41,41,0,0,0,0,0,0,0,0,0,0,0,0,0,0,0,0,0,0.01,0,0,0,0,0,0,0,0,0,0,62,64,65,0,0
Jaxon Binns,MID,394000,0,40,40,0,0,0,0,0,0,0,0,0,0,0,0,0,0,0,0,0,0.01,0,0,0,0,0,0,0,0,0,0,0,0,0,0,0
Robbie Fox,DEF/FWD,510000,0,52,52,0,0,0,0,0,0,0,0,0,0,0,0,0,0,0,0,0,0,0,0,0,0,0,0,0,0,0,0,0,0,0,0,0
Peter Wright,FWD,661000,0,68,68,0,0,0,0,0,0,0,0,0,0,0,0,0,0,0,0,0,0,0,0,0,0,0,0,0,0,0,0,27,32,41,0,0
Shaun Mannagh,FWD,748000,0,77,77,0,0,0,0,0,0,0,0,0,0,0,0,0,0,0,0,0,0,0,0,0,0,0,0,0,0,0,0,0,0,0,0,0
Hudson O'Keeffe,RUC,230000,0,24,24,0,0,0,0,0,0,0,0,0,0,0,0,0,0,0,0,0,0.01,0,0,0,0,0,0,0,0,0,0,0,0,0,0,0
Nathan Fyfe,MID,613000,0,63,63,0,0,0,0,0,0,0,0,0,0,0,0,0,0,0,0,0,0,0,0,0,0,0,0,0,0,0,0,49,70,74,0,0
Will Verrall,RUC,230000,0,24,24,0,0,0,0,0,0,0,0,0,0,0,0,0,0,0,0,0,0.04,0,0,0,0,0,0,0,0,0,0,0,0,0,0,0
Josh Fahey,DEF,242000,0,25,25,0,0,0,0,0,0,0,0,0,0,0,0,0,0,0,0,0,0.01,0,0,0,0,0,0,0,0,0,0,0,0,0,0,0
Toby Murray,FWD,230000,0,24,24,0,0,0,0,0,0,0,0,0,0,0,0,0,0,0,0,0,0.01,0,0,0,0,0,0,0,0,0,0,0,0,0,0,0
Lachie Jaques,DEF,256000,0,26,26,0,0,0,0,0,0,0,0,0,0,0,0,0,0,0,0,0,0,0,0,0,0,0,0,0,0,0,0,0,0,0,0,0
Thomas Berry,FWD,505000,0,52,52,0,0,0,0,0,0,0,0,0,0,0,0,0,0,0,0,0,0,0,0,0,0,0,0,0,0,0,0,44,24,24,0,0
Brandon Ryan,FWD,290000,0,30,30,0,0,0,0,0,0,0,0,0,0,0,0,0,0,0,0,0,0,0,0,0,0,0,0,0,0,0,0,0,0,0,0,0
Cameron Guthrie,MID,731000,0,75,75,0,0,0,0,0,0,0,0,0,0,0,0,0,0,0,0,0,0,0,0,0,0,0,0,0,0,0,0,70,100,84,0,0
Jack Whitlock,FWD,244000,0,25,25,0,0,0,0,0,0,0,0,0,0,0,0,0,0,0,0,0,0.01,0,0,0,0,0,0,0,0,0,0,0,0,0,0,0
Harry Lemmey,FWD,230000,0,24,24,0,0,0,0,0,0,0,0,0,0,0,0,0,0,0,0,0,0,0,0,0,0,0,0,0,0,0,0,0,0,0,0,0
Chayce Jones,MID,613000,0,63,63,0,0,0,0,0,0,0,0,0,0,0,0,0,0,0,0,0,0,0,0,0,0,0,0,0,0,0,0,50,63,45,0,0
Harvey Harrison,FWD,420000,0,43,43,0,0,0,0,0,0,0,0,0,0,0,0,0,0,0,0,0,0,0,0,0,0,0,0,0,0,0,0,0,0,0,0,0
Jake Stringer,FWD,676000,0,69,69,0,0,0,0,0,0,0,0,0,0,0,0,0,0,0,0,0,0,0,0,0,0,0,0,0,0,0,0,82,89,68,0,0
Henry Hustwaite,MID,526000,0,54,54,0,0,0,0,0,0,0,0,0,0,0,0,0,0,0,0,0,0,0,0,0,0,0,0,0,0,0,0,0,0,0,0,0
Esava Ratugolea,DEF,506000,0,52,52,0,0,0,0,0,0,0,0,0,0,0,0,0,0,0,0,0,0,0,0,0,0,0,0,0,0,0,0,58,35,33,0,0
Corey Durdin,FWD,316000,0,32,32,0,0,0,0,0,0,0,0,0,0,0,0,0,0,0,0,0,0,0,0,0,0,0,0,0,0,0,0,44,33,33,0,0
Marcus Bontempelli,MID,1101000,0,113,113,0,0,0,0,0,0,0,0,0,0,0,0,0,0,0,0,0,0.03,0,0,0,0,0,0,0,0,0,0,100,105,107,0,0
Taj Hotton,MID/FWD,307000,0,31,31,0,0,0,0,0,0,0,0,0,0,0,0,0,0,0,0,0,0.01,0,0,0,0,0,0,0,0,0,0,0,0,0,0,0
Zane Duursma,FWD,373000,0,38,38,0,0,0,0,0,0,0,0,0,0,0,0,0,0,0,0,0,0.01,0,0,0,0,0,0,0,0,0,0,51,51,51,0,0
Nick Madden,RUC,230000,0,24,24,0,0,0,0,0,0,0,0,0,0,0,0,0,0,0,0,0,0.02,0,0,0,0,0,0,0,0,0,0,0,0,0,0,0
Zac Taylor,MID/FWD,427000,0,44,44,0,0,0,0,0,0,0,0,0,0,0,0,0,0,0,0,0,0,0,0,0,0,0,0,0,0,0,0,0,0,0,0,0
Jack Carroll,MID/FWD,411000,0,42,42,0,0,0,0,0,0,0,0,0,0,0,0,0,0,0,0,0,0.01,0,0,0,0,0,0,0,0,0,0,64,64,64,0,0
Darcy Gardiner,FWD,369000,0,38,38,0,0,0,0,0,0,0,0,0,0,0,0,0,0,0,0,0,0,0,0,0,0,0,0,0,0,0,0,53,42,55,0,0
Matt Guelfi,FWD,583000,0,60,60,0,0,0,0,0,0,0,0,0,0,0,0,0,0,0,0,0,0,0,0,0,0,0,0,0,0,0,0,49,54,56,0,0
Ollie Lord,FWD,316000,0,32,32,0,0,0,0,0,0,0,0,0,0,0,0,0,0,0,0,0,0,0,0,0,0,0,0,0,0,0,0,0,0,0,0,0
Jaime Uhr-Henry,RUC,230000,0,24,24,0,0,0,0,0,0,0,0,0,0,0,0,0,0,0,0,0,0.01,0,0,0,0,0,0,0,0,0,0,0,0,0,0,0
Harry Charleson,DEF/MID,230000,0,24,24,0,0,0,0,0,0,0,0,0,0,0,0,0,0,0,0,0,0,0,0,0,0,0,0,0,0,0,0,0,0,0,0,0
Mate Colina,RUC,230000,0,24,24,0,0,0,0,0,0,0,0,0,0,0,0,0,0,0,0,0,0.01,0,0,0,0,0,0,0,0,0,0,0,0,0,0,0
Ollie Murphy,DEF,230000,0,24,24,0,0,0,0,0,0,0,0,0,0,0,0,0,0,0,0,0,0,0,0,0,0,0,0,0,0,0,0,0,0,0,0,0
Miller Bergman,DEF,364000,0,37,37,0,0,0,0,0,0,0,0,0,0,0,0,0,0,0,0,0,0,0,0,0,0,0,0,0,0,0,0,49,49,49,0,0
Luke Pedlar,FWD,490000,0,50,50,0,0,0,0,0,0,0,0,0,0,0,0,0,0,0,0,0,0,0,0,0,0,0,0,0,0,0,0,16,37,37,0,0
Asher Eastham,FWD,230000,0,24,24,0,0,0,0,0,0,0,0,0,0,0,0,0,0,0,0,0,0,0,0,0,0,0,0,0,0,0,0,0,0,0,0,0
Charlie Cameron,FWD,601000,0,62,62,0,0,0,0,0,0,0,0,0,0,0,0,0,0,0,0,0,0.01,0,0,0,0,0,0,0,0,0,0,30,49,59,0,0
Sandy Brock,DEF,230000,0,24,24,0,0,0,0,0,0,0,0,0,0,0,0,0,0,0,0,0,0.01,0,0,0,0,0,0,0,0,0,0,0,0,0,0,0
Archer Day-Wicks,MID/FWD,230000,0,24,24,0,0,0,0,0,0,0,0,0,0,0,0,0,0,0,0,0,0.01,0,0,0,0,0,0,0,0,0,0,0,0,0,0,0
Harry Cunningham,DEF,539000,0,55,55,0,0,0,0,0,0,0,0,0,0,0,0,0,0,0,0,0,0,0,0,0,0,0,0,0,0,0,0,0,0,0,0,0
Rob Monahan,FWD,230000,0,24,24,0,0,0,0,0,0,0,0,0,0,0,0,0,0,0,0,0,0,0,0,0,0,0,0,0,0,0,0,0,0,0,0,0
Riley Garcia,FWD,645000,0,66,66,0,0,0,0,0,0,0,0,0,0,0,0,0,0,0,0,0,0,0,0,0,0,0,0,0,0,0,0,0,0,0,0,0
Samson Ryan,RUC/FWD,450000,0,46,46,0,0,0,0,0,0,0,0,0,0,0,0,0,0,0,0,0,0.02,0,0,0,0,0,0,0,0,0,0,27,14,14,0,0
Paddy Dow,MID,649000,0,66,66,0,0,0,0,0,0,0,0,0,0,0,0,0,0,0,0,0,0,0,0,0,0,0,0,0,0,0,0,101,71,65,0,0
Oscar Steene,RUC/FWD,230000,0,24,24,0,0,0,0,0,0,0,0,0,0,0,0,0,0,0,0,0,0.01,0,0,0,0,0,0,0,0,0,0,0,0,0,0,0
Bailey Macdonald,DEF,377000,0,39,39,0,0,0,0,0,0,0,0,0,0,0,0,0,0,0,0,0,0,0,0,0,0,0,0,0,0,0,0,0,0,0,0,0
Coen Livingstone,RUC/FWD,230000,0,24,24,0,0,0,0,0,0,0,0,0,0,0,0,0,0,0,0,0,0.06,0.01,0,0,0,0,0,0,0,0,0,0,0,0,0,0
Jayden Nguyen,DEF/MID,230000,0,24,24,0,0,0,0,0,0,0,0,0,0,0,0,0,0,0,0,0,0.06,0,0,0,0,0,0,0,0,0,0,0,0,0,0,0
Ivan Soldo,RUC,758000,0,78,78,0,0,0,0,0,0,0,0,0,0,0,0,0,0,0,0,0,0,0,0,0,0,0,0,0,0,0,0,59,69,69,0,0
Cody Angove,MID/FWD,271000,0,28,28,0,0,0,0,0,0,0,0,0,0,0,0,0,0,0,0,0,0.08,0,0,0,0,0,0,0,0,0,0,0,0,0,0,0
Jordan Croft,FWD,230000,0,24,24,0,0,0,0,0,0,0,0,0,0,0,0,0,0,0,0,0,0.02,0,0,0,0,0,0,0,0,0,0,0,0,0,0,0
Charlie Dean,DEF,454000,0,46,46,0,0,0,0,0,0,0,0,0,0,0,0,0,0,0,0,0,0,0,0,0,0,0,0,0,0,0,0,0,0,0,0,0
Josh Goater,DEF,408000,0,42,42,0,0,0,0,0,0,0,0,0,0,0,0,0,0,0,0,0,0,0,0,0,0,0,0,0,0,0,0,0,0,0,0,0
Jake Riccardi,FWD,613000,0,63,63,0,0,0,0,0,0,0,0,0,0,0,0,0,0,0,0,0,0,0,0,0,0,0,0,0,0,0,0,86,86,86,0,0
Caleb Graham,DEF,252000,0,26,26,0,0,0,0,0,0,0,0,0,0,0,0,0,0,0,0,0,0.01,0,0,0,0,0,0,0,0,0,0,18,18,18,0,0
Tom Gross,MID,230000,0,24,24,0,0,0,0,0,0,0,0,0,0,0,0,0,0,0,0,0,0.01,0,0,0,0,0,0,0,0,0,0,0,0,0,0,0
Jack Billings,MID/FWD,652000,0,67,67,0,0,0,0,0,0,0,0,0,0,0,0,0,0,0,0,0,0,0,0,0,0,0,0,0,0,0,0,57,101,110,0,0
Jay Polkinghorne,FWD,230000,0,24,24,0,0,0,0,0,0,0,0,0,0,0,0,0,0,0,0,0,0,0,0,0,0,0,0,0,0,0,0,0,0,0,0,0
Chris Burgess,FWD,428000,0,44,44,0,0,0,0,0,0,0,0,0,0,0,0,0,0,0,0,0,0,0,0,0,0,0,0,0,0,0,0,22,25,25,0,0
Angus McLennan,DEF,421000,0,43,43,0,0,0,0,0,0,0,0,0,0,0,0,0,0,0,0,0,0,0,0,0,0,0,0,0,0,0,0,46,46,46,0,0
Jasper Scaife,FWD,230000,0,24,24,0,0,0,0,0,0,0,0,0,0,0,0,0,0,0,0,0,0,0,0,0,0,0,0,0,0,0,0,0,0,0,0,0
Jordan Boyd,DEF,601000,0,62,62,0,0,0,0,0,0,0,0,0,0,0,0,0,0,0,0,0,0,0,0,0,0,0,0,0,0,0,0,64,64,64,0,0
Jack Williams,FWD,464000,0,47,47,0,0,0,0,0,0,0,0,0,0,0,0,0,0,0,0,0,0,0,0,0,0,0,0,0,0,0,0,71,51,51,0,0
Aaron Francis,DEF,433000,0,44,44,0,0,0,0,0,0,0,0,0,0,0,0,0,0,0,0,0,0,0,0,0,0,0,0,0,0,0,0,0,0,0,0,0
James Aish,DEF,668000,0,68,68,0,0,0,0,0,0,0,0,0,0,0,0,0,0,0,0,0,0,0,0,0,0,0,0,0,0,0,0,28,48,72,0,0
Jack Martin,FWD,438000,0,45,45,0,0,0,0,0,0,0,0,0,0,0,0,0,0,0,0,0,0,0,0,0,0,0,0,0,0,0,0,61,66,71,0,0
Callum Mills,DEF,759000,0,78,78,0,0,0,0,0,0,0,0,0,0,0,0,0,0,0,0,0,0.02,0,0,0,0,0,0,0,0,0,0,0,0,0,0,0
Marc Pittonet,RUC,701000,0,72,72,0,0,0,0,0,0,0,0,0,0,0,0,0,0,0,0,0,0,0,0,0,0,0,0,0,0,0,0,65,67,68,0,0
Joseph Fonti,DEF,322000,0,33,33,0,0,0,0,0,0,0,0,0,0,0,0,0,0,0,0,0,0,0,0,0,0,0,0,0,0,0,0,9,9,9,0,0
Luke Nankervis,DEF,662000,0,68,68,0,0,0,0,0,0,0,0,0,0,0,0,0,0,0,0,0,0,0,0,0,0,0,0,0,0,0,0,61,61,61,0,0
Jason Johannisen,DEF,834000,0,85,85,0,0,0,0,0,0,0,0,0,0,0,0,0,0,0,0,0,0,0,0,0,0,0,0,0,0,0,0,96,62,72,0,0
Finlay Macrae,MID/FWD,468000,0,48,48,0,0,0,0,0,0,0,0,0,0,0,0,0,0,0,0,0,0,0,0,0,0,0,0,0,0,0,0,0,0,0,0,0
Liam Henry,FWD,588000,0,60,60,0,0,0,0,0,0,0,0,0,0,0,0,0,0,0,0,0,0,0,0,0,0,0,0,0,0,0,0,44,47,47,0,0
Zak Butters,MID,1089000,0,111,111,0,0,0,0,0,0,0,0,0,0,0,0,0,0,0,0,0,0.02,0,0,0,0,0,0,0,0,0,0,106,106,97,0,0
Seamus Mitchell,DEF,357000,0,37,37,0,0,0,0,0,0,0,0,0,0,0,0,0,0,0,0,0,0,0,0,0,0,0,0,0,0,0,0,28,49,49,0,0
Henry Smith,FWD,315000,0,32,32,0,0,0,0,0,0,0,0,0,0,0,0,0,0,0,0,0,0,0,0,0,0,0,0,0,0,0,0,0,0,0,0,0
Ned Bowman,FWD,265000,0,27,27,0,0,0,0,0,0,0,0,0,0,0,0,0,0,0,0,0,0,0,0,0,0,0,0,0,0,0,0,0,0,0,0,0
Indhi Kirk,MID,230000,0,24,24,0,0,0,0,0,0,0,0,0,0,0,0,0,0,0,0,0,0,0,0,0,0,0,0,0,0,0,0,0,0,0,0,0
Dylan Williams,DEF,523000,0,54,54,0,0,0,0,0,0,0,0,0,0,0,0,0,0,0,0,0,0,0,0,0,0,0,0,0,0,0,0,75,84,84,0,0
Dion Prestia,MID,743000,0,76,76,0,0,0,0,0,0,0,0,0,0,0,0,0,0,0,0,0,0,0,0,0,0,0,0,0,0,0,0,69,74,87,0,0
Will Hayes,MID/FWD,230000,0,24,24,0,0,0,0,0,0,0,0,0,0,0,0,0,0,0,0,0,0.01,0,0.01,0.1,0,-0.01,-0.1,0,0,0,0,0,0,0,0,0
Michael Walters,FWD,454000,0,46,46,0,0,0,0,0,0,0,0,0,0,0,0,0,0,0,0,0,0,0,0,0,0,0,0,0,0,0,0,41,57,72,0,0
Jai Culley,MID/FWD,332000,0,34,34,0,0,0,0,0,0,0,0,0,0,0,0,0,0,0,0,0,0,0,0,0,0,0,0,0,0,0,0,36,36,36,0,0
Judd McVee,DEF,605000,0,62,62,0,0,0,0,0,0,0,0,0,0,0,0,0,0,0,0,0,0,0,0,0,0,0,0,0,0,0,0,46,45,45,0,0
George Stevens,MID,230000,0,24,24,0,0,0,0,0,0,0,0,0,0,0,0,0,0,0,0,0,0,0,0,0,0,0,0,0,0,0,0,0,0,0,0,0
Jacob Koschitzke,FWD,484000,0,50,50,0,0,0,0,0,0,0,0,0,0,0,0,0,0,0,0,0,0,0,0,0,0,0,0,0,0,0,0,42,48,43,0,0
Zac Fisher,DEF,846000,0,87,87,0,0,0,0,0,0,0,0,0,0,0,0,0,0,0,0,0,0,0,0,0,0,0,0,0,0,0,0,34,48,55,0,0
Toby McMullin,FWD,427000,0,44,44,0,0,0,0,0,0,0,0,0,0,0,0,0,0,0,0,0,0,0,0,0,0,0,0,0,0,0,0,65,50,50,0,0
Anthony Scott,MID/FWD,378000,0,39,39,0,0,0,0,0,0,0,0,0,0,0,0,0,0,0,0,0,0,0,0,0,0,0,0,0,0,0,0,58,54,54,0,0
Lewis Hayes,DEF,230000,0,24,24,0,0,0,0,0,0,0,0,0,0,0,0,0,0,0,0,0,0,0,0,0,0,0,0,0,0,0,0,0,0,0,0,0
Will Lorenz,MID,230000,0,24,24,0,0,0,0,0,0,0,0,0,0,0,0,0,0,0,0,0,0.01,0,0,0,0,0,0,0,0,0,0,0,0,0,0,0
Alex Cincotta,DEF,430000,0,44,44,0,0,0,0,0,0,0,0,0,0,0,0,0,0,0,0,0,0,0,0,0,0,0,0,0,0,0,0,65,44,44,0,0
Luker Kentfield,FWD,230000,0,24,24,0,0,0,0,0,0,0,0,0,0,0,0,0,0,0,0,0,0,0,0,0,0,0,0,0,0,0,0,0,0,0,0,0
Will Brodie,MID,481000,0,49,49,0,0,0,0,0,0,0,0,0,0,0,0,0,0,0,0,0,0,0,0,0,0,0,0,0,0,0,0,97,75,75,0,0
Quinton Narkle,FWD,381000,0,39,39,0,0,0,0,0,0,0,0,0,0,0,0,0,0,0,0,0,0,0,0,0,0,0,0,0,0,0,0,0,0,0,0,0
Callum Coleman-Jones,FWD,408000,0,42,42,0,0,0,0,0,0,0,0,0,0,0,0,0,0,0,0,0,0,0,0,0,0,0,0,0,0,0,0,50,59,59,0,0
Oliver Hannaford,MID/FWD,289000,0,30,30,0,0,0,0,0,0,0,0,0,0,0,0,0,0,0,0,0,0.02,0,0,0,0,0,0,0,0,0,0,0,0,0,0,0
Tylar Young,DEF,389000,0,40,40,0,0,0,0,0,0,0,0,0,0,0,0,0,0,0,0,0,0,0,0,0,0,0,0,0,0,0,0,50,40,40,0,0
Zak Evans,MID,230000,0,24,24,0,0,0,0,0,0,0,0,0,0,0,0,0,0,0,0,0,0,0,0,0,0,0,0,0,0,0,0,0,0,0,0,0
Keidean Coleman,DEF,521000,0,53,53,0,0,0,0,0,0,0,0,0,0,0,0,0,0,0,0,0,0.04,0,0,0,0,0,0,0,0,0,0,105,52,52,0,0
Zane Zakostelsky,DEF/RUC,230000,0,24,24,0,0,0,0,0,0,0,0,0,0,0,0,0,0,0,0,0,0.01,0,0,0,0,0,0,0,0,0,0,0,0,0,0,0
Jobe Shanahan,FWD,253000,0,26,26,0,0,0,0,0,0,0,0,0,0,0,0,0,0,0,0,0,0.01,0,0,0,0,0,0,0,0,0,0,0,0,0,0,0
Jesse Dattoli,MID/FWD,277000,0,28,28,0,0,0,0,0,0,0,0,0,0,0,0,0,0,0,0,0,0,0,0,0,0,0,0,0,0,0,0,0,0,0,0,0
Xavier Ivisic,MID,230000,0,24,24,0,0,0,0,0,0,0,0,0,0,0,0,0,0,0,0,0,0,0,0,0,0,0,0,0,0,0,0,0,0,0,0,0
Logan McDonald,FWD,604000,0,62,62,0,0,0,0,0,0,0,0,0,0,0,0,0,0,0,0,0,0,0,0,0,0,0,0,0,0,0,0,0,0,0,0,0
Noah Balta,DEF/FWD,624000,0,64,64,0,0,0,0,0,0,0,0,0,0,0,0,0,0,0,0,0,0,0,0,0,0,0,0,0,0,0,0,73,62,53,0,0
Isaiah Dudley,FWD,230000,0,24,24,0,0,0,0,0,0,0,0,0,0,0,0,0,0,0,0,0,0.01,0,0,0,0,-0.01,0,0,0,0,0,0,0,0,0,0
Koltyn Tholstrup,FWD,559000,0,57,57,0,0,0,0,0,0,0,0,0,0,0,0,0,0,0,0,0,0,0,0,0,0,0,0,0,0,0,0,86,86,86,0,0
Ryan Gardner,DEF,279000,0,29,29,0,0,0,0,0,0,0,0,0,0,0,0,0,0,0,0,0,0,0,0,0,0,-0.01,-0.1,0,0,0,0,16,27,27,0,0
Tew Jiath,DEF,230000,0,24,24,0,0,0,0,0,0,0,0,0,0,0,0,0,0,0,0,0,0.02,0,0,0,0,0,0,0,0,0,0,0,0,0,0,0
Mac Andrew,DEF,659000,0,67,67,0,0,0,0,0,0,0,0,0,0,0,0,0,0,0,0,0,0.02,0,0,0,0,0,0,0,0,0,0,28,28,28,0,0
Cody Weightman,FWD,628000,0,64,64,0,0,0,0,0,0,0,0,0,0,0,0,0,0,0,0,0,0,0,0,0,0,0,0,0,0,0,0,49,57,57,0,0
Max Knobel,RUC,230000,0,24,24,0,0,0,0,0,0,0,0,0,0,0,0,0,0,0,0,0,0.01,0,0,0,0,0,0,0,0,0,0,0,0,0,0,0
Darcy Parish,MID,940000,0,96,96,0,0,0,0,0,0,0,0,0,0,0,0,0,0,0,0,0,0,0,0,0,0,0,0,0,0,0,0,66,103,84,0,0
Marty Hore,DEF,471000,0,48,48,0,0,0,0,0,0,0,0,0,0,0,0,0,0,0,0,0,0,0,0,0,0,0,0,0,0,0,0,87,84,84,0,0
Elijah Hollands,FWD,769000,0,79,79,0,0,0,0,0,0,0,0,0,0,0,0,0,0,0,0,0,0,0,0,0,0,0,0,0,0,0,0,82,82,82,0,0
Ryan Angwin,MID,471000,0,48,48,0,0,0,0,0,0,0,0,0,0,0,0,0,0,0,0,0,0,0,0,0,0,0,0,0,0,0,0,41,41,41,0,0
Kane McAuliffe,MID,396000,0,41,41,0,0,0,0,0,0,0,0,0,0,0,0,0,0,0,0,0,0,0,0,0,0,0,0,0,0,0,0,23,23,23,0,0
Harry Demattia,MID,230000,0,24,24,0,0,0,0,0,0,0,0,0,0,0,0,0,0,0,0,0,0.01,0,0,0,0,-0.01,0,0,0,0,0,0,0,0,0,0
Harry Rowston,MID,230000,0,24,24,0,0,0,0,0,0,0,0,0,0,0,0,0,0,0,0,0,0.01,0,0,0,0,0,0,0,0,0,0,31,31,31,0,0
Wil Parker,DEF,317000,0,32,32,0,0,0,0,0,0,0,0,0,0,0,0,0,0,0,0,0,0.01,0,0,0,0,0,0,0,0,0,0,0,0,0,0,0
George Wardlaw,MID,803000,0,82,82,0,0,0,0,0,0,0,0,0,0,0,0,0,0,0,0,0,0,0,0,0,0,0,0,0,0,0,0,80,83,83,0,0
Sam Marshall,MID,268000,0,27,27,0,0,0,0,0,0,0,0,0,0,0,0,0,0,0,0,0,0.01,0,0,0,0,0,0,0,0,0,0,0,0,0,0,0
Alix Tauru,DEF/FWD,313000,0,32,32,0,0,0,0,0,0,0,0,0,0,0,0,0,0,0,0,0,0.01,0,0,0,0,0,0,0,0,0,0,0,0,0,0,0
Tanner Bruhn,MID,723000,0,74,74,0,0,0,0,0,0,0,0,0,0,0,0,0,0,0,0,0,0,0,0,0,0,0,0,0,0,0,0,95,67,60,0,0
Patrick Retschko,MID,230000,0,24,24,0,0,0,0,0,0,0,0,0,0,0,0,0,0,0,0,0,0,0,0,0,0,0,0,0,0,0,0,0,0,0,0,0
Jordon Butts,DEF,431000,0,44,44,0,0,0,0,0,0,0,0,0,0,0,0,0,0,0,0,0,0,0,0,0,0,0,0,0,0,0,0,7,23,27,0,0
Brodie Smith,DEF,657000,0,67,67,0,0,0,0,0,0,0,0,0,0,0,0,0,0,0,0,0,0,0,0,0,0,0,0,0,0,0,0,89,81,85,0,0
Daniel Butler,FWD,460000,0,47,47,0,0,0,0,0,0,0,0,0,0,0,0,0,0,0,0,0,0,0,0,0,0,0,0,0,0,0,0,52,45,57,0,0
James Blanck,DEF,230000,0,24,24,0,0,0,0,0,0,0,0,0,0,0,0,0,0,0,0,0,0.01,0,0,0,0,0,0,0,0,0,0,21,21,21,0,0
Kayle Gerreyn,RUC,232000,0,24,24,0,0,0,0,0,0,0,0,0,0,0,0,0,0,0,0,0,0.06,0,0,0,0,0,0,0,0,0,0,0,0,0,0,0
David Swallow,DEF/FWD,424000,0,43,43,0,0,0,0,0,0,0,0,0,0,0,0,0,0,0,0,0,0.01,0,0,0,0,0,0,0,0,0,0,13,52,71,0,0
Hugh Jackson,MID,230000,0,24,24,0,0,0,0,0,0,0,0,0,0,0,0,0,0,0,0,0,0.04,0,0,0,0,0,0,0,0,0,0,0,0,0,0,0
Ben Camporeale,MID,230000,0,24,24,0,0,0,0,0,0,0,0,0,0,0,0,0,0,0,0,0,0.01,0,0,0,0,0,0,0,0,0,0,0,0,0,0,0
Elliot Yeo,MID,933000,0,95,95,0,0,0,0,0,0,0,0,0,0,0,0,0,0,0,0,0,0,0,0,0,0,0,0,0,0,0,0,112,87,92,0,0
Will Green,RUC,230000,0,24,24,0,0,0,0,0,0,0,0,0,0,0,0,0,0,0,0,0,0,0,0,0,0,0,0,0,0,0,0,0,0,0,0,0
Keighton Matofai-Forbes,FWD,230000,0,24,24,0,0,0,0,0,0,0,0,0,0,0,0,0,0,0,0,0,0,0,0,0,0,0,0,0,0,0,0,0,0,0,0,0
Caleb Mitchell,MID,230000,0,24,24,0,0,0,0,0,0,0,0,0,0,0,0,0,0,0,0,0,0.04,0,0,0,0,-0.01,0,0,0,0,0,0,0,0,0,0
Oleg Markov,DEF,469000,0,48,48,0,0,0,0,0,0,0,0,0,0,0,0,0,0,0,0,0,0,0,0,0,0,0,0,0,0,0,0,0,0,0,0,0
Luke Beecken,DEF,230000,0,24,24,0,0,0,0,0,0,0,0,0,0,0,0,0,0,0,0,0,0.03,0,0,0,0,0,0,0,0,0,0,0,0,0,0,0
Angus Clarke,DEF,230000,0,24,24,0,0,0,0,0,0,0,0,0,0,0,0,0,0,0,0,0,0,0,0,0,0,0,0,0,0,0,0,0,0,0,0,0
Ned Moyle,RUC,749000,0,77,77,0,0,0,0,0,0,0,0,0,0,0,0,0,0,0,0,0,0,0,0,0,0,0,0,0,0,0,0,0,0,0,0,0
Jack Buller,FWD,230000,0,24,24,0,0,0,0,0,0,0,0,0,0,0,0,0,0,0,0,0,0.01,0,0,0,0,0,0,0,0,0,0,0,0,0,0,0
Sean Darcy,RUC,798000,0,82,82,0,0,0,0,0,0,0,0,0,0,0,0,0,0,0,0,0,0.01,0,0,0,0,0,0,0,0,0,0,88,103,87,0,0
Oliver Sestan,FWD,230000,0,24,24,0,0,0,0,0,0,0,0,0,0,0,0,0,0,0,0,0,0,0,0,0,0,0,0,0,0,0,0,0,0,0,0,0
Hugo Ralphsmith,MID,551000,0,56,56,0,0,0,0,0,0,0,0,0,0,0,0,0,0,0,0,0,0,0,0,0,0,0,0,0,0,0,0,30,32,32,0,0
Harvey Thomas,FWD,475000,0,49,49,0,0,0,0,0,0,0,0,0,0,0,0,0,0,0,0,0,0,0,0,0,0,0,0,0,0,0,0,25,29,29,0,0
Tom Anastasopoulos,FWD,230000,0,24,24,0,0,0,0,0,0,0,0,0,0,0,0,0,0,0,0,0,0,0,0,0,0,0,0,0,0,0,0,0,0,0,0,0
Callum Jamieson,DEF,400000,0,41,41,0,0,0,0,0,0,0,0,0,0,0,0,0,0,0,0,0,0,0,0,0,0,0,0,0,0,0,0,0,0,0,0,0
Orazio Fantasia,FWD,361000,0,37,37,0,0,0,0,0,0,0,0,0,0,0,0,0,0,0,0,0,0,0,0,0,0,0,0,0,0,0,0,45,34,41,0,0
Jake Melksham,FWD,470000,0,48,48,0,0,0,0,0,0,0,0,0,0,0,0,0,0,0,0,0,0,0,0,0,0,0,0,0,0,0,0,55,81,85,0,0
Jedd Busslinger,DEF,230000,0,24,24,0,0,0,0,0,0,0,0,0,0,0,0,0,0,0,0,0,0.02,0,0,0,0,0,0,0,0,0,0,0,0,0,0,0
Eddie Ford,FWD,551000,0,56,56,0,0,0,0,0,0,0,0,0,0,0,0,0,0,0,0,0,0,0,0,0,0,0,0,0,0,0,0,44,45,45,0,0
River Stevens,MID/FWD,230000,0,24,24,0,0,0,0,0,0,0,0,0,0,0,0,0,0,0,0,0,0,0,0,0,0,0,0,0,0,0,0,0,0,0,0,0
Darragh Joyce,DEF,433000,0,44,44,0,0,0,0,0,0,0,0,0,0,0,0,0,0,0,0,0,0,0,0,0,0,0,0,0,0,0,0,30,30,30,0,0
Cooper Sharman,FWD,515000,0,53,53,0,0,0,0,0,0,0,0,0,0,0,0,0,0,0,0,0,0,0,0,0,0,0,0,0,0,0,0,62,61,49,0,0
Sam Berry,MID,604000,0,62,62,0,0,0,0,0,0,0,0,0,0,0,0,0,0,0,0,0,0,0,0,0,0,0,0,0,0,0,0,85,75,75,0,0
Jonty Faull,FWD,301000,0,31,31,0,0,0,0,0,0,0,0,0,0,0,0,0,0,0,0,0,0,0,0,0,0,0,0,0,0,0,0,0,0,0,0,0
Will White,FWD,230000,0,24,24,0,0,0,0,0,0,0,0,0,0,0,0,0,0,0,0,0,0.01,0,0,0,0,0,0,0,0,0,0,0,0,0,0,0
Charlie Nicholls,FWD,241000,0,25,25,0,0,0,0,0,0,0,0,0,0,0,0,0,0,0,0,0,0.01,0,0,0,0,0,0,0,0,0,0,0,0,0,0,0
Eamonn Armstrong,DEF,230000,0,24,24,0,0,0,0,0,0,0,0,0,0,0,0,0,0,0,0,0,0.01,0,0,0,0,-0.01,0,0,0,0,0,0,0,0,0,0
Jy Farrar,DEF,265000,0,27,27,0,0,0,0,0,0,0,0,0,0,0,0,0,0,0,0,0,0,0,0,0,0,0,0,0,0,0,0,68,68,68,0,0
Darcy Craven,FWD,230000,0,24,24,0,0,0,0,0,0,0,0,0,0,0,0,0,0,0,0,0,0,0,0,0,0,0,0,0,0,0,0,0,0,0,0,0
Malakai Champion,FWD,230000,0,24,24,0,0,0,0,0,0,0,0,0,0,0,0,0,0,0,0,0,0,0,0,0,0,0,0,0,0,0,0,0,0,0,0,0
Max King,FWD,528000,0,54,54,0,0,0,0,0,0,0,0,0,0,0,0,0,0,0,0,0,0,0,0,0,0,0,0,0,0,0,0,66,65,61,0,0
Max Ramsden,FWD,278000,0,28,28,0,0,0,0,0,0,0,0,0,0,0,0,0,0,0,0,0,0,0,0,0,0,0,0,0,0,0,0,0,0,0,0,0
Dominic Sheed,MID,864000,0,88,88,0,0,0,0,0,0,0,0,0,0,0,0,0,0,0,0,0,0,0,0,0,0,0,0,0,0,0,0,2,44,68,0,0
Will Edwards,DEF,230000,0,24,24,0,0,0,0,0,0,0,0,0,0,0,0,0,0,0,0,0,0,0,0,0,0,0,0,0,0,0,0,0,0,0,0,0
Rhys Unwin,MID,230000,0,24,24,0,0,0,0,0,0,0,0,0,0,0,0,0,0,0,0,0,0,0,0,0,0,0,0,0,0,0,0,0,0,0,0,0
Nic Newman,DEF,1052000,0,108,108,0,0,0,0,0,0,0,0,0,0,0,0,0,0,0,0,0,0,0,0,0,0,0,0,0,0,0,0,97,97,83,0,0
Josaia Delana,MID,230000,0,24,24,0,0,0,0,0,0,0,0,0,0,0,0,0,0,0,0,0,0.01,0,0,0,0,0,0,0,0,0,0,0,0,0,0,0
Lachlan Murphy,FWD,542000,0,55,55,0,0,0,0,0,0,0,0,0,0,0,0,0,0,0,0,0,0,0,0,0,0,0,0,0,0,0,0,64,63,58,0,0
Thomas Sims,RUC/FWD,259000,0,27,27,0,0,0,0,0,0,0,0,0,0,0,0,0,0,0,0,0,0.03,0,0,0,0,-0.01,0,0,0,0,0,0,0,0,0,0
Ash Johnson,FWD,371000,0,38,38,0,0,0,0,0,0,0,0,0,0,0,0,0,0,0,0,0,0,0,0,0,0,0,0,0,0,0,0,0,0,0,0,0
Charlie West,RUC/FWD,230000,0,24,24,0,0,0,0,0,0,0,0,0,0,0,0,0,0,0,0,0,0.01,0,0,0,0,0,0,0,0,0,0,0,0,0,0,0
Sean Lemmens,DEF,424000,0,43,43,0,0,0,0,0,0,0,0,0,0,0,0,0,0,0,0,0,0,0,0,0,0,0,0,0,0,0,0,46,38,46,0,0
Riak Andrew,DEF,230000,0,24,24,0,0,0,0,0,0,0,0,0,0,0,0,0,0,0,0,0,0.01,0,0,0,0,0,0,0,0,0,0,0,0,0,0,0
Mitchell Duncan,DEF,795000,0,81,81,0,0,0,0,0,0,0,0,0,0,0,0,0,0,0,0,0,0,0,0,0,0,0,0,0,0,0,0,84,88,77,0,0
Dante Visentini,RUC,443000,0,45,45,0,0,0,0,0,0,0,0,0,0,0,0,0,0,0,0,0,0.01,0,0,0,0,0,0,0,0,0,0,9,9,9,0,0
Jaren Carr,FWD,230000,0,24,24,0,0,0,0,0,0,0,0,0,0,0,0,0,0,0,0,0,0,0,0,0,0,0,0,0,0,0,0,0,0,0,0,0
Karl Gallagher,DEF,230000,0,24,24,0,0,0,0,0,0,0,0,0,0,0,0,0,0,0,0,0,0,0,0,0,0,0,0,0,0,0,0,0,0,0,0,0
Riley Hardeman,DEF,351000,0,36,36,0,0,0,0,0,0,0,0,0,0,0,0,0,0,0,0,0,0,0,0,0,0,0,0,0,0,0,0,54,54,54,0,0
Logan Smith,RUC,230000,0,24,24,0,0,0,0,0,0,0,0,0,0,0,0,0,0,0,0,0,0,0,0,0,0,0,0,0,0,0,0,0,0,0,0,0
Lachlan Gulbin,FWD,230000,0,24,24,0,0,0,0,0,0,0,0,0,0,0,0,0,0,0,0,0,0,0,0,0,0,0,0,0,0,0,0,0,0,0,0,0
Matt Whitlock,DEF/FWD,262000,0,27,27,0,0,0,0,0,0,0,0,0,0,0,0,0,0,0,0,0,0.02,0,0,0,0,0,0,0,0,0,0,0,0,0,0,0
Lincoln McCarthy,FWD,593000,0,61,61,0,0,0,0,0,0,0,0,0,0,0,0,0,0,0,0,0,0,0,0,0,0,0,0,0,0,0,0,86,75,63,0,0
Jayden Laverde,DEF,655000,0,67,67,0,0,0,0,0,0,0,0,0,0,0,0,0,0,0,0,0,0,0,0,0,0,0,0,0,0,0,0,49,71,65,0,0
Cillian Burke,DEF,230000,0,24,24,0,0,0,0,0,0,0,0,0,0,0,0,0,0,0,0,0,0,0,0,0,0,0,0,0,0,0,0,0,0,0,0,0
Jacob Moss,DEF,230000,0,24,24,0,0,0,0,0,0,0,0,0,0,0,0,0,0,0,0,0,0,0,0,0,0,0,0,0,0,0,0,0,0,0,0,0
Kynan Brown,MID,230000,0,24,24,0,0,0,0,0,0,0,0,0,0,0,0,0,0,0,0,0,0.01,0,0,0,0,0,0,0,0,0,0,0,0,0,0,0
Steven May,DEF,778000,0,80,80,0,0,0,0,0,0,0,0,0,0,0,0,0,0,0,0,0,0.01,0,0,0,0,0,0,0,0,0,0,52,69,74,0,0
Brayden Cook,FWD,425000,0,43,43,0,0,0,0,0,0,0,0,0,0,0,0,0,0,0,0,0,0,0,0,0,0,0,0,0,0,0,0,92,72,72,0,0
Oliver Hayes-Brown,RUC,230000,0,24,24,0,0,0,0,0,0,0,0,0,0,0,0,0,0,0,0,0,0,0,0,0,0,0,0,0,0,0,0,0,0,0,0,0
Caleb Poulter,MID,586000,0,60,60,0,0,0,0,0,0,0,0,0,0,0,0,0,0,0,0,0,0,0,0,0,0,0,0,0,0,0,0,78,45,45,0,0
Luke Breust,FWD,393000,0,40,40,0,0,0,0,0,0,0,0,0,0,0,0,0,0,0,0,0,0.01,0,0,0,0,0,0,0,0,0,0,33,40,56,0,0
Todd Goldstein,RUC,614000,0,63,63,0,0,0,0,0,0,0,0,0,0,0,0,0,0,0,0,0,0,0,0,0,0,0,0,0,0,0,0,44,82,91,0,0
Jai Serong,DEF,395000,0,40,40,0,0,0,0,0,0,0,0,0,0,0,0,0,0,0,0,0,0,0,0,0,0,0,0,0,0,0,0,0,0,0,0,0
Odin Jones,RUC,230000,0,24,24,0,0,0,0,0,0,0,0,0,0,0,0,0,0,0,0,0,0,0,0,0,0,0,0,0,0,0,0,0,0,0,0,0
Liam Jones,DEF,527000,0,54,54,0,0,0,0,0,0,0,0,0,0,0,0,0,0,0,0,0,0,0,0,0,0,0,0,0,0,0,0,36,36,36,0,0
Nikolas Cox,MID,543000,0,56,56,0,0,0,0,0,0,0,0,0,0,0,0,0,0,0,0,0,0,0,0,0,0,0,0,0,0,0,0,65,63,63,0,0
Reece Torrent,MID,230000,0,24,24,0,0,0,0,0,0,0,0,0,0,0,0,0,0,0,0,0,0,0,0,0,0,0,0,0,0,0,0,0,0,0,0,0
Blake Leidler,DEF,230000,0,24,24,0,0,0,0,0,0,0,0,0,0,0,0,0,0,0,0,0,0,0,0,0,0,0,0,0,0,0,0,0,0,0,0,0
Brandon Zerk-Thatcher,DEF,517000,0,53,53,0,0,0,0,0,0,0,0,0,0,0,0,0,0,0,0,0,0,0,0,0,0,0,0,0,0,0,0,51,51,51,0,0
Hugh Davies,DEF,230000,0,24,24,0,0,0,0,0,0,0,0,0,0,0,0,0,0,0,0,0,0.01,0,0,0,0,0,0,0,0,0,0,0,0,0,0,0
Maurice Rioli,FWD,483000,0,49,49,0,0,0,0,0,0,0,0,0,0,0,0,0,0,0,0,0,0.01,0,0,0,0,0,0,0,0,0,0,52,46,46,0,0
Hayden Young,MID,953000,0,98,98,0,0,0,0,0,0,0,0,0,0,0,0,0,0,0,0,0,0.01,0,0,0,0,0,0,0,0,0,0,91,94,81,0,0
Finnbar Maley,RUC/FWD,230000,0,24,24,0,0,0,0,0,0,0,0,0,0,0,0,0,0,0,0,0,0.04,0,0,0,0,-0.01,-0.1,0,0,0,0,0,0,0,0,0
Ben Jepson,DEF,230000,0,24,24,0,0,0,0,0,0,0,0,0,0,0,0,0,0,0,0,0,0.04,0,0,0,0,0,0,0,0,0,0,0,0,0,0,0
Rory Atkins,DEF,606000,0,62,62,0,0,0,0,0,0,0,0,0,0,0,0,0,0,0,0,0,0,0,0,0,0,0,0,0,0,0,0,15,44,44,0,0
Mitchell Lewis,FWD,605000,0,62,62,0,0,0,0,0,0,0,0,0,0,0,0,0,0,0,0,0,0,0,0,0,0,0,0,0,0,0,0,43,31,42,0,0
Harvey Johnston,DEF,260000,0,27,27,0,0,0,0,0,0,0,0,0,0,0,0,0,0,0,0,0,0.01,0,0,0,0,0,0,0,0,0,0,0,0,0,0,0
Toby Conway,RUC,656000,0,67,67,0,0,0,0,0,0,0,0,0,0,0,0,0,0,0,0,0,0,0,0,0,0,0,0,0,0,0,0,77,77,77,0,0
Tom Fullarton,FWD,278000,0,28,28,0,0,0,0,0,0,0,0,0,0,0,0,0,0,0,0,0,0,0,0,0,0,0,0,0,0,0,0,58,58,58,0,0
Ricky Mentha,DEF/FWD,230000,0,24,24,0,0,0,0,0,0,0,0,0,0,0,0,0,0,0,0,0,0,0,0,0,0,-0.01,0,0,0,0,0,0,0,0,0,0
Oliver Wiltshire,MID/FWD,230000,0,24,24,0,0,0,0,0,0,0,0,0,0,0,0,0,0,0,0,0,0.01,0,0,0,0,0,0,0,0,0,0,0,0,0,0,0
Billy Dowling,MID,678000,0,69,69,0,0,0,0,0,0,0,0,0,0,0,0,0,0,0,0,0,0,0,0,0,0,0,0,0,0,0,0,0,0,0,0,0
Mykelti Lefau,FWD,459000,0,47,47,0,0,0,0,0,0,0,0,0,0,0,0,0,0,0,0,0,0,0,0,0,0,0,0,0,0,0,0,37,37,37,0,0
Cooper Simpson,FWD,230000,0,24,24,0,0,0,0,0,0,0,0,0,0,0,0,0,0,0,0,0,0.02,0,0,0,0,0,0,0,0,0,0,0,0,0,0,0
Brayden George,FWD,230000,0,24,24,0,0,0,0,0,0,0,0,0,0,0,0,0,0,0,0,0,0,0,0,0,0,0,0,0,0,0,0,0,0,0,0,0
Harrison Oliver,DEF,286000,0,29,29,0,0,0,0,0,0,0,0,0,0,0,0,0,0,0,0,0,0,0,0,0,0,0,0,0,0,0,0,0,0,0,0,0
Tyler Welsh,FWD,230000,0,24,24,0,0,0,0,0,0,0,0,0,0,0,0,0,0,0,0,0,0,0,0,0,0,0,0,0,0,0,0,0,0,0,0,0
Adam Treloar,MID,1129000,0,116,116,0,0,0,0,0,0,0,0,0,0,0,0,0,0,0,0,0,0.01,0,0,0,0,0,0,0,0,0,0,117,112,97,0,0
Brynn Teakle,FWD,402000,0,41,41,0,0,0,0,0,0,0,0,0,0,0,0,0,0,0,0,0,0,0,0,0,0,0,0,0,0,0,0,0,0,0,0,0
Calsher Dear,FWD,445000,0,46,46,0,0,0,0,0,0,0,0,0,0,0,0,0,0,0,0,0,0,0,0,0,0,0,0,0,0,0,0,16,42,42,0,0
Zak Johnson,MID,230000,0,24,24,0,0,0,0,0,0,0,0,0,0,0,0,0,0,0,0,0,0,0,0,0,0,0,0,0,0,0,0,0,0,0,0,0
Jed Bews,DEF,408000,0,42,42,0,0,0,0,0,0,0,0,0,0,0,0,0,0,0,0,0,0,0,0,0,0,0,0,0,0,0,0,45,45,43,0,0
Todd Marshall,FWD,550000,0,56,56,0,0,0,0,0,0,0,0,0,0,0,0,0,0,0,0,0,0,0,0,0,0,0,0,0,0,0,0,46,53,62,0,0
Hugh Bond,DEF,340000,0,35,35,0,0,0,0,0,0,0,0,0,0,0,0,0,0,0,0,0,0,0,0,0,0,0,0,0,0,0,0,0,0,0,0,0
Jesse Hogan,FWD,788000,0,81,81,0,0,0,0,0,0,0,0,0,0,0,0,0,0,0,0,0,0.01,0,0,0,0,0,0,0,0,0,0,110,87,91,0,0
Oscar Ryan,DEF,230000,0,24,24,0,0,0,0,0,0,0,0,0,0,0,0,0,0,0,0,0,0,0,0,0,0,0,0,0,0,0,0,0,0,0,0,0
James Barrat,DEF/FWD,247000,0,25,25,0,0,0,0,0,0,0,0,0,0,0,0,0,0,0,0,0,0.01,0,0,0,0,0,0,0,0,0,0,0,0,0,0,0
Brayden Fiorini,MID,758000,0,78,78,0,0,0,0,0,0,0,0,0,0,0,0,0,0,0,0,0,0,0,0,0,0,0,0,0,0,0,0,89,103,90,0,0
Cody Anderson,MID,230000,0,24,24,0,0,0,0,0,0,0,0,0,0,0,0,0,0,0,0,0,0.01,0,0,0,0,0,0,0,0,0,0,0,0,0,0,0
Campbell Chesser,MID,418000,0,43,43,0,0,0,0,0,0,0,0,0,0,0,0,0,0,0,0,0,0,0,0,0,0,0,0,0,0,0,0,37,45,45,0,0
Malcolm Rosas,FWD,422000,0,43,43,0,0,0,0,0,0,0,0,0,0,0,0,0,0,0,0,0,0,0,0,0,0,0,0,0,0,0,0,55,55,55,0,0
Ned Reeves,RUC,512000,0,52,52,0,0,0,0,0,0,0,0,0,0,0,0,0,0,0,0,0,0.01,0,0,0,0,0,0,0,0,0,0,28,59,65,0,0
Vigo Visentini,RUC,230000,0,24,24,0,0,0,0,0,0,0,0,0,0,0,0,0,0,0,0,0,0,0,0,0,0,0,0,0,0,0,0,0,0,0,0,0
Jake Kolodjashnij,DEF,607000,0,62,62,0,0,0,0,0,0,0,0,0,0,0,0,0,0,0,0,0,0,0,0,0,0,0,0,0,0,0,0,35,54,50,0,0
Harry O'Farrell,DEF,230000,0,24,24,0,0,0,0,0,0,0,0,0,0,0,0,0,0,0,0,0,0,0,0,0,0,0,0,0,0,0,0,0,0,0,0,0
Wade Derksen,FWD,230000,0,24,24,0,0,0,0,0,0,0,0,0,0,0,0,0,0,0,0,0,0,0,0,0,0,0,0,0,0,0,0,0,0,0,0,0
Cooper Hynes,MID,283000,0,29,29,0,0,0,0,0,0,0,0,0,0,0,0,0,0,0,0,0,0,0,0,0,0,0,0,0,0,0,0,0,0,0,0,0
Josh Smillie,MID,322000,0,33,33,0,0,0,0,0,0,0,0,0,0,0,0,0,0,0,0,0,0.04,0,0,0,0,0,0,0,0,0,0,0,0,0,0,0
Cooper Bell,DEF/FWD,230000,0,24,24,0,0,0,0,0,0,0,0,0,0,0,0,0,0,0,0,0,0,0,0,0,0,0,0,0,0,0,0,0,0,0,0,0
Leo Lombard,MID,316000,0,32,32,0,0,0,0,0,0,0,0,0,0,0,0,0,0,0,0,0,0.01,0,0,0,0,0,0,0,0,0,0,0,0,0,0,0
William McCabe,DEF,230000,0,24,24,0,0,0,0,0,0,0,0,0,0,0,0,0,0,0,0,0,0.01,0,0,0,0,0,0,0,0,0,0,0,0,0,0,0
Deven Robertson,MID/FWD,301000,0,31,31,0,0,0,0,0,0,0,0,0,0,0,0,0,0,0,0,0,0.02,0,0,0,0,0,0,0,0,0,0,67,67,67,0,0
Mitchell Edwards,RUC,230000,0,24,24,0,0,0,0,0,0,0,0,0,0,0,0,0,0,0,0,0,0,0,0,0,0,0,0,0,0,0,0,0,0,0,0,0
Xavier Walsh,FWD,230000,0,24,24,0,0,0,0,0,0,0,0,0,0,0,0,0,0,0,0,0,0,0,0,0,0,0,0,0,0,0,0,0,0,0,0,0
Kysaiah Pickett,FWD,677000,0,69,69,0,0,0,0,0,0,0,0,0,0,0,0,0,0,0,0,0,0.01,0,0,0,0,0,0,0,0,0,0,14,50,52,0,0
Billy Frampton,DEF,382000,0,39,39,0,0,0,0,0,0,0,0,0,0,0,0,0,0,0,0,0,0.01,0,0,0,0,0,0,0,0,0,0,0,0,0,0,0
Cooper Harvey,FWD,321000,0,33,33,0,0,0,0,0,0,0,0,0,0,0,0,0,0,0,0,0,0,0,0,0,0,0,0,0,0,0,0,0,0,0,0,0
Elliott Himmelberg,FWD,506000,0,52,52,0,0,0,0,0,0,0,0,0,0,0,0,0,0,0,0,0,0,0,0,0,0,0,0,0,0,0,0,7,43,43,0,0
Matt Hill,DEF,230000,0,24,24,0,0,0,0,0,0,0,0,0,0,0,0,0,0,0,0,0,0,0,0,0,0,0,0,0,0,0,0,0,0,0,0,0
Luamon Lual,DEF,230000,0,24,24,0,0,0,0,0,0,0,0,0,0,0,0,0,0,0,0,0,0.01,0,0,0,0,0,0,0,0,0,0,0,0,0,0,0
Tom Campbell,RUC,316000,0,32,32,0,0,0,0,0,0,0,0,0,0,0,0,0,0,0,0,0,0.02,0,0,0,0,0,0,0,0,0,0,0,0,0,0,0
Matt Duffy,DEF,230000,0,24,24,0,0,0,0,0,0,0,0,0,0,0,0,0,0,0,0,0,0,0,0,0,0,0,0,0,0,0,0,0,0,0,0,0
Shane McAdam,FWD,484000,0,50,50,0,0,0,0,0,0,0,0,0,0,0,0,0,0,0,0,0,0,0,0,0,0,0,0,0,0,0,0,72,61,61,0,0
Rhys Stanley,RUC,673000,0,69,69,0,0,0,0,0,0,0,0,0,0,0,0,0,0,0,0,0,0.01,0,0,0,0,0,0,0,0,0,0,64,78,76,0,0
Joel Cochran,DEF,230000,0,24,24,0,0,0,0,0,0,0,0,0,0,0,0,0,0,0,0,0,0,0,0,0,0,0,0,0,0,0,0,0,0,0,0,0
Aiden Riddle,RUC,230000,0,24,24,0,0,0,0,0,0,0,0,0,0,0,0,0,0,0,0,0,0,0,0,0,0,0,0,0,0,0,0,0,0,0,0,0
Kallan Dawson,DEF,399000,0,41,41,0,0,0,0,0,0,0,0,0,0,0,0,0,0,0,0,0,0,0,0,0,0,0,0,0,0,0,0,65,65,65,0,0
Kieran Strachan,RUC,546000,0,56,56,0,0,0,0,0,0,0,0,0,0,0,0,0,0,0,0,0,0,0,0,0,0,0,0,0,0,0,0,74,56,56,0,0
Sam Butler,FWD,364000,0,37,37,0,0,0,0,0,0,0,0,0,0,0,0,0,0,0,0,0,0,0,0,0,0,0,0,0,0,0,0,33,33,33,0,0
Ty Gallop,FWD,230000,0,24,24,0,0,0,0,0,0,0,0,0,0,0,0,0,0,0,0,0,0,0,0,0,0,0,0,0,0,0,0,0,0,0,0,0
Mattaes Phillipou,MID/FWD,656000,0,67,67,0,0,0,0,0,0,0,0,0,0,0,0,0,0,0,0,0,0.02,0,0,0,0,0,0,0,0,0,0,68,70,70,0,0
Jed Walter,FWD,353000,0,36,36,0,0,0,0,0,0,0,0,0,0,0,0,0,0,0,0,0,0,0,0,0,0,0,0,0,0,0,0,43,43,43,0,0
Josh Lai,MID,230000,0,24,24,0,0,0,0,0,0,0,0,0,0,0,0,0,0,0,0,0,0,0,0,0,0,0,0,0,0,0,0,0,0,0,0,0
Jacob Molier,RUC,230000,0,24,24,0,0,0,0,0,0,0,0,0,0,0,0,0,0,0,0,0,0,0,0,0,0,0,0,0,0,0,0,0,0,0,0,0
Judson Clarke,FWD,297000,0,30,30,0,0,0,0,0,0,0,0,0,0,0,0,0,0,0,0,0,0,0,0,0,0,0,0,0,0,0,0,36,36,36,0,0
Jagga Smith,MID,334000,0,34,34,0,0,0,0,0,0,0,0,0,0,0,0,0,0,0,0,0,0.03,0,0,0,0,0,0,0,0,0,0,0,0,0,0,0
Oscar McDonald,DEF,285000,0,29,29,0,0,0,0,0,0,0,0,0,0,0,0,0,0,0,0,0,0.01,0,0,0,0,0,0,0,0,0,0,59,58,58,0,0
Luke Kennedy,MID,230000,0,24,24,0,0,0,0,0,0,0,0,0,0,0,0,0,0,0,0,0,0,0,0,0,0,0,0,0,0,0,0,0,0,0,0,0
Alex Davies,MID,618000,0,63,63,0,0,0,0,0,0,0,0,0,0,0,0,0,0,0,0,0,0,0,0,0,0,0,0,0,0,0,0,67,51,51,0,0
Shadeau Brain,DEF,373000,0,38,38,0,0,0,0,0,0,0,0,0,0,0,0,0,0,0,0,0,0,0,0,0,0,0,0,0,0,0,0,0,0,0,0,0
Rhett Bazzo,DEF,230000,0,24,24,0,0,0,0,0,0,0,0,0,0,0,0,0,0,0,0,0,0.02,0,0,0,0,0,0,0,0,0,0,48,48,48,0,0
Dougal Howard,DEF,514000,0,53,53,0,0,0,0,0,0,0,0,0,0,0,0,0,0,0,0,0,0,0,0,0,0,0,0,0,0,0,0,63,50,57,0,0
Alwyn Davey,FWD,284000,0,29,29,0,0,0,0,0,0,0,0,0,0,0,0,0,0,0,0,0,0.01,0,0,0,0,0,0,0,0,0,0,34,34,34,0,0
Tom Cochrane,MID,230000,0,24,24,0,0,0,0,0,0,0,0,0,0,0,0,0,0,0,0,0,0,0,0,0,0,0,0,0,0,0,0,0,0,0,0,0
Noah Mraz,DEF,238000,0,24,24,0,0,0,0,0,0,0,0,0,0,0,0,0,0,0,0,0,0,0,0,0,0,0,0,0,0,0,0,0,0,0,0,0
Caiden Cleary,FWD,244000,0,25,25,0,0,0,0,0,0,0,0,0,0,0,0,0,0,0,0,0,0.01,0,0,0,0,0,0,0,0,0,0,0,0,0,0,0
Will Setterfield,MID,833000,0,85,85,0,0,0,0,0,0,0,0,0,0,0,0,0,0,0,0,0,0,0,0,0,0,0,0,0,0,0,0,80,73,76,0,0
Jasper Alger,FWD,230000,0,24,24,0,0,0,0,0,0,0,0,0,0,0,0,0,0,0,0,0,0,0,0,0,0,0,0,0,0,0,0,0,0,0,0,0
Ashton Moir,FWD,230000,0,24,24,0,0,0,0,0,0,0,0,0,0,0,0,0,0,0,0,0,0.03,0,0,0,0,0,0,0,0,0,0,0,0,0,0,0
Jack Delean,FWD,230000,0,24,24,0,0,0,0,0,0,0,0,0,0,0,0,0,0,0,0,0,0,0,0,0,0,0,0,0,0,0,0,0,0,0,0,0
Lachlan McAndrew,RUC,302000,0,31,31,0,0,0,0,0,0,0,0,0,0,0,0,0,0,0,0,0,0.01,0,0,0,0,0,0,0,0,0,0,66,66,66,0,0
Nathan Wardius,FWD,230000,0,24,24,0,0,0,0,0,0,0,0,0,0,0,0,0,0,0,0,0,0,0,0,0,0,0,0,0,0,0,0,0,0,0,0,0
Alex Dodson,RUC,230000,0,24,24,0,0,0,0,0,0,0,0,0,0,0,0,0,0,0,0,0,0,0,0,0,0,0,0,0,0,0,0,0,0,0,0,0
Iliro Smit,RUC,230000,0,24,24,0,0,0,0,0,0,0,0,0,0,0,0,0,0,0,0,0,0,0,0,0,0,0,0,0,0,0,0,0,0,0,0,0
Lloyd Johnston,FWD,437000,0,45,45,0,0,0,0,0,0,0,0,0,0,0,0,0,0,0,0,0,0,0,0,0,0,0,0,0,0,0,0,0,0,0,0,0
Benny Barrett,MID,230000,0,24,24,0,0,0,0,0,0,0,0,0,0,0,0,0,0,0,0,0,0,0,0,0,0,0,0,0,0,0,0,0,0,0,0,0
Errol Gulden,MID,1113000,0,114,114,0,0,0,0,0,0,0,0,0,0,0,0,0,0,0,0,0,0.01,0,0,0,0,0,0,0,0,0,0,0,0,0,0,0
Andy Moniz-Wakefield,DEF,473000,0,48,48,0,0,0,0,0,0,0,0,0,0,0,0,0,0,0,0,0,0,0,0,0,0,0,0,0,0,0,0,0,0,0,0,0
Leek Aleer,DEF,412000,0,42,42,0,0,0,0,0,0,0,0,0,0,0,0,0,0,0,0,0,0.01,0,0,0,0,0,0,0,0,0,0,41,41,41,0,0
Nicholas Coffield,DEF,404000,0,41,41,0,0,0,0,0,0,0,0,0,0,0,0,0,0,0,0,0,0,0,0,0,0,0,0,0,0,0,0,68,87,87,0,0
Sam Sturt,FWD,496000,0,51,51,0,0,0,0,0,0,0,0,0,0,0,0,0,0,0,0,0,0,0,0,0,0,0,0,0,0,0,0,42,48,48,0,0
Taylor Goad,RUC,230000,0,24,24,0,0,0,0,0,0,0,0,0,0,0,0,0,0,0,0,0,0,0,0,0,0,0,0,0,0,0,0,0,0,0,0,0
Jack Ough,MID,235000,0,24,24,0,0,0,0,0,0,0,0,0,0,0,0,0,0,0,0,0,0.01,0,0,0,0,0,0,0,0,0,0,0,0,0,0,0
Jamarra Ugle-Hagan,FWD,640000,0,65,65,0,0,0,0,0,0,0,0,0,0,0,0,0,0,0,0,0,0,0,0,0,0,0,0,0,0,0,0,93,56,56,0,0
Luke Lloyd,FWD,230000,0,24,24,0,0,0,0,0,0,0,0,0,0,0,0,0,0,0,0,0,0,0,0,0,0,0,0,0,0,0,0,0,0,0,0,0
Lucca Grego,MID,230000,0,24,24,0,0,0,0,0,0,0,0,0,0,0,0,0,0,0,0,0,0.01,0,0,0,0,0,0,0,0,0,0,0,0,0,0,0
Jed McEntee,FWD,351000,0,36,36,0,0,0,0,0,0,0,0,0,0,0,0,0,0,0,0,0,0,0,0,0,0,0,0,0,0,0,0,47,38,42,0,0
Jed Adams,DEF,230000,0,24,24,0,0,0,0,0,0,0,0,0,0,0,0,0,0,0,0,0,0.01,0,0,0,0,0,0,0,0,0,0,0,0,0,0,0
Bailey Laurie,MID/FWD,324000,0,33,33,0,0,0,0,0,0,0,0,0,0,0,0,0,0,0,0,0,0.01,0,0,0,0,0,0,0,0,0,0,0,0,0,0,0
Joe Pike,RUC,230000,0,24,24,0,0,0,0,0,0,0,0,0,0,0,0,0,0,0,0,0,0,0,0,0,0,0,0,0,0,0,0,0,0,0,0,0
James Borlase,DEF,488000,0,50,50,0,0,0,0,0,0,0,0,0,0,0,0,0,0,0,0,0,0,0,0,0,0,0,0,0,0,0,0,45,45,45,0,0
Patrick Snell,DEF/FWD,230000,0,24,24,0,0,0,0,0,0,0,0,0,0,0,0,0,0,0,0,0,0,0,0,0,0,0,0,0,0,0,0,0,0,0,0,0
Billy Wilson,DEF/MID,230000,0,24,24,0,0,0,0,0,0,0,0,0,0,0,0,0,0,0,0,0,0.02,0,0,0,0,0,0,0,0,0,0,0,0,0,0,0
Harry Schoenberg,FWD,427000,0,44,44,0,0,0,0,0,0,0,0,0,0,0,0,0,0,0,0,0,0,0,0,0,0,0,0,0,0,0,0,74,84,88,0,0
Tom Mitchell,MID,829000,0,85,85,0,0,0,0,0,0,0,0,0,0,0,0,0,0,0,0,0,0,0,0,0,0,0,0,0,0,0,0,0,0,0,0,0
Sam Flanders,DEF/MID,1106000,0,113,113,0,0,0,0,0,0,0,0,0,0,0,0,0,0,0,0,0,0.03,0,0,0,0,0,0,0,0,0,0,95,55,58,0,0
