Player,Team,Position,Price,PricedAt,Breakeven,Avg2023,Avg2024,L01,L02,L03,L04,L05,LastScore,SeasonAvg,Last3Avg,Last5Avg
Aaron Cadman,GWS,FWD,261200,50.4495163934854,47,22.8333333333333,47.7142857142857,60,55,51,60,0,60,49.2,55.3333333333333,56.5
Aaron Francis,SYD,DEF,213800,41.2944357003337,43,52.2142857142857,49.6,0,0,0,0,0,0,0,0,0
Aaron Naughton,WBD,FWD,325100,62.7914922646328,91,75.1304347826087,70.5789473684211,58,59,53,43,0,58,63.2,56.6666666666667,53.25
Adam Cerra,CAR,MID,494100,95.4330246938021,92,108.315789473684,83.0833333333333,117,99,98,113,0,117,106.6,104.666666666667,106.75
Adam Saad,CAR,DEF,442400,85.4474198027486,72,89.5909090909091,86.8823529411765,116,109,72,47,0,116,87,99,86
Adam Treloar,WBD,MID,628200,121.333790958605,125,107.684210526316,116.590909090909,0,0,0,0,0,0,0,0,0
Aidan Corr,NTH,DEF,364500,70.4014116593622,62,69.421052631579,64.3478260869565,59,81,76,71,0,59,75.2,72,71.75
Aidan Johnson,MEL,FWD,113500,21.9219759213652,-23,0,0,31,60,0,0,0,31,45.5,45.5,45.5
Aiden Riddle,FRE,RUC,99100,19.1406855842052,20,0,0,0,0,0,0,0,0,0,0,0
Alex Cincotta,CAR,DEF,263700,50.9323792992423,53,55.1875,48.9375,0,0,0,0,0,0,0,0,0
Alex Davies,GCS,MID,333200,64.3559680792853,67,58.1111111111111,68.7142857142857,0,0,0,0,0,0,0,0,0
Alex Dodson,STK,RUC,113500,21.9219759213652,23,0,0,0,0,0,0,0,0,0,0,0
Alex Neal-Bullen,ADE,MID/FWD,398000,76.8717745965053,114,72.0434782608696,85.0869565217391,65,63,74,78,0,65,72.2,67.3333333333333,70
Alex Pearce,FRE,DEF,369200,71.3091939221853,88,58.8260869565217,68.3333333333333,99,67,63,78,0,99,77.8,76.3333333333333,76.75
Alex Sexton,GCS,DEF,402000,77.6443552457164,148,23.875,74.6,18,0,0,0,0,18,18,18,18
Aliir Aliir,PTA,DEF,383200,74.0132261944242,83,74.5454545454546,75.3181818181818,57,84,69,77,0,57,73,70,71.75
Alixzander Tauru,STK,DEF/FWD,163000,31.4826614553527,33,0,0,0,0,0,0,0,0,0,0,0
Alwyn Davey Jnr,ESS,FWD,146600,28.3150807935871,29,37.3,27.2,0,0,0,0,0,0,0,0,0
Andrew Brayshaw,FRE,MID,624000,120.522581276933,91,108.95652173913,109.826086956522,155,135,131,106,0,155,125.6,140.333333333333,131.75
Andrew McGrath,ESS,DEF,414000,79.9620971933497,173,86.8695652173913,95.3913043478261,77,34,66,74,0,77,62.75,59,62.75
Andy Moniz-Wakefield,MEL,DEF,260300,50.2756857474129,52,0,53.6666666666667,0,0,0,0,0,0,0,0,0
Angus Clarke,ESS,DEF,113500,21.9219759213652,23,0,0,0,0,0,0,0,0,0,0,0
Angus Hastie,STK,MID/DEF,134400,25.9587098134932,23,0,20.4,16,38,21,53,0,16,32,25,32
Angus McLennan,STK,DEF,169700,32.7767340427813,34,0,52.5,0,0,0,0,0,0,0,0,0
Angus Sheldrick,SYD,MID,150500,29.0683469265679,54,60,0,58,21,14,32,0,58,31.25,31,31.25
Anthony Caminiti,STK,FWD/DEF,345100,66.6543955106884,34,52.0588235294118,53.5333333333333,44,75,95,78,0,44,69.6,71.3333333333333,73
Anthony Scott,WBD,MID/FWD,138500,26.7506049789346,28,51.4090909090909,28.5,0,0,0,0,0,0,0,0,0
Archer Day-Wicks,ESS,MID/FWD,99100,19.1406855842052,20,0,0,0,0,0,0,0,0,0,0,0
Archer Reid,WCE,RUC/FWD,219200,42.3374195767687,-40,0,0,51,61,86,9,0,51,50.2,66,51.75
Archie Perkins,ESS,MID/FWD,335400,64.7808874363514,77,66,64.6111111111111,47,53,79,0,0,47,59.6666666666667,59.6666666666667,59.6666666666667
Archie Roberts,ESS,DEF/MID,366900,70.8649600488889,56,0,78.5,107,98,52,64,0,107,80.25,85.6666666666667,80.25
Arie Schoenmaker,STK,DEF,270500,52.2457664029012,46,0,62.75,66,0,0,0,0,66,66,66,66
Arthur Jones,WBD,FWD,150900,29.1456049914891,56,34.1538461538462,40,24,10,0,0,0,24,17,17,17
Ash Johnson,COL,FWD,134000,25.8814517485721,27,49.7333333333333,17.6666666666667,0,0,0,0,0,0,0,0,0
Asher Eastham,GCS,FWD,99100,19.1406855842052,20,0,0,0,0,0,0,0,0,0,0,0
Ashton Moir,CAR,FWD,119900,23.158104960103,49,0,28.5,1,0,0,0,0,1,1,1,1
Bailey Banfield,FRE,FWD,343000,66.2487906698525,28,56.2857142857143,62.5,45,64,109,34,0,45,59.4,72.6666666666667,63
Bailey Dale,WBD,DEF,516800,99.8174198780752,137,90.8260869565217,98,68,110,81,141,0,68,105.4,86.3333333333333,100
Bailey Humphrey,GCS,FWD,347000,67.0213713190636,18,59.2631578947368,50.1904761904762,74,64,111,104,0,74,88.25,83,88.25
Bailey J. Williams,WCE,RUC,327800,63.3129842028503,64,76.9130434782609,68.6086956521739,12,53,93,32,0,12,47.5,52.6666666666667,47.5
Bailey Laurie,MEL,MID/FWD,152800,29.5125807998643,31,28,31.5,0,0,0,0,0,0,0,0,0
Bailey Macdonald,HAW,DEF,119900,23.158104960103,24,44.5,0,0,0,0,0,0,0,0,0,0
Bailey Scott,NTH,MID,357000,68.9528229420914,141,75.8260869565217,73.6956521739131,26,47,81,98,0,26,63,51.3333333333333,63
Bailey Smith,GEE,MID/FWD,458900,88.6343149807444,71,80.2631578947368,0,126,108,81,147,0,126,115.5,105,115.5
Bailey Williams,WBD,MID,412200,79.6144359012047,76,70.0434782608696,76.9565217391304,94,62,104,73,0,94,76.4,86.6666666666667,83.25
Bayley Fritsch,MEL,FWD,286900,55.4133470646667,37,70.9333333333333,54.6086956521739,74,70,55,24,0,74,56.4,66.3333333333333,55.75
Beau McCreery,COL,FWD,290700,56.1472986814173,58,53.7727272727273,53.8823529411765,69,48,65,46,0,69,57.2,60.6666666666667,57
Ben Ainsworth,GCS,FWD,359300,69.3970568153878,83,76.3809523809524,66,91,74,56,0,0,91,73.6666666666667,73.6666666666667,73.6666666666667
Ben Camporeale,CAR,MID,113500,21.9219759213652,23,0,0,0,0,0,0,0,0,0,0,0
Ben Hobbs,ESS,FWD,285300,55.1043148049823,48,74.0555555555556,48.75,79,71,44,60,0,79,63.5,64.6666666666667,63.5
Ben Jepson,GCS,DEF,99100,19.1406855842052,20,0,0,0,0,0,0,0,0,0,0,0
Ben Keays,ADE,FWD,455000,87.8810488477636,109,80.6086956521739,81.0434782608696,62,72,104,135,0,62,89,79.3333333333333,93.25
Ben King,GCS,FWD,345300,66.6930245431489,71,56.6,59.0909090909091,71,51,85,115,0,71,80.5,69,80.5
Ben Long,GCS,FWD,357800,69.1073390719336,61,50.1333333333333,59.1176470588235,101,56,87,96,0,101,85,81.3333333333333,85
Ben McKay,ESS,DEF,302400,58.4070970803598,107,63.2105263157895,67.7391304347826,58,39,48,36,0,58,45.25,48.3333333333333,45.25
Ben Miller,RIC,DEF,356200,68.7983068122492,96,58.8461538461539,72.8095238095238,44,79,52,77,0,44,70.2,58.3333333333333,63
Ben Paton,SYD,DEF/FWD,133400,25.7655646511905,-30,49.25,27.5,43,67,0,0,0,43,55,55,55
Benny Barrett,PTA,MID,99100,19.1406855842052,20,0,0,0,0,0,0,0,0,0,0,0
Billy Dowling,ADE,MID,359800,69.4936293965392,72,0,66.7777777777778,0,0,0,0,0,0,0,0,0
Billy Frampton,COL,DEF,276000,53.3080647955665,58,59,51.2222222222222,72,56,0,0,0,72,64,64,64
Billy Wilson,CAR,DEF/MID,119900,23.158104960103,24,0,0,0,0,0,0,0,0,0,0,0
Blake Acres,CAR,MID,386900,74.7278632949444,84,87.5,92.9090909090909,123,25,29,60,0,123,59.25,59,59.25
Blake Hardwick,HAW,DEF/FWD,416500,80.4449600991067,50,86.1739130434783,75.4347826086957,26,114,92,77,0,26,74.6,77.3333333333333,77.25
Blake Howes,MEL,DEF,290000,56.0120970678053,72,0,58.0625,49,53,32,0,0,49,44.6666666666667,44.6666666666667,44.6666666666667
Blake Leidler,SYD,DEF,99100,19.1406855842052,20,0,0,0,0,0,0,0,0,0,0,0
Bo Allan,WCE,DEF/MID,136000,26.2677420731777,27,0,0,0,0,0,0,0,0,0,0,0
Bobby Hill,COL,FWD,314800,60.8020970929142,80,57.1428571428572,62.6956521739131,86,38,69,45,0,86,60.4,64.3333333333333,59.5
Bodhi Uwland,GCS,DEF,355100,68.5858471337161,88,30.6666666666667,72.952380952381,41,65,72,59,0,41,59.25,59.3333333333333,59.25
Bodie Ryan,HAW,DEF,119900,23.158104960103,24,0,0,0,0,0,0,0,0,0,0,0
Brad Close,GEE,FWD,328300,63.4095567840017,62,66.6666666666667,60.9565217391304,83,82,47,57,0,83,69,70.6666666666667,67.25
Bradley Hill,STK,MID/FWD,394700,76.2343955609061,27,68.0476190476191,72.0909090909091,67,100,99,52,0,67,67.2,88.6666666666667,79.5
Brady Hough,WCE,DEF,297700,57.4993148175367,98,62.7333333333333,62.5652173913044,69,40,48,63,0,69,59,52.3333333333333,55
Braeden Campbell,SYD,MID/FWD,311600,60.1840325735453,56,69.1818181818182,50.05,65,74,54,89,0,65,66.2,64.3333333333333,70.5
Brandon Ryan,BRL,FWD,119900,23.158104960103,24,34,23,0,0,0,0,0,0,0,0,0
Brandon Starcevich,BRL,DEF,297300,57.4220567526156,59,54.4782608695652,55.1764705882353,64,0,0,0,0,64,64,64,64
Brandon Walker,FRE,DEF,329300,63.6027019463045,107,46,61.1052631578948,19,71,0,0,0,19,45,45,45
Brandon Zerk-Thatcher,PTA,DEF,345300,66.6930245431489,69,67.1363636363637,64.0869565217391,0,0,0,0,0,0,0,0,0
Brayden Cook,ADE,FWD,265500,51.2800405913873,53,70,49.2666666666667,0,0,0,0,0,0,0,0,0
Brayden Fiorini,GCS,MID,393800,76.0605649148336,79,64.6470588235294,73.0833333333333,0,0,0,0,0,0,0,0,0
Brayden George,NTH,FWD,119900,23.158104960103,24,0,0,0,0,0,0,0,0,0,0,0
Brayden Maynard,COL,DEF,403700,77.9727020216311,79,80.4090909090909,78,58,99,69,87,0,58,73.2,75.3333333333333,78.25
Brennan Cox,FRE,DEF,327100,63.1777825892384,72,87.85,65.1111111111111,88,80,40,69,0,88,61.8,69.3333333333333,69.25
Brent Daniels,GWS,FWD,405000,78.2237907326247,95,75.0588235294118,90,80,68,28,101,0,80,69.25,58.6666666666667,69.25
Brodie Grundy,SYD,RUC,530400,102.444194085393,117,86.2352941176471,106.608695652174,122,113,86,87,0,122,99,107,102
Brodie Kemp,CAR,DEF/FWD,315100,60.8600406416051,75,73.0666666666667,70.8,58,15,103,22,0,58,47.4,58.6666666666667,49.5
Brodie Smith,ADE,DEF,343100,66.2681051860828,69,82.3181818181818,63.6666666666667,0,0,0,0,0,0,0,0,0
Brody Mihocek,COL,FWD,307800,59.4500809567948,78,65.3809523809524,60.3636363636364,67,40,69,57,0,67,58.25,58.6666666666667,58.25
Bruce Reville,BRL,MID,247100,47.7261696050162,50,0,51.1666666666667,30,43,60,17,0,30,37.5,44.3333333333333,37.5
Brynn Teakle,NTH,FWD,244400,47.2046776667987,49,63.5,45.3636363636364,0,0,0,0,0,0,0,0,0
Buku Khamis,WBD,DEF,301700,58.2718954667478,41,21,50.4117647058824,67,60,73,71,0,67,67.75,66.6666666666667,67.75
Caiden Cleary,SYD,FWD,124100,23.9693146417746,-15,0,28.8,81,66,0,0,0,81,73.5,73.5,73.5
Caleb Daniel,NTH,MID/FWD,430700,83.1876214038061,26,92.8260869565217,49.9333333333333,116,92,116,116,0,116,104.2,108,110
Caleb Graham,GCS,DEF,119900,23.158104960103,24,0,0,0,0,0,0,0,0,0,0,0
Caleb Mitchell,SYD,MID,119900,23.158104960103,24,0,14,0,0,0,0,0,0,0,0,0
Caleb Poulter,WBD,MID,281300,54.3317341557712,56,57.3333333333333,58,0,0,0,0,0,0,0,0,0
Caleb Serong,FRE,MID,589200,113.801129628796,107,111.227272727273,115.695652173913,103,142,105,99,0,103,110.2,116.666666666667,112.25
Caleb Windsor,MEL,MID/DEF,293200,56.6301615871742,103,0,59.6315789473684,38,33,57,0,0,38,42.6666666666667,42.6666666666667,42.6666666666667
Callan Ward,GWS,MID,341600,65.9783874426287,122,74.9545454545455,77.3888888888889,105,69,18,60,0,105,70.2,64,63
Callum Ah Chee,BRL,FWD,377400,72.8929842530681,84,58.3333333333333,64.4545454545455,134,63,66,92,0,134,81.8,87.6666666666667,88.75
Callum Coleman-Jones,NTH,FWD,128200,24.761209807216,26,44.7777777777778,34,0,0,0,0,0,0,0,0,0
Callum Jamieson,WCE,DEF,254300,49.1168147735962,51,44.5,59,0,0,0,0,0,0,0,0,0
Callum M. Brown,GWS,FWD,292500,56.4949599735623,36,0,0,81,44,83,49,0,81,64.25,69.3333333333333,64.25
Callum Mills,SYD,DEF,357200,68.991451974552,71,87.7368421052632,73.6666666666667,0,0,0,0,0,0,0,0,0
Callum Wilkie,STK,DEF,455700,88.0162504613755,106,94.2173913043478,91.7391304347826,84,114,59,105,0,84,85,85.6666666666667,90.5
Calsher Dear,HAW,FWD,275900,53.2887502793362,55,0,51.2,0,0,0,0,0,0,0,0,0
Cam Mackenzie,HAW,MID,389400,75.2107262007014,40,48.5714285714286,60.85,64,105,82,72,0,64,84,83.6666666666667,80.75
Cam Rayner,BRL,FWD,367600,71.0001616625009,74,68.9130434782609,78.4347826086957,70,80,67,52,0,70,62,72.3333333333333,67.25
Cameron Guthrie,GEE,MID,278000,53.694355120172,56,83.6666666666667,64.5,0,0,0,0,0,0,0,0,0
Cameron Zurhaar,NTH,FWD,340300,65.727298731635,112,69.3125,69,70,51,52,86,0,70,69.2,57.6666666666667,64.75
Campbell Chesser,WCE,MID,239200,46.2003228228243,48,35.7142857142857,44.3888888888889,0,0,0,0,0,0,0,0,0
Campbell Gray,RIC,DEF/FWD,119900,23.158104960103,24,0,0,0,0,0,0,0,0,0,0,0
Chad Warner,SYD,MID/FWD,499400,96.4566940540069,138,100.25,103.863636363636,81,54,122,78,0,81,90,85.6666666666667,83.75
Changkuoth Jiath,HAW,MID/DEF,329800,63.6992745274559,32,62.25,57.6363636363636,75,58,96,0,0,75,76.3333333333333,76.3333333333333,76.3333333333333
Charlie Ballard,GCS,DEF,343900,66.422621315925,94,71.9130434782609,63.8260869565217,48,0,0,0,0,48,48,48,48
Charlie Cameron,BRL,FWD,305200,58.9479035348076,75,72.304347826087,58.3478260869565,54,52,61,0,0,54,55.6666666666667,55.6666666666667,55.6666666666667
Charlie Comben,NTH,DEF,370500,71.5602826331789,97,45.1428571428572,76.1578947368421,50,63,74,101,0,50,61.6,62.3333333333333,72
Charlie Curnow,CAR,FWD,366300,70.7490729515072,128,97.5652173913043,82.4285714285714,98,48,51,20,0,98,54.25,65.6666666666667,54.25
Charlie Dean,COL,DEF,297000,57.3641132039248,59,0,55.125,0,0,0,0,0,0,0,0,0
Charlie Edwards,ADE,DEF/MID,119900,23.158104960103,24,0,0,0,0,0,0,0,0,0,0,0
Charlie Nicholls,FRE,FWD,113500,21.9219759213652,23,0,0,0,0,0,0,0,0,0,0,0
Charlie Spargo,MEL,FWD,134000,25.8814517485721,50,46.7692307692308,36,46,-2,33,0,0,46,25.6666666666667,39.5,39.5
Charlie West,COL,RUC/FWD,113500,21.9219759213652,23,0,0,0,0,0,0,0,0,0,0,0
Chayce Jones,ADE,MID,322000,62.1927422614942,64,73.6111111111111,59.75,0,0,0,0,0,0,0,0,0
Chris Burgess,ADE,FWD,237600,45.8912905631398,47,33,49,0,0,0,0,0,0,0,0,0
Christian Moraes,PTA,MID,201800,38.9766937527004,-37,0,0,42,43,94,52,0,42,57.75,59.6666666666667,57.75
Christian Petracca,MEL,MID/FWD,483200,93.3277424247019,125,119.478260869565,103.230769230769,96,92,80,78,0,96,88.8,89.3333333333333,86.5
Christian Salem,MEL,DEF,429400,82.9365326928125,124,75.2857142857143,80,94,64,77,110,0,94,91.6,78.3333333333333,86.25
Cillian Burke,GEE,DEF,99100,19.1406855842052,20,0,0,0,0,0,0,0,0,0,0,0
Clay Hall,WCE,MID,187100,36.1374598668496,-78,0,34.3333333333333,52,68,88,0,0,52,69.3333333333333,69.3333333333333,69.3333333333333
Clayton Oliver,MEL,MID,469600,90.7009682173841,109,120.615384615385,83.8095238095238,86,98,80,130,0,86,97.4,88,98.5
Cody Anderson,HAW,MID,113500,21.9219759213652,23,0,0,0,0,0,0,0,0,0,0,0
Cody Angove,GWS,MID/FWD,113500,21.9219759213652,23,0,0,0,0,0,0,0,0,0,0,0
Cody Weightman,WBD,FWD,376200,72.6612100583047,75,64,69.8125,0,0,0,0,0,0,0,0,0
Coen Livingstone,WCE,RUC/FWD,119900,23.158104960103,24,0,0,0,0,0,0,0,0,0,0,0
Colby McKercher,NTH,DEF/MID,379400,73.2792745776736,97,0,88.5,22,80,70,56,0,22,58.8,57.3333333333333,57
Connor Budarick,GCS,DEF/MID,319200,61.6519358070464,108,77,63.375,32,51,71,0,0,32,51.3333333333333,51.3333333333333,51.3333333333333
Connor Idun,GWS,DEF,459900,88.8274601430472,65,81.2173913043478,85,92,110,93,70,0,92,88.8,98.3333333333333,91.25
Connor Macdonald,HAW,FWD,375100,72.4487503797717,0,68.2380952380952,74.3478260869565,10,104,54,0,0,10,56,56,56
Connor O'Sullivan,GEE,DEF,295400,57.0550809442403,-19,0,0,42,103,77,88,0,42,71.6,74,77.5
Connor Rozee,PTA,MID,498700,96.3214924403949,166,107.565217391304,98.25,137,76,64,130,0,137,107,92.3333333333333,101.75
Conor McKenna,BRL,DEF,301700,58.2718954667478,107,63.1739130434783,56,29,45,0,0,0,29,37,37,37
Conor Nash,HAW,MID,379500,73.2985890939039,102,86,76.4347826086957,24,78,68,84,0,24,71.4,56.6666666666667,63.5
Conor Stone,GWS,FWD/DEF,172600,33.3368550134593,24,16,19.75,39,29,46,42,0,39,44,38,39
Cooper Bell,GCS,DEF/FWD,113500,21.9219759213652,23,0,0,0,0,0,0,0,0,0,0,0
Cooper Harvey,NTH,FWD,119900,23.158104960103,24,35,0,0,0,0,0,0,0,0,0,0
Cooper Hynes,WBD,MID,118000,22.7911291517277,24,0,0,16,0,0,0,0,16,16,16,16
Cooper Lord,CAR,MID/FWD,240600,46.4707260500482,66,0,78.5,50,74,8,56,0,50,47,44,47
Cooper Sharman,STK,FWD,338200,65.3216938907992,14,50.8666666666667,56.3333333333333,92,100,68,0,0,92,86.6666666666667,86.6666666666667,86.6666666666667
Cooper Simpson,FRE,FWD,119900,23.158104960103,24,0,37,0,0,0,0,0,0,0,0,0
Corey Durdin,CAR,FWD,208900,40.3480244050501,42,52.6363636363636,38.7692307692308,91,0,0,0,0,91,91,91,91
Corey Wagner,FRE,DEF,328700,63.4868148489228,98,73.4444444444445,63.3333333333333,18,81,77,0,0,18,58.6666666666667,58.6666666666667,58.6666666666667
Corey Warner,SYD,FWD/MID,225300,43.5156050668157,36,20.6666666666667,30.6666666666667,65,35,56,72,0,65,55.6,52,57
Dan Butler,STK,FWD,216500,41.8159276385512,43,57.8695652173913,40.1875,0,0,0,0,0,0,0,0,0
Dan Houston,COL,DEF,562900,108.721411860233,153,106.130434782609,106.818181818182,103,81,132,0,0,103,105.333333333333,105.333333333333,105.333333333333
Dane Rampe,SYD,DEF,340200,65.7079842154048,81,74.7142857142857,56.8333333333333,72,62,63,109,0,72,70.6,65.6666666666667,76.5
Daniel Curtin,ADE,FWD/MID,274600,53.0376615683426,-2,0,32.7142857142857,42,65,90,82,0,42,61,65.6666666666667,69.75
Daniel McStay,COL,FWD,319600,61.7291938719676,69,58.5833333333333,60.2,71,72,50,118,0,71,70.8,64.3333333333333,77.75
Daniel Rioli,GCS,DEF,523600,101.130806981734,59,86.9130434782609,92.8695652173913,66,163,90,91,0,66,102.5,106.333333333333,102.5
Daniel Turner,MEL,FWD,234600,45.3118550762315,27,49,43.5333333333333,72,42,0,0,0,72,57,57,57
Dante Visentini,PTA,RUC,248900,48.0738308971612,50,32,66,0,0,0,0,0,0,0,0,0
Darcy Byrne-Jones,PTA,FWD,368900,71.2512503734945,117,69.7619047619048,63.7391304347826,31,73,127,48,0,31,69.75,77,69.75
Darcy Cameron,COL,RUC,546700,105.592460230928,126,92.1875,105.130434782609,119,91,112,74,0,119,112,107.333333333333,99
Darcy Craven,BRL,FWD,119900,23.158104960103,24,0,0,0,0,0,0,0,0,0,0,0
Darcy Fogarty,ADE,FWD,352700,68.1222987441895,82,68.0952380952381,67.5217391304348,101,84,40,72,0,101,74,75,74.25
Darcy Fort,BRL,RUC,190500,36.794153418679,-29,54.1428571428572,50.5,67,76,0,0,0,67,71.5,71.5,71.5
Darcy Gardiner,BRL,FWD,241100,46.5672986311996,48,48,49.7142857142857,0,0,0,0,0,0,0,0,0
Darcy Jones,GWS,FWD,376900,72.7964116719167,9,0,65.1666666666667,75,160,39,43,0,75,78,91.3333333333333,79.25
Darcy Moore,COL,DEF,412300,79.633750417435,84,90.5238095238095,74.8260869565217,84,73,90,85,0,84,80.2,82.3333333333333,83
Darcy Parish,ESS,MID,481400,92.9800811325569,96,108.111111111111,89.3333333333333,0,0,0,0,0,0,0,0,0
Darcy Tucker,NTH,DEF/MID,343400,66.3260487347736,41,62,65.9565217391304,55,85,76,60,0,55,56.6,72,69
Darcy Wilmot,BRL,DEF,430900,83.2262504362666,109,71.0869565217391,83.3478260869565,60,79,83,101,0,60,84.6,74,80.75
Darcy Wilson,STK,MID/FWD,310900,60.0488309599334,85,0,65.304347826087,63,63,44,50,0,63,62.2,56.6666666666667,55
Darragh Joyce,BRL,DEF,247300,47.7647986374768,49,45.2,51,0,0,0,0,0,0,0,0,0
David Swallow,GCS,DEF/FWD,233600,45.1187099139287,47,75.4347826086957,43.35,0,0,0,0,0,0,0,0,0
Dayne Zorko,BRL,DEF,591700,114.283992534553,141,86,110.434782608696,82,94,135,136,0,82,117.2,103.666666666667,111.75
Deven Robertson,BRL,MID/FWD,121200,23.4091936710966,24,45.3846153846154,25,0,0,0,0,0,0,0,0,0
Dion Prestia,RIC,MID,426100,82.2991536572133,85,81.25,79.0769230769231,0,0,0,0,0,0,0,0,0
Dom Sheed,WCE,MID,238400,46.0458066929821,48,84.3333333333333,44.25,0,0,0,0,0,0,0,0,0
Dougal Howard,STK,DEF,319700,61.7485083881978,64,67.3888888888889,59.3333333333333,0,0,0,0,0,0,0,0,0
Dylan Moore,HAW,FWD,456100,88.0935085262966,143,91,97.7391304347826,101,84,57,94,0,101,85.2,80.6666666666667,84
Dylan Shiel,ESS,MID/DEF,404300,78.0885891190128,91,69.4166666666667,76.7777777777778,88,92,60,74,0,88,78.5,80,78.5
Dylan Stephens,NTH,MID,251100,48.4987502542273,46,58,48,73,72,25,14,0,73,46,56.6666666666667,46
Dylan Williams,PTA,DEF,183600,35.4614517987899,37,66.65,42.6,0,0,0,0,0,0,0,0,0
Eamonn Armstrong,STK,DEF,99100,19.1406855842052,20,0,0,0,0,0,0,0,0,0,0,0
Ed Langdon,MEL,MID,454800,87.842419815303,69,72.4782608695652,80.2272727272727,119,81,109,71,0,119,90.8,103,95
Ed Richards,WBD,MID,500600,96.6884682487702,132,86.2105263157895,98.55,113,97,76,105,0,113,102,95.3333333333333,97.75
Eddie Ford,NTH,FWD,282900,54.6407664154556,57,63.1428571428572,52.5,0,0,0,0,0,0,0,0,0
Edward Allan,COL,MID,194000,37.4701614867388,9,0,60,5,71,0,0,0,5,38,38,38
Elijah Hewett,WCE,MID/FWD,149000,28.7786291831138,9,45.5714285714286,0,22,58,52,0,0,22,44,44,44
Elijah Hollands,CAR,FWD,404900,78.2044762163944,81,49.4444444444445,75.1428571428571,0,0,0,0,0,0,0,0,0
Elijah Tsatas,ESS,MID,191200,36.929355032291,-13,55,39.4285714285714,78,50,0,0,0,78,64,64,64
Elliot Yeo,WCE,MID,564700,109.069073152378,113,80,104.8,0,0,0,0,0,0,0,0,0
Elliott Himmelberg,GCS,FWD,295200,57.0164519117798,59,52.3333333333333,54.7777777777778,0,0,0,0,0,0,0,0,0
Eric Hipwood,BRL,FWD,290900,56.1859277138779,120,62.4347826086957,64.4,97,24,36,83,0,97,54.6,52.3333333333333,60
Errol Gulden,SYD,MID,581900,112.391169943986,116,111.304347826087,108,0,0,0,0,0,0,0,0,0
Esava Ratugolea,PTA,DEF,313500,60.5510083819206,69,55.8125,58.55,64,60,60,0,0,64,61.3333333333333,61.3333333333333,61.3333333333333
Ethan Read,GCS,FWD,215800,41.6807260249393,44,0,39.25,74,30,47,100,0,74,62.75,50.3333333333333,62.75
Finlay Macrae,COL,MID/FWD,237700,45.9106050793701,47,39,44.1111111111111,0,0,0,0,0,0,0,0,0
Finn Callaghan,GWS,MID,416400,80.4256455828764,137,73.1111111111111,81.9545454545455,82,72,55,104,0,82,91.4,69.6666666666667,78.25
Finn Maginness,HAW,MID/FWD,271900,52.5161696301251,42,37.6923076923077,48,31,83,41,61,0,31,54.2,51.6666666666667,54
Finn O'Sullivan,NTH,MID/DEF,221200,42.7237099013743,38,0,0,69,44,42,51,0,69,51.5,51.6666666666667,51.5
Finnbar Maley,NTH,RUC/FWD,119900,23.158104960103,24,0,0,0,0,0,0,0,0,0,0,0
Francis Evans,CAR,FWD,233200,45.0414518490076,81,42.9,43.2857142857143,33,26,0,0,0,33,29.5,29.5,29.5
Geordie Payne,NTH,MID/FWD,119900,23.158104960103,24,0,0,0,0,0,0,0,0,0,0,0
George Hewett,CAR,MID,571100,110.305202191116,76,78.7368421052632,92.1428571428571,132,125,126,123,0,132,120,127.666666666667,126.5
George Stevens,GEE,MID,119900,23.158104960103,24,0,0,0,0,0,0,0,0,0,0,0
George Wardlaw,NTH,MID,461300,89.0978633702711,92,65.375,85.6111111111111,0,0,0,0,0,0,0,0,0
Griffin Logue,NTH,DEF,261700,50.5460889746368,27,66.5333333333333,65,64,75,45,0,0,64,61.3333333333333,61.3333333333333,61.3333333333333
Gryan Miers,GEE,FWD,417400,80.6187907451792,62,80.7826086956522,81.9130434782609,68,95,91,53,0,68,75.4,84.6666666666667,76.75
Hamish Davis,WCE,MID/FWD,113500,21.9219759213652,25,0,0,12,22,0,0,0,12,17,17,17
Harley Reid,WCE,MID/DEF,358300,69.203911653085,96,0,80.55,76,72,52,59,0,76,60.6,66.6666666666667,64.75
Harris Andrews,BRL,DEF,424400,81.9708068812986,108,89.0869565217391,83.4090909090909,78,45,109,105,0,78,73.2,77.3333333333333,84.25
Harrison Jones,ESS,FWD/MID,286600,55.3554035159759,83,48.6,56.9047619047619,47,62,36,74,0,47,54.75,48.3333333333333,54.75
Harrison Oliver,GWS,DEF,122500,23.6602823820902,24,0,0,0,0,0,0,0,0,0,0,0
Harrison Petty,MEL,FWD/DEF,265600,51.2993551076176,80,60.6428571428572,51.8,57,18,67,48,0,57,55.2,47.3333333333333,47.5
Harry Armstrong,RIC,FWD,125900,24.3169759339196,40,0,0,38,-3,49,38,0,38,30.5,43.5,41.6666666666667
Harry Barnett,WCE,RUC,119900,23.158104960103,24,8,22,0,0,0,0,0,0,0,0,0
Harry Boyd,STK,RUC,99100,19.1406855842052,-22,0,0,63,0,0,0,0,63,63,63,63
Harry Charleson,CAR,DEF/MID,99100,19.1406855842052,20,0,0,0,0,0,0,0,0,0,0,0
Harry Cunningham,SYD,DEF,292600,56.5142744897926,58,59.9130434782609,54.3,0,0,0,0,0,0,0,0,0
Harry DeMattia,COL,MID,119900,23.158104960103,0,0,0,0,0,0,0,0,0,0,0,0
Harry Edwards,WCE,DEF,283000,54.6600809316859,72,44,55.8888888888889,63,39,61,46,0,63,52.25,54.3333333333333,52.25
Harry Himmelberg,GWS,DEF,525700,101.53641182257,74,80.5909090909091,91.2608695652174,72,124,117,110,0,72,103.6,104.333333333333,105.75
Harry Lemmey,CAR,FWD,119900,23.158104960103,24,0,0,0,0,0,0,0,0,0,0,0
Harry McKay,CAR,FWD,467200,90.2374198278574,118,71.2105263157895,86.7,13,75,0,0,0,13,44,44,44
Harry Morrison,HAW,MID,308600,59.604597086637,63,66.3846153846154,54.1,55,62,62,64,0,55,64.4,59.6666666666667,60.75
Harry O'Farrell,CAR,DEF,113500,21.9219759213652,23,0,0,0,0,0,0,0,0,0,0,0
Harry Perryman,COL,DEF/MID,389200,75.1720971682408,80,73.6315789473684,77.4736842105263,62,101,57,62,0,62,75,73.3333333333333,70.5
Harry Rowston,GWS,MID,119900,23.158104960103,24,33,0,0,0,0,0,0,0,0,0,0
Harry Schoenberg,ADE,FWD,201500,38.9187502040096,40,52.5454545454546,46.75,0,0,0,0,0,0,0,0,0
Harry Sharp,MEL,MID/FWD,208500,40.270766340129,35,51.6666666666667,39,33,22,68,43,0,33,40.6,41,41.5
Harry Sheezel,NTH,DEF/MID,570000,110.092742512583,111,99.5217391304348,117.952380952381,102,144,89,81,0,102,104.4,111.666666666667,104
Harvey Gallagher,WBD,MID/DEF,234000,45.1959679788498,74,0,46.1052631578947,31,35,55,51,0,31,43,40.3333333333333,43
Harvey Harrison,COL,FWD,251000,48.479435737997,50,40.25,46.5833333333333,0,0,0,0,0,0,0,0,0
Harvey Johnston,WCE,DEF,148700,28.7206856344229,30,0,30.6666666666667,0,0,0,0,0,0,0,0,0
Harvey Langford,MEL,MID,230000,44.4233873296387,-8,0,0,67,39,87,18,0,67,52.75,64.3333333333333,52.75
Harvey Thomas,GWS,FWD,281400,54.3510486720015,56,0,52.2272727272727,82,0,0,0,0,82,82,82,82
Hayden McLean,SYD,FWD,352700,68.1222987441895,92,71.6666666666667,68.4347826086957,55,53,76,0,0,55,61.3333333333333,61.3333333333333,61.3333333333333
Hayden Young,FRE,MID,546100,105.476573133547,109,93.9545454545455,101.347826086957,79,0,0,0,0,79,79,79,79
Heath Chapman,FRE,DEF,356600,68.8755648771703,58,64.3333333333333,70.6875,86,74,74,58,0,86,60.6,78,73
Henry Hustwaite,HAW,MID,121200,23.4091936710966,24,66,25,0,0,0,0,0,0,0,0,0
Henry Smith,BRL,FWD,169200,32.6801614616299,34,0,39.25,0,0,0,0,0,0,0,0,0
Hudson O'Keeffe,CAR,RUC,119900,23.158104960103,24,0,0,0,0,0,0,0,0,0,0,0
Hugh Bond,ADE,DEF,225200,43.4962905505854,45,0,46.4285714285714,0,0,0,0,0,0,0,0,0
Hugh Boxshall,STK,MID,113500,21.9219759213652,23,0,0,0,0,0,0,0,0,0,0,0
Hugh Davies,FRE,DEF,119900,23.158104960103,24,0,27,0,0,0,0,0,0,0,0,0
Hugh Jackson,PTA,MID,119900,23.158104960103,24,0,0,0,0,0,0,0,0,0,0,0
Hugh McCluggage,BRL,MID,620700,119.885202241334,60,93.7272727272727,98.0869565217391,135,156,136,132,0,135,127.8,142.333333333333,139.75
Hugo Garcia,STK,MID/FWD,303300,58.5809277264323,9,0,45.625,84,54,99,25,0,84,63.2,79,65.5
Hugo Ralphsmith,RIC,MID,284400,54.9304841589098,57,36.9230769230769,52.7777777777778,72,0,0,0,0,72,72,72,72
Hunter Clark,STK,MID,412000,79.5758068687441,199,63.0555555555556,76.4545454545455,41,7,0,0,0,41,24,24,24
Iliro Smit,COL,RUC,119900,23.158104960103,24,0,0,0,0,0,0,0,0,0,0,0
Indhi Kirk,SYD,MID,119900,23.158104960103,24,0,0,0,0,0,0,0,0,0,0,0
Isaac Cumming,ADE,MID,316900,61.2077019337501,44,69.3529411764706,66.75,86,79,56,50,0,86,70,73.6666666666667,67.75
Isaac Heeney,SYD,MID,541800,104.646048935645,165,86.5454545454545,116.761904761905,118,94,78,103,0,118,99.6,96.6666666666667,98.25
Isaac Kako,ESS,MID/FWD,191700,37.0259276134424,12,0,0,38,62,34,62,0,38,49,44.6666666666667,49
Isaac Keeler,STK,FWD,131400,25.3792743265849,22,0,0,18,39,41,0,0,18,32.6666666666667,32.6666666666667,32.6666666666667
Isaac Quaynor,COL,DEF,292600,56.5142744897926,81,74.6521739130435,58.5217391304348,66,39,59,54,0,66,56.4,54.6666666666667,54.5
Isaiah Dudley,FRE,FWD,136900,26.4415727192502,-69,0,0,17,46,82,0,0,17,48.3333333333333,48.3333333333333,48.3333333333333
Ivan Soldo,PTA,RUC,447900,86.5097181954138,150,86.875,83.125,35,0,0,0,0,35,35,35,35
Izak Rankine,ADE,FWD/MID,515800,99.6242747157724,115,82.6,96.8,91,81,119,97,0,91,103.2,97,97
Jack Billings,MEL,MID/FWD,310500,59.9715728950123,79,62.3333333333333,57.625,49,0,0,0,0,49,49,49,49
Jack Bowes,GEE,MID,408200,78.8418552519936,71,61.1764705882353,83.35,83,87,83,48,0,83,72.6,84.3333333333333,75.25
Jack Buckley,GWS,DEF,371800,71.8113713441725,107,78.7826086956522,78,86,54,67,77,0,86,68.2,69,71
Jack Buller,SYD,FWD,119900,23.158104960103,24,17,0,0,0,0,0,0,0,0,0,0
Jack Carroll,STK,MID/FWD,224500,43.3610889369735,45,9,41.6666666666667,0,0,0,0,0,0,0,0,0
Jack Crisp,COL,MID,436500,84.3078633451622,119,89.2173913043478,87.1739130434783,64,79,78,107,0,64,80.4,73.6666666666667,82
Jack Darling,NTH,FWD,306500,59.1989922458012,95,61.3,55.5714285714286,96,30,58,78,0,96,68.4,61.3333333333333,65.5
Jack Delean,FRE,FWD,119900,23.158104960103,24,0,0,0,0,0,0,0,0,0,0,0
Jack Ginnivan,HAW,FWD,310300,59.9329438625517,116,52.6363636363636,71.8095238095238,50,37,50,62,0,50,53.6,45.6666666666667,49.75
Jack Graham,WCE,MID/FWD,406300,78.4748794436183,76,66.35,69.7857142857143,101,64,97,107,0,101,92.25,87.3333333333333,92.25
Jack Gunston,HAW,FWD,346600,66.9441132541425,28,53.1764705882353,59,93,94,68,0,0,93,85,85,85
Jack Henderson,MEL,MID/FWD,166900,32.2359275883335,29,0,0,13,32,43,72,0,13,43,29.3333333333333,40
Jack Henry,GEE,DEF,389700,75.2686697493922,95,66.2727272727273,66.8695652173913,51,88,94,99,0,51,83,77.6666666666667,83
Jack Higgins,STK,FWD,375800,72.5839519933836,71,66.7142857142857,70.8,52,96,63,86,0,52,72,70.3333333333333,74.25
Jack Hutchinson,WCE,FWD,233500,45.0993953976984,39,0,48.1428571428572,56,58,0,0,0,56,57,57,57
Jack Lukosius,PTA,FWD,363100,70.1310084321383,175,76.0454545454546,67.3809523809524,0,43,0,0,0,0,21.5,43,43
Jack Macrae,STK,FWD/MID,506700,97.8666537388171,88,99.9090909090909,72.7777777777778,70,100,120,162,0,70,115.8,96.6666666666667,113
Jack Martin,GEE,FWD,150900,29.1456049914891,30,59.5454545454546,40,0,0,0,0,0,0,0,0,0
Jack Ough,GWS,MID,113500,21.9219759213652,23,0,0,0,0,0,0,0,0,0,0,0
Jack Payne,BRL,DEF,365400,70.5752423054347,45,57,62.7142857142857,86,92,71,70,0,86,73,83,79.75
Jack Petruccelle,WCE,FWD,272800,52.6900002761976,90,57.5,50.625,22,0,0,0,0,22,22,22,22
Jack Ross,RIC,MID/FWD,317600,61.342903547362,59,74.6842105263158,64,59,67,64,35,0,59,71.8,63.3333333333333,56.25
Jack Scrimshaw,HAW,DEF,441800,85.3315327053669,135,75.0625,82,18,112,0,0,0,18,65,65,65
Jack Silvagni,CAR,FWD/DEF,339500,65.5727826017928,42,68.875,0,95,71,76,69,0,95,82.2,80.6666666666667,77.75
Jack Sinclair,STK,DEF/MID,642200,124.037823230843,103,106.695652173913,109.909090909091,108,118,162,145,0,108,125.6,129.333333333333,133.25
Jack Steele,STK,MID,548300,105.901492490613,165,94.75,108.608695652174,80,106,80,0,0,80,88.6666666666667,88.6666666666667,88.6666666666667
Jack Viney,MEL,MID,386300,74.6119761975628,126,100.136363636364,88,69,54,66,79,0,69,65.2,63,67
Jack Whitlock,PTA,FWD,113500,21.9219759213652,23,0,0,0,0,0,0,0,0,0,0,0
Jack Williams,WCE,FWD,285600,55.1622583536731,47,37.8,53.5,40,62,64,0,0,40,55.3333333333333,55.3333333333333,55.3333333333333
Jackson Archer,NTH,DEF,247900,47.8806857348584,68,32,46,35,0,0,0,0,35,35,35,35
Jackson Mead,PTA,MID/FWD,340600,65.7852422803259,76,39.7142857142857,61.0434782608696,78,74,53,88,0,78,71.2,68.3333333333333,73.25
Jacob Bauer,RIC,FWD,163500,31.5792340365041,69,20,57.3333333333333,1,3,44,34,0,1,25.4,16,20.5
Jacob Blight,RIC,DEF/FWD,281700,54.4089922206923,43,0,65.3333333333333,64,46,74,65,0,64,57,61.3333333333333,62.25
Jacob Hopper,RIC,MID,462200,89.2716940163436,47,78.625,80.8333333333333,118,119,92,58,0,118,93.8,109.666666666667,96.75
Jacob Konstanty,NTH,FWD,192500,37.1804437432846,6,0,0,49,57,41,36,0,49,51.4,49,45.75
Jacob Koschitzke,RIC,FWD,272500,52.6320567275068,54,58.1666666666667,50.5714285714286,0,0,0,0,0,0,0,0,0
Jacob Molier,GEE,RUC,113500,21.9219759213652,23,0,0,0,0,0,0,0,0,0,0,0
Jacob Moss,PTA,DEF,99100,19.1406855842052,20,0,0,0,0,0,0,0,0,0,0,0
Jacob Wehr,GWS,MID,276800,53.4625809254087,91,26.25,55.3636363636364,97,52,21,64,0,97,61.6,56.6666666666667,58.5
Jacob Weitering,CAR,DEF,397900,76.852460080275,99,85.0869565217391,77,91,74,67,82,0,91,80.8,77.3333333333333,78.5
Jacob van Rooyen,MEL,FWD,291600,56.3211293274898,0,65.1052631578947,61.4285714285714,45,67,41,64,0,45,52.4,51,54.25
Jade Gresham,ESS,FWD,341100,65.8818148614773,34,66.7727272727273,59.0909090909091,64,101,61,48,0,64,68.5,75.3333333333333,68.5
Jaeger O'Meara,FRE,MID,373000,72.0431455389358,63,80.3809523809524,65.2272727272727,90,46,107,79,0,90,80.5,81,80.5
Jagga Smith,CAR,MID,194500,37.5667340678901,39,0,0,0,0,0,0,0,0,0,0,0
Jai Culley,MEL,MID/FWD,163400,31.5599195202738,33,43.2,43.3333333333333,0,0,0,0,0,0,0,0,0
Jai Newcombe,HAW,MID,548000,105.843548941922,85,98.2727272727273,98.304347826087,104,89,149,81,0,104,102.6,114,105.75
Jai Serong,HAW,DEF,185400,35.8091130909349,37,44.5,43,0,0,0,0,0,0,0,0,0
Jaime Uhr-Henry,HAW,RUC,99100,19.1406855842052,20,0,0,0,0,0,0,0,0,0,0,0
Jake Bowey,MEL,DEF,429000,82.8592746278914,51,69.6666666666667,62.7142857142857,85,81,116,97,0,85,95,94,94.75
Jake Kolodjashnij,GEE,DEF,374200,72.2749197336992,75,58.421052631579,69.4545454545455,0,0,0,0,0,0,0,0,0
Jake Lever,MEL,DEF,378400,73.0861294153708,68,75.0909090909091,70.2222222222222,48,111,0,0,0,48,79.5,79.5,79.5
Jake Lloyd,SYD,DEF/MID,430300,83.110363338885,80,95.7727272727273,82.4782608695652,59,99,84,84,0,59,78.2,80.6666666666667,81.5
Jake Melksham,MEL,FWD,261900,50.5847180070973,84,43.9230769230769,51,54,43,38,0,0,54,45,45,45
Jake Riccardi,GWS,FWD,309100,59.7011696677884,51,52.5555555555556,57.3684210526316,34,77,0,0,0,34,55.5,55.5,55.5
Jake Rogers,GCS,FWD,201600,38.9380647202399,83,0,39,68,21,21,79,0,68,47.25,36.6666666666667,47.25
Jake Soligo,ADE,MID,500200,96.6112101838491,66,73.0952380952381,83.1304347826087,63,126,108,108,0,63,103.8,99,101.25
Jake Stringer,GWS,FWD,323800,62.5404035536392,101,64.7058823529412,63.1304347826087,63,49,54,0,0,63,55.3333333333333,55.3333333333333,55.3333333333333
Jake Waterman,WCE,FWD,447800,86.4904036791836,147,64.6363636363637,83.1,53,38,0,0,0,53,45.5,45.5,45.5
Jakob Ryan,COL,DEF,119900,23.158104960103,24,0,0,0,0,0,0,0,0,0,0,0
Jamarra Ugle-Hagan,WBD,FWD,355400,68.643790682407,71,60.5652173913044,65.952380952381,0,0,0,0,0,0,0,0,0
James Aish,FRE,DEF,333000,64.3173390468248,125,73.35,61.8,13,0,0,0,0,13,13,13,13
James Barrat,STK,DEF/FWD,113500,21.9219759213652,23,0,0,0,0,0,0,0,0,0,0,0
James Blanck,HAW,DEF,119900,23.158104960103,24,36.2,0,0,0,0,0,0,0,0,0,0
James Borlase,ADE,DEF,335700,64.8388309850423,119,58.25,62.3,26,56,0,0,0,26,41,41,41
James Harmes,WBD,MID/FWD,368400,71.1546777923431,39,46.2222222222222,70.625,0,100,92,50,0,0,64.2,96,80.6666666666667
James Jordon,SYD,MID/FWD,346700,66.9634277703728,77,49.2941176470588,67.8695652173913,52,71,66,69,0,52,64.2,63,64.5
James Leake,GWS,DEF,119900,23.158104960103,-5,0,0,13,64,0,0,0,13,38.5,38.5,38.5
James O'Donnell,WBD,DEF/FWD,266800,51.5311293023809,50,37.3333333333333,51.6923076923077,30,43,72,45,0,30,47.5,48.3333333333333,47.5
James Peatling,ADE,MID/FWD,411000,79.3826617064414,6,49.1,65.4705882352941,85,126,93,47,0,85,83.6,101.333333333333,87.75
James Rowbottom,SYD,MID,474300,91.6087504802072,118,83.6521739130435,94.5238095238095,89,74,100,88,0,89,87.6,87.6666666666667,87.75
James Sicily,HAW,DEF,509000,98.3108876121135,132,114.052631578947,98.9,102,82,99,109,0,102,96.8,94.3333333333333,98
James Trezise,RIC,DEF/MID,308900,59.6625406353278,23,93,56.7142857142857,64,78,73,36,0,64,64.6,71.6666666666667,62.75
James Tunstill,BRL,MID/FWD,119900,23.158104960103,24,22,31.6666666666667,0,0,0,0,0,0,0,0,0
James Worpel,HAW,MID,470400,90.8554843472263,143,89.9565217391304,87.304347826087,85,52,0,0,0,85,68.5,68.5,68.5
Jamie Cripps,WCE,FWD,366700,70.8263310164283,75,69.1666666666667,74.2173913043478,63,58,90,55,0,63,64.2,70.3333333333333,66.5
Jamie Elliott,COL,FWD,361700,69.8606052049145,73,73.4285714285714,63.5333333333333,72,59,85,80,0,72,71.4,72,74
Jaren Carr,FRE,FWD,113500,21.9219759213652,23,0,0,0,0,0,0,0,0,0,0,0
Jarman Impey,HAW,DEF,373500,72.1397181200872,103,77.7727272727273,83.5217391304348,34,46,93,65,0,34,55.2,57.6666666666667,59.5
Jarrod Berry,BRL,MID,404800,78.1851617001642,117,76.5,83.3913043478261,68,74,64,94,0,68,77.6,68.6666666666667,75
Jarrod Witts,GCS,RUC,554100,107.021734431969,141,106.142857142857,107.875,73,100,109,144,0,73,106.5,94,106.5
Jase Burgoyne,PTA,MID/DEF,440700,85.1190730268339,113,40.2,79.95,72,41,121,127,0,72,82.2,78,90.25
Jason Horne-Francis,PTA,MID/FWD,521200,100.667258592207,62,77.6363636363637,99.6666666666667,119,153,82,61,0,119,99.6,118,103.75
Jason Johannisen,WBD,DEF,426900,82.4536697870555,85,74.5454545454546,79.2222222222222,26,0,0,0,0,26,26,26,26
Jaspa Fletcher,BRL,MID/DEF,370700,71.5989116656395,65,51.5454545454546,64.2608695652174,90,99,51,94,0,90,77.2,80,83.5
Jasper Alger,RIC,FWD,113500,21.9219759213652,23,0,0,0,0,0,0,0,0,0,0,0
Jasper Scaife,HAW,FWD,119900,23.158104960103,24,0,0,0,0,0,0,0,0,0,0,0
Jaxon Binns,CAR,MID,171000,33.0278227537749,34,0,45.3333333333333,0,0,0,0,0,0,0,0,0
Jaxon Prior,ESS,DEF,235500,45.485685722304,-11,38.8,39.25,54,78,57,50,0,54,59.75,63,59.75
Jay Polkinghorne,GEE,FWD,113500,21.9219759213652,23,0,0,0,0,0,0,0,0,0,0,0
Jayden Hunt,WCE,DEF/MID,279200,53.9261293149354,91,76.3913043478261,66.65,49,39,48,50,0,49,43.6,45.3333333333333,46.5
Jayden Laverde,ESS,DEF,362800,70.0730648834475,72,72.2631578947368,67.3333333333333,0,0,0,0,0,0,0,0,0
Jayden Nguyen,ESS,DEF/MID,99100,19.1406855842052,20,0,0,0,0,0,0,0,0,0,0,0
Jayden Short,RIC,DEF,437500,84.501008507465,81,98.625,82.0909090909091,103,86,89,71,0,103,86.4,92.6666666666667,87.25
Jed Adams,MEL,DEF,119900,23.158104960103,24,0,0,0,0,0,0,0,0,0,0,0
Jed Bews,GEE,DEF,172200,33.2595969485382,34,44.8666666666667,45.6666666666667,0,0,0,0,0,0,0,0,0
Jed McEntee,PTA,FWD,200600,38.7449195579371,40,45.3,37.2307692307692,0,0,0,0,0,0,0,0,0
Jed Walter,GCS,FWD,216600,41.8352421547815,-4,0,35.3571428571429,55,71,47,0,0,55,57.6666666666667,57.6666666666667,57.6666666666667
Jedd Busslinger,WBD,DEF,119900,23.158104960103,24,0,0,0,0,0,0,0,0,0,0,0
Jeremy Cameron,GEE,FWD,403200,77.8761294404797,99,82.8,86.5,105,105,36,62,0,105,77.4,82,77
Jeremy Finlayson,PTA,FWD,305800,59.0637906321892,41,85.1,56.75,85,0,0,0,0,85,85,85,85
Jeremy Howe,COL,DEF,384100,74.1870568404967,78,71.2727272727273,81.0526315789474,35,51,112,44,0,35,60.4,66,60.5
Jeremy McGovern,WCE,DEF,564700,109.069073152378,138,84.2222222222222,110.263157894737,103,97,86,0,0,103,95.3333333333333,95.3333333333333,95.3333333333333
Jeremy Sharp,FRE,MID,323500,62.4824600049484,106,0,69.9565217391304,86,64,29,72,0,86,63.6,59.6666666666667,62.75
Jesse Dattoli,SYD,MID/FWD,113500,21.9219759213652,23,0,0,0,0,0,0,0,0,0,0,0
Jesse Hogan,GWS,FWD,496700,95.9352021157894,73,75,92.3913043478261,70,138,87,0,0,70,98.3333333333333,98.3333333333333,98.3333333333333
Jesse Motlop,CAR,FWD,253800,49.0202421924448,45,54.5555555555556,39.3333333333333,67,37,64,81,0,67,57.8,56,62.25
Jhye Clark,GEE,MID,229900,44.4040728134084,33,13,44.0666666666667,39,66,19,0,0,39,41.3333333333333,41.3333333333333,41.3333333333333
Jimmy Webster,STK,DEF,313600,60.5703228981509,56,64.8125,61.7333333333333,18,37,105,51,0,18,50.6,53.3333333333333,52.75
Jobe Shanahan,WCE,FWD,113500,21.9219759213652,23,0,0,0,0,0,0,0,0,0,0,0
Joe Berry,PTA,FWD,158900,30.6907662899113,35,0,0,4,34,34,56,0,4,33.2,24,32
Joe Fonti,GWS,DEF,160600,31.019113065826,32,0,37.25,0,0,0,0,0,0,0,0,0
Joe Pike,GEE,RUC,99100,19.1406855842052,20,0,0,0,0,0,0,0,0,0,0,0
Joe Richards,PTA,FWD,352500,68.0836697117289,56,0,57.3333333333333,105,81,61,86,0,105,75.6,82.3333333333333,83.25
Joel Amartey,SYD,FWD,296000,57.170968041622,32,56.3571428571429,55.5454545454546,10,85,66,32,0,10,55.4,53.6666666666667,48.25
Joel Cochran,COL,DEF,113500,21.9219759213652,23,0,0,0,0,0,0,0,0,0,0,0
Joel Freijah,WBD,DEF/MID,358600,69.2618552017759,115,0,68.75,50,49,68,100,0,50,75.2,55.6666666666667,66.75
Joel Hamling,SYD,FWD/DEF,223400,43.1486292584404,0,59.25,0,41,54,69,76,0,41,60,54.6666666666667,60
Joel Jeffrey,GCS,DEF,371600,71.772742311712,82,58.8571428571429,65.5833333333333,104,80,55,95,0,104,83.5,79.6666666666667,83.5
John Noble,GCS,DEF,441000,85.1770165755247,69,79.9565217391304,78.2,100,67,120,78,0,100,91.25,95.6666666666667,91.25
Jonty Faull,RIC,FWD,145000,28.0060485339027,29,0,0,11,0,0,0,0,11,11,11,11
Jordan Boyd,CAR,DEF,327000,63.1584680730081,96,50.75,60.6842105263158,39,0,0,0,0,39,39,39,39
Jordan Clark,FRE,DEF,547700,105.785605393231,130,82.4782608695652,104.608695652174,104,101,104,122,0,104,107.6,103,107.75
Jordan Croft,WBD,FWD,119900,23.158104960103,24,0,0,0,0,0,0,0,0,0,0,0
Jordan Dawson,ADE,MID,532700,102.888427958689,113,115.869565217391,102.136363636364,60,124,96,124,0,60,101.4,93.3333333333333,101
Jordan De Goey,COL,MID,441800,85.3315327053669,115,96.6111111111111,82,79,71,0,0,0,79,75,75,75
Jordan Ridley,ESS,DEF,508900,98.2915730958833,206,94.8823529411765,102.555555555556,106,86,39,0,0,106,77,77,77
Jordon Butts,ADE,DEF,290300,56.0700406164962,58,41.9411764705882,53.8666666666667,0,0,0,0,0,0,0,0,0
Jordon Sweet,PTA,RUC,471000,90.971371444608,113,0,88.7857142857143,114,77,92,100,0,114,94.6,94.3333333333333,95.75
Josaia Delana,GWS,MID,99100,19.1406855842052,20,0,0,0,0,0,0,0,0,0,0,0
Josh Battle,HAW,DEF,417100,80.5608471964883,115,63.8636363636364,84.304347826087,80,36,108,83,0,80,72.2,74.6666666666667,76.75
Josh Daicos,COL,MID/DEF,449100,86.7414923901772,106,99.0869565217391,89.5652173913044,59,91,84,88,0,59,83.4,78,80.5
Josh Dolan,WBD,FWD,120600,23.2933065737149,20,0,0,44,26,20,17,0,44,26.6,30,26.75
Josh Dunkley,BRL,MID,579900,112.00487961938,143,115.238095238095,111.782608695652,88,114,105,117,0,88,119.4,102.333333333333,106
Josh Fahey,GWS,DEF,119900,23.158104960103,24,27.1428571428571,0,0,0,0,0,0,0,0,0,0
Josh Gibcus,RIC,DEF,153600,29.6670969297066,31,0,47.5,0,0,0,0,0,0,0,0,0
Josh Goater,NTH,DEF,151400,29.2421775726404,30,56.2,42,0,0,0,0,0,0,0,0,0
Josh Kelly,GWS,MID,513600,99.1993553587063,118,101.631578947368,99.9333333333333,115,108,82,90,0,115,105.4,101.666666666667,98.75
Josh Lai,PTA,MID,99100,19.1406855842052,20,0,0,0,0,0,0,0,0,0,0,0
Josh Rachele,ADE,FWD,351400,67.8712100331959,97,73.952380952381,63.8181818181818,26,88,107,0,0,26,73.6666666666667,73.6666666666667,73.6666666666667
Josh Sinn,PTA,DEF,290300,56.0700406164962,41,21.6666666666667,53.25,39,53,80,82,0,39,62.6,57.3333333333333,63.5
Josh Smillie,RIC,MID,176500,34.0901211464402,35,0,0,0,0,0,0,0,0,0,0,0
Josh Treacy,FRE,FWD,507400,98.0018553524291,65,56.5294117647059,84.25,130,108,114,112,0,130,99.6,117.333333333333,116
Josh Ward,HAW,MID,351500,67.8905245494261,6,72.9375,52.8,49,92,101,84,0,49,81.5,80.6666666666667,81.5
Josh Weddle,HAW,DEF,384000,74.1677423242664,70,66.8823529411765,73.1739130434783,101,98,54,62,0,101,74.6,84.3333333333333,78.75
Josh Worrell,ADE,DEF,402900,77.8181858917889,119,74.5,85,77,51,82,69,0,77,77,70,69.75
Joshua Draper,FRE,DEF,252300,48.7305244489907,65,0,49.65,55,57,32,59,0,55,50.6,48,50.75
Judd McVee,MEL,DEF,381400,73.6655649022792,76,57.4347826086957,70.7826086956522,0,0,0,0,0,0,0,0,0
Judson Clarke,RIC,FWD,119900,23.158104960103,24,43.3076923076923,8,0,0,0,0,0,0,0,0,0
Justin McInerney,SYD,MID,443700,85.6985085137422,100,72.1666666666667,82.3529411764706,87,79,0,0,0,87,83,83,83
Jy Farrar,GCS,DEF,119900,23.158104960103,24,36.7777777777778,0,0,0,0,0,0,0,0,0,0
Jy Simpkin,NTH,MID/FWD,468500,90.488508538851,99,79.3333333333333,79.6666666666667,101,62,119,102,0,101,99.8,94,96
Jye Amiss,FRE,FWD,256500,49.5417341306623,62,53.8181818181818,54.2727272727273,11,37,68,55,0,11,40,38.6666666666667,42.75
Jye Caldwell,ESS,MID,519900,100.416169881214,110,78.1904761904762,93.9565217391304,84,118,129,0,0,84,110.333333333333,110.333333333333,110.333333333333
Jye Menzie,ESS,FWD,204800,39.5561292396087,43,46.8571428571429,33.9285714285714,92,63,4,0,0,92,53,53,53
Kade Chandler,MEL,FWD/MID,359700,69.4743148803089,124,64.2857142857143,63.2173913043478,56,54,55,151,0,56,77.4,55,79
Kai Lohmann,BRL,FWD,379800,73.3565326425947,206,30,70.4782608695652,13,9,0,0,0,13,11,11,11
Kaleb Smith,RIC,DEF,117400,22.675242054346,25,0,25,22,23,19,0,0,22,21.3333333333333,21.3333333333333,21.3333333333333
Kallan Dawson,NTH,DEF,282600,54.5828228667648,56,41,52.4545454545455,0,0,0,0,0,0,0,0,0
Kamdyn McIntosh,RIC,MID,322200,62.2313712939548,51,55.0909090909091,45.9545454545455,82,43,91,84,0,82,72.8,72,75
Kane Farrell,PTA,DEF,437600,84.5203230236952,114,77.2,82.5909090909091,84,70,86,104,0,84,88.8,80,86
Kane McAuliffe,RIC,MID,244300,47.1853631505684,49,0,45.3333333333333,0,0,0,0,0,0,0,0,0
Karl Amon,HAW,DEF,497000,95.9931456644802,125,86.4761904761905,91.6521739130435,79,79,106,122,0,79,97.2,88,96.5
Karl Gallagher,ADE,DEF,119900,23.158104960103,24,0,0,0,0,0,0,0,0,0,0,0
Karl Worner,FRE,DEF,212700,41.0819760218007,33,30,43,79,28,54,45,0,79,51.5,53.6666666666667,51.5
Kayle Gerreyn,ESS,RUC,113500,21.9219759213652,23,0,0,0,0,0,0,0,0,0,0,0
Keidean Coleman,BRL,DEF,269100,51.9753631756773,54,71.35,37,0,0,0,0,0,0,0,0,0
Keighton Matofai-Forbes,GEE,FWD,113500,21.9219759213652,23,0,0,0,0,0,0,0,0,0,0,0
Kieran Strachan,ADE,RUC,223100,43.0906857097496,45,0,69,0,0,0,0,0,0,0,0,0
Kieren Briggs,GWS,RUC,476300,91.9950408048127,77,108.928571428571,95.8181818181818,84,107,99,5,0,84,73.75,96.6666666666667,73.75
Koltyn Tholstrup,MEL,FWD,312500,60.3578632196178,62,0,58,0,0,0,0,0,0,0,0,0
Kyle Langford,ESS,FWD,422200,81.5458875242325,122,79.0869565217391,78.3478260869565,53,0,0,0,0,53,53,53,53
Kynan Brown,MEL,MID,119900,23.158104960103,24,0,18,0,0,0,0,0,0,0,0,0
Kysaiah Pickett,MEL,FWD,395400,76.3695971745181,73,68.3809523809524,73.3809523809524,81,91,0,0,0,81,86,86,86
Lachie Ash,GWS,DEF,512500,98.9868956801732,62,83.8260869565217,84.7647058823529,137,130,95,80,0,137,112.8,120.666666666667,110.5
Lachie Fogarty,CAR,FWD,301500,58.2332664342873,66,62.3333333333333,61.2666666666667,60,58,58,48,0,60,55.8,58.6666666666667,56
Lachie Jaques,WBD,DEF,113500,21.9219759213652,23,0,0,0,0,0,0,0,0,0,0,0
Lachie Jones,PTA,DEF,325700,62.9073793620145,5,57,53.3888888888889,73,82,90,18,0,73,65.75,81.6666666666667,65.75
Lachie Neale,BRL,MID,553800,106.963790883278,145,110.391304347826,119.863636363636,90,130,71,133,0,90,93,97,106
Lachie Schultz,COL,FWD,394800,76.2537100771364,13,79.1304347826087,60.75,117,107,89,36,0,117,87.25,104.333333333333,87.25
Lachie Weller,GCS,DEF/MID,298900,57.7310890123001,76,83.3333333333333,62.1666666666667,67,56,49,79,0,67,62.75,57.3333333333333,62.75
Lachie Whitfield,GWS,DEF,598700,115.636008670673,107,92.8571428571429,111,86,148,109,128,0,86,116.4,114.333333333333,117.75
Lachlan Bramble,WBD,DEF,342300,66.1135890562406,76,52.2727272727273,72.7391304347826,87,57,69,24,0,87,64.6,71,59.25
Lachlan Charleson,PTA,MID/FWD,119900,23.158104960103,24,0,0,0,0,0,0,0,0,0,0,0
Lachlan Cowan,CAR,DEF,295100,56.9971373955495,99,42.2857142857143,61.0625,15,63,46,81,0,15,51.25,41.3333333333333,51.25
Lachlan Gulbin,GCS,FWD,99100,19.1406855842052,20,0,0,0,0,0,0,0,0,0,0,0
Lachlan Keeffe,GWS,RUC,211300,40.8115727945768,-4,37.2727272727273,47.6666666666667,47,84,47,0,0,47,59.3333333333333,59.3333333333333,59.3333333333333
Lachlan McAndrew,ADE,RUC,119900,23.158104960103,24,38,0,0,0,0,0,0,0,0,0,0
Lachlan McNeil,WBD,FWD,294000,56.7846777170165,55,28.4615384615385,61.6363636363636,70,56,61,26,0,70,52.2,62.3333333333333,53.25
Lachlan Murphy,ADE,FWD,301700,58.2718954667478,67,68.1818181818182,56,58,0,0,0,0,58,58,58,58
Lachlan Sholl,ADE,MID,325000,62.7721777484025,148,67.4375,85.1,15,48,34,77,0,15,52,32.3333333333333,43.5
Lachlan Smith,WBD,RUC,119900,23.158104960103,24,0,0,0,0,0,0,0,0,0,0,0
Lachlan Sullivan,COL,MID,283400,54.737338996607,65,0,52.6,54,52,0,0,0,54,53,53,53
Laitham Vandermeer,WBD,FWD,275200,53.1535486657243,102,52.1818181818182,48.1739130434783,11,52,68,115,0,11,61.5,43.6666666666667,61.5
Lance Collard,STK,FWD,187000,36.1181453506193,-37,0,6.33333333333333,12,81,55,39,0,12,46.75,49.3333333333333,46.75
Lawson Humphries,GEE,DEF,431200,83.2841939849575,78,0,77.6666666666667,82,86,93,80,0,82,87.6,87,85.25
Leek Aleer,GWS,DEF,319900,61.7871374206584,64,0,59.375,0,0,0,0,0,0,0,0,0
Lennox Hoffman,GEE,DEF,113500,21.9219759213652,23,0,0,0,0,0,0,0,0,0,0,0
Leonardo Lombard,GCS,MID,167500,32.3518146857152,33,0,0,0,0,0,0,0,0,0,0,0
Levi Ashcroft,BRL,MID/FWD,277400,53.5784680227904,26,0,0,90,87,36,72,0,90,73.8,71,71.25
Lewis Hayes,ESS,DEF,119900,23.158104960103,24,0,0,0,0,0,0,0,0,0,0,0
Lewis Melican,SYD,DEF,282500,54.5635083505345,38,58.2857142857143,52.4285714285714,73,58,0,0,0,73,65.5,65.5,65.5
Lewis Young,CAR,DEF/FWD,328700,63.4868148489228,80,66.1333333333333,63.125,67,50,61,0,0,67,59.3333333333333,59.3333333333333,59.3333333333333
Liam Baker,WCE,MID/FWD,426700,82.415040754595,89,79.7391304347826,82.3333333333333,71,86,85,75,0,71,83.8,80.6666666666667,79.25
Liam Duggan,WCE,DEF,393500,76.0026213661428,115,90.0909090909091,86.0952380952381,84,74,55,75,0,84,71.6,71,72
Liam Fawcett,RIC,FWD,119900,23.158104960103,20,0,0,30,0,0,0,0,30,30,30,30
Liam Henry,STK,FWD,334100,64.5297987253578,67,71.875,62,0,0,0,0,0,0,0,0,0
Liam Jones,WBD,DEF,349500,67.5042342248206,107,58.5555555555556,70.3,40,65,55,0,0,40,53.3333333333333,53.3333333333333,53.3333333333333
Liam O'Connell,STK,DEF,120700,23.3126210899452,27,0,0,3,42,28,0,0,3,24.3333333333333,24.3333333333333,24.3333333333333
Liam Reidy,FRE,RUC,132600,25.6110485213482,20,0,41,34,0,0,0,0,34,34,34,34
Liam Ryan,WCE,FWD,324100,62.5983471023301,33,75.3333333333333,56.4375,78,54,95,0,0,78,75.6666666666667,75.6666666666667,75.6666666666667
Liam Stocker,STK,DEF,289100,55.8382664217329,57,67.6363636363637,52.625,69,83,30,0,0,69,60.6666666666667,60.6666666666667,60.6666666666667
Lincoln McCarthy,BRL,FWD,339500,65.5727826017928,68,58.6190476190476,63,0,0,0,0,0,0,0,0,0
Lloyd Johnston,GCS,FWD,226500,43.747379261579,45,42,46.7142857142857,0,0,0,0,0,0,0,0,0
Lloyd Meek,HAW,RUC,529500,102.27036343932,110,63.9375,103.473684210526,105,118,90,78,0,105,103.4,104.333333333333,97.75
Loch Rawlinson,WCE,FWD,119900,23.158104960103,24,0,11,0,0,0,0,0,0,0,0,0
Logan Evans,PTA,DEF,330100,63.7572180761467,138,0,68.9,20,40,101,36,0,20,49.25,53.6666666666667,49.25
Logan McDonald,SYD,FWD,338100,65.3023793745689,68,59,62.7391304347826,0,0,0,0,0,0,0,0,0
Logan Morris,BRL,FWD,330700,63.8731051735284,45,0,53.7333333333333,93,75,65,69,0,93,70.6,77.6666666666667,75.5
Logan Smith,GWS,RUC,113500,21.9219759213652,23,0,0,0,0,0,0,0,0,0,0,0
Luamon Lual,ESS,DEF,119900,23.158104960103,24,0,0,0,0,0,0,0,0,0,0,0
Lucas Camporeale,CAR,MID,113500,21.9219759213652,-40,0,0,52,56,0,0,0,52,54,54,54
Lucca Grego,WCE,MID,113500,21.9219759213652,23,0,0,0,0,0,0,0,0,0,0,0
Luke Beecken,BRL,DEF,119900,23.158104960103,24,0,0,0,0,0,0,0,0,0,0,0
Luke Breust,HAW,FWD,220300,42.5498792553018,86,60.8571428571429,40.8823529411765,43,5,0,0,0,43,24,24,24
Luke Cleary,WBD,DEF,171600,33.1437098511565,46,49,45.5,61,25,0,0,0,61,43,43,43
Luke Davies-Uniacke,NTH,MID,504700,97.4803634142116,147,113.642857142857,109.130434782609,101,104,63,108,0,101,92.8,89.3333333333333,94
Luke Jackson,FRE,RUC/FWD,557500,107.678427983798,54,97.8695652173913,94.5217391304348,115,165,97,91,0,115,117,125.666666666667,117
Luke Kennedy,WBD,MID,113500,21.9219759213652,23,0,0,0,0,0,0,0,0,0,0,0
Luke Lloyd,BRL,FWD,119900,23.158104960103,24,0,0,0,0,0,0,0,0,0,0,0
Luke McDonald,NTH,DEF,382300,73.8393955483517,53,77.9090909090909,66.3636363636364,46,79,99,71,0,46,74.8,74.6666666666667,73.75
Luke Nankervis,ADE,DEF,382600,73.8973390970425,132,54.5,71,73,26,0,0,0,73,49.5,49.5,49.5
Luke Parker,NTH,MID/FWD,4e+05,77.2580649211108,30,96.8636363636364,70.8571428571429,69,121,78,79,0,69,83.2,89.3333333333333,86.75
Luke Pedlar,ADE,FWD,150400,29.0490324103377,30,55.8095238095238,27.75,0,0,0,0,0,0,0,0,0
Luke Ryan,FRE,DEF,527700,101.922702147175,118,109.478260869565,116.608695652174,52,134,81,95,0,52,85.6,89,90.5
Luke Trainor,RIC,DEF,259500,50.1211696175707,-51,0,0,80,82,90,24,0,80,65.2,84,69
Luke Urquhart,NTH,MID,113500,21.9219759213652,23,0,0,0,0,0,0,0,0,0,0,0
Luker Kentfield,MEL,FWD,119900,23.158104960103,24,0,0,0,0,0,0,0,0,0,0,0
Mabior Chol,HAW,FWD,287600,55.5485486782787,114,48.875,63.4285714285714,39,14,64,70,0,39,50.6,39,46.75
Mac Andrew,GCS,DEF,365100,70.5172987567439,123,54.5294117647059,73.65,50,80,35,0,0,50,55,55,55
Malakai Champion,WCE,FWD,99100,19.1406855842052,20,0,0,0,0,0,0,0,0,0,0,0
Malcolm Rosas,GCS,FWD,212000,40.9467744081887,42,51.5263157894737,43.7142857142857,0,0,0,0,0,0,0,0,0
Marc Pittonet,CAR,RUC,484100,93.5015730707744,97,70.2,89.8461538461539,0,0,0,0,0,0,0,0,0
Marcus Bontempelli,WBD,MID,681000,131.531855528191,136,129.652173913043,126.391304347826,0,0,0,0,0,0,0,0,0
Marcus Windhager,STK,MID,368600,71.1933068248036,124,57.8333333333333,71.4666666666667,103,47,55,104,0,103,77.8,68.3333333333333,77.25
Mark Blicavs,GEE,MID/DEF,393800,76.0605649148336,42,91.5789473684211,68.1818181818182,45,104,89,81,0,45,79.75,79.3333333333333,79.75
Mark Keane,ADE,DEF,324500,62.6756051672512,119,64.8,77.9047619047619,112,34,43,32,0,112,60.8,63,55.25
Mark O'Connor,GEE,DEF/MID,316100,61.0531858039078,66,66.7272727272727,56.5384615384615,74,65,56,69,0,74,66.8,65,66
Marty Hore,MEL,DEF,249700,48.2283470270034,50,0,51.5,0,0,0,0,0,0,0,0,0
Mason Cox,COL,RUC/FWD,307800,59.4500809567948,81,63.5,57.125,46,0,0,0,0,46,46,46,46
Mason Redman,ESS,DEF,458000,88.4604843346719,103,90.8695652173913,88.2857142857143,86,111,65,82,0,86,86,87.3333333333333,86
Mason Wood,STK,MID/FWD,446100,86.1620569032688,95,92.9565217391304,80.1111111111111,91,54,119,98,0,91,86.6,88,90.5
Massimo D'Ambrosio,HAW,MID,423400,81.7776617189958,89,40.25,87.6818181818182,53,65,109,47,0,53,72.2,75.6666666666667,68.5
Mate Colina,RIC,RUC,119900,23.158104960103,24,0,0,0,0,0,0,0,0,0,0,0
Matt Crouch,ADE,MID,513700,99.2186698749366,134,97.5714285714286,105.533333333333,72,47,143,84,0,72,86.5,87.3333333333333,86.5
Matt Duffy,CAR,DEF,99100,19.1406855842052,20,0,0,0,0,0,0,0,0,0,0,0
Matt Flynn,WCE,RUC,261900,50.5847180070973,21,88,60.75,87,0,0,0,0,87,87,87,87
Matt Guelfi,ESS,FWD,384600,74.2836294216481,77,54.3076923076923,71.3846153846154,0,0,0,0,0,0,0,0,0
Matt Hill,HAW,DEF,99100,19.1406855842052,20,0,0,0,0,0,0,0,0,0,0,0
Matt Roberts,SYD,DEF,470200,90.8168553147658,93,31.1666666666667,80.7,79,77,115,95,0,79,98,90.3333333333333,91.5
Matt Rowell,GCS,MID,559100,107.987460243483,124,102.304347826087,102.130434782609,126,74,136,137,0,126,118.25,112,118.25
Matt Whitlock,NTH,DEF/FWD,113500,21.9219759213652,18,0,0,29,0,0,0,0,29,29,29,29
Mattaes Phillipou,STK,MID/FWD,313800,60.6089519306114,63,51.4347826086957,58.2307692307692,0,0,0,0,0,0,0,0,0
Matthew Carroll,CAR,DEF,99100,19.1406855842052,20,0,0,60,0,0,0,0,60,60,60,60
Matthew Cottrell,CAR,MID/FWD,340600,65.7852422803259,29,60,54.5714285714286,83,73,88,64,0,83,77,81.3333333333333,77
Matthew Jefferson,MEL,FWD,119900,23.158104960103,31,0,0,0,41,0,0,0,0,20.5,41,41
Matthew Johnson,FRE,MID,343700,66.3839922834645,73,54,63.3684210526316,81,52,79,51,0,81,72.2,70.6666666666667,65.75
Matthew Kennedy,WBD,MID/FWD,447700,86.4710891629533,66,75.1428571428571,76.9130434782609,62,90,113,79,0,62,91.8,88.3333333333333,86
Matthew Owies,WCE,FWD,253800,49.0202421924448,87,54.375,53.4782608695652,54,32,42,63,0,54,48.6,42.6666666666667,47.75
Maurice Rioli,RIC,FWD,294600,56.9005648143981,59,31.4,54.6666666666667,50,0,0,0,0,50,50,50,50
Max Gawn,MEL,RUC,582000,112.410484460216,136,104.45,124.142857142857,145,122,88,67,0,145,110.2,118.333333333333,105.5
Max Gruzewski,GWS,FWD,119900,23.158104960103,10,0,21,1,61,0,0,0,1,31,31,31
Max Hall,STK,MID/FWD,239900,46.3355244364362,-19,0,0,62,56,85,33,0,62,62,67.6666666666667,59
Max Heath,STK,RUC/FWD,119900,23.158104960103,24,0,0,0,0,0,0,0,0,0,0,0
Max Holmes,GEE,DEF/MID,542400,104.761936033026,118,79.8095238095238,99.0869565217391,147,72,127,91,0,147,112.4,115.333333333333,109.25
Max King,STK,FWD,300400,58.0208067557542,60,61.1,55.75,0,0,0,0,0,0,0,0,0
Max Knobel,GCS,RUC,119900,23.158104960103,24,0,0,0,0,0,0,0,0,0,0,0
Max Michalanney,ADE,DEF,323300,62.4438309724878,93,56.1363636363636,65.9565217391304,43,34,80,70,0,43,59,52.3333333333333,56.75
Max Ramsden,HAW,FWD,128200,24.761209807216,26,25.5,34,0,0,0,0,0,0,0,0,0
Michael Frederick,FRE,FWD,298400,57.6345164311487,29,60.421052631579,50.4,70,79,60,42,0,70,62.2,69.6666666666667,62.75
Michael Walters,FRE,FWD,236800,45.7367744332976,47,55.25,43.9411764705882,0,0,0,0,0,0,0,0,0
Miles Bergman,PTA,DEF/MID,437500,84.501008507465,51,65.8636363636364,77.6086956521739,62,116,92,77,0,62,84.6,90,86.75
Miller Bergman,NTH,DEF,137900,26.634717881553,28,46.5,32,0,0,0,0,0,0,0,0,0
Mitch Duncan,GEE,DEF,423300,81.7583472027655,85,90.3125,78.55,0,0,0,0,0,0,0,0,0
Mitch Georgiades,PTA,FWD,415700,80.2904439692644,54,59,70.1764705882353,73,112,78,111,0,73,79.4,87.6666666666667,93.5
Mitch Knevitt,GEE,MID,189900,36.6782663212974,31,54.75,34.75,50,20,58,82,0,50,52.5,42.6666666666667,52.5
Mitch Lewis,HAW,FWD,178900,34.5536695359668,36,71.1333333333333,41.5,0,0,0,0,0,0,0,0,0
Mitch McGovern,CAR,DEF,348800,67.3690326112086,102,80.3157894736842,76.4117647058824,125,69,32,59,0,125,66,75.3333333333333,71.25
Mitch Owens,STK,FWD,347100,67.0406858352939,50,79.6818181818182,63.8260869565217,30,70,93,70,0,30,65.75,64.3333333333333,65.75
Mitchell Edwards,GEE,RUC,119900,23.158104960103,24,0,0,0,0,0,0,0,0,0,0,0
Mitchell Hinge,ADE,DEF,504000,97.3451618005996,78,84.8636363636364,93.4545454545455,95,116,103,89,0,95,95.8,104.666666666667,100.75
Murphy Reid,FRE,MID/FWD,294900,56.958508363089,-24,0,0,58,73,106,75,0,58,72.4,79,78
Mykelti Lefau,RIC,FWD,292600,56.5142744897926,58,0,54.3,0,0,0,0,0,0,0,0,0
Nasiah Wanganeen-Milera,STK,DEF,567500,109.609879606826,97,85.1304347826087,100.909090909091,133,123,110,113,0,133,115,122,119.75
Nat Fyfe,FRE,MID,372800,72.0045165064753,74,50.6666666666667,69.1818181818182,0,0,0,0,0,0,0,0,0
Nate Caddy,ESS,FWD,264100,51.0096373641634,52,0,51.9,37,85,25,35,0,37,45.5,49,45.5
Nathan Broad,RIC,DEF,346100,66.8475406729911,49,79.7368421052632,67.1363636363637,96,87,59,37,0,96,66,80.6666666666667,69.75
Nathan O'Driscoll,FRE,MID,309800,59.8363712814003,36,49.9,52.5,46,104,95,91,0,46,84,81.6666666666667,84
Nathan Wardius,GWS,FWD,119900,23.158104960103,24,0,0,0,0,0,0,0,0,0,0,0
Ned Bowman,SYD,FWD,113500,21.9219759213652,23,0,0,0,0,0,0,0,0,0,0,0
Ned Long,COL,MID,280600,54.1965325421592,75,42.5,41.4285714285714,114,26,57,113,0,114,68,65.6666666666667,77.5
Ned Moyle,GCS,RUC,462100,89.2523795001133,92,49.5,85.75,0,0,0,0,0,0,0,0,0
Ned Reeves,HAW,RUC,244600,47.2433066992593,49,67.1904761904762,56.75,0,0,0,0,0,0,0,0,0
Neil Erasmus,FRE,MID/FWD,119900,23.158104960103,-49,42.6428571428572,23,80,41,0,0,0,80,60.5,60.5,60.5
Nic Martin,ESS,DEF/FWD,516500,99.7594763293844,138,88.1739130434783,105.04347826087,108,88,91,74,0,108,90.25,95.6666666666667,90.25
Nic Newman,CAR,DEF,546800,105.611774747159,109,100.190476190476,101.478260869565,0,0,0,0,0,0,0,0,0
Nicholas Madden,GWS,RUC,119900,23.158104960103,24,0,0,0,0,0,0,0,0,0,0,0
Nick Blakey,SYD,DEF,481300,92.9607666163266,139,89.3913043478261,97.4782608695652,67,82,86,105,0,67,92.4,78.3333333333333,85
Nick Bryan,ESS,RUC,313600,60.5703228981509,39,66.375,70.8,13,79,77,69,0,13,59.5,56.3333333333333,59.5
Nick Coffield,WBD,DEF,218200,42.144274414466,44,0,40.5,0,0,0,0,0,0,0,0,0
Nick Daicos,COL,MID,584800,112.951290914664,130,116.3,117.173913043478,134,94,125,98,0,134,103.4,117.666666666667,112.75
Nick Haynes,CAR,DEF,357000,68.9528229420914,70,73,69.875,96,64,73,49,0,96,68.2,77.6666666666667,70.5
Nick Holman,GCS,MID/FWD,267300,51.6277018835323,81,66.0526315789474,53.8095238095238,29,32,61,0,0,29,40.6666666666667,40.6666666666667,40.6666666666667
Nick Larkey,NTH,FWD,337300,65.1478632447267,69,69.4347826086957,60.9565217391304,55,45,92,61,0,55,67.6,64,63.25
Nick Murray,ADE,DEF,292200,56.4370164248715,31,60.1176470588235,54.2222222222222,66,78,0,0,0,66,72,72,72
Nick Vlastuin,RIC,DEF,421400,81.3913713943903,111,92.0952380952381,91.3181818181818,96,85,60,58,0,96,80,80.3333333333333,74.75
Nick Watson,HAW,FWD,401100,77.4705245996439,25,0,65.5,33,134,79,100,0,33,72.2,82,86.5
Nik Cox,ESS,MID,268100,51.7822180133745,54,46.6666666666667,49.75,0,0,0,0,0,0,0,0,0
Noah Anderson,GCS,MID,567200,109.551936058135,134,104.913043478261,106.695652173913,113,102,109,136,0,113,115,108,115
Noah Answerth,BRL,DEF,317100,61.2463309662106,79,35,56.9166666666667,70,57,56,81,0,70,67.8,61,66
Noah Balta,RIC,DEF/FWD,334900,64.6843148552,67,74.304347826087,62.1578947368421,0,0,0,0,0,0,0,0,0
Noah Long,WCE,FWD,191600,37.0066130972121,79,51.8421052631579,48.5714285714286,6,30,43,16,0,6,23.75,26.3333333333333,23.75
Noah Mraz,HAW,DEF,113500,21.9219759213652,23,0,0,0,0,0,0,0,0,0,0,0
Odin Jones,FRE,RUC,119900,23.158104960103,24,0,0,0,0,0,0,0,0,0,0,0
Oisin Mullin,GEE,DEF,247700,47.8420567023979,-6,30.5,39.4,26,69,77,22,0,26,46,57.3333333333333,48.5
Oleg Markov,COL,DEF,253300,48.9236696112934,51,54.2,47,0,0,0,0,0,0,0,0,0
Oliver Dempsey,GEE,MID,383200,74.0132261944242,75,33.2,75.7391304347826,100,96,52,55,0,100,76.6,82.6666666666667,75.75
Oliver Florent,SYD,DEF/MID,383300,74.0325407106545,99,75.3913043478261,78.9130434782609,75,83,54,84,0,75,69.2,70.6666666666667,74
Oliver Hannaford,GWS,MID/FWD,127000,24.5294356124527,25,0,0,0,0,0,0,0,0,0,0,0
Oliver Hayes-Brown,RIC,RUC,119900,23.158104960103,24,0,0,0,0,0,0,0,0,0,0,0
Oliver Henry,GEE,FWD,258900,50.005282520189,65,59.5454545454546,52,69,32,57,41,0,69,49.4,52.6666666666667,49.75
Oliver Hollands,CAR,MID/DEF,323600,62.5017745211787,63,57.764705882353,61.8636363636364,82,82,44,50,0,82,67.4,69.3333333333333,64.5
Oliver Sestan,MEL,FWD,119900,23.158104960103,24,0,0,0,0,0,0,0,0,0,0,0
Oliver Wiltshire,GEE,MID/FWD,119900,23.158104960103,24,0,0,0,0,0,0,0,0,0,0,0
Ollie Lord,PTA,FWD,204500,39.4981856909179,0,45.6363636363636,42.1666666666667,50,85,0,0,0,50,67.5,67.5,67.5
Ollie Murphy,FRE,DEF,119900,23.158104960103,24,0,0,0,0,0,0,0,0,0,0,0
Ollie Wines,PTA,MID,506200,97.7700811576658,115,82.9565217391304,99.3636363636364,70,94,106,104,0,70,94.8,90,93.5
Orazio Fantasia,CAR,FWD,215100,41.5455244113273,43,39.3333333333333,39.9285714285714,0,0,0,0,0,0,0,0,0
Oscar Allen,WCE,FWD,239300,46.2196373390546,69,69.5217391304348,55.4545454545455,54,53,25,27,0,54,44.4,44,39.75
Oscar McDonald,FRE,DEF,119900,23.158104960103,24,0,27,0,0,0,0,0,0,0,0,0
Oscar McInerney,BRL,RUC,469800,90.7395972498447,130,94.3636363636364,96,48,114,59,110,0,48,82.75,73.6666666666667,82.75
Oscar Ryan,ADE,DEF,119900,23.158104960103,24,0,0,0,0,0,0,0,0,0,0,0
Oscar Steene,COL,RUC/FWD,119900,23.158104960103,24,0,0,0,0,0,0,0,0,0,0,0
Oskar Baker,WBD,MID/DEF,246400,47.5909679914043,42,54.1666666666667,53,58,48,24,0,0,58,43.3333333333333,43.3333333333333,43.3333333333333
Paddy Dow,STK,MID,327100,63.1777825892384,65,55,60.7,0,0,0,0,0,0,0,0,0
Patrick Cripps,CAR,MID,505400,97.6155650278235,180,97.5238095238095,110.478260869565,114,56,84,108,0,114,96.4,84.6666666666667,90.5
Patrick Dangerfield,GEE,MID/FWD,452900,87.4754440069277,70,87.7222222222222,84.2857142857143,91,112,84,74,0,91,88.2,95.6666666666667,90.25
Patrick Lipinski,COL,MID/FWD,412600,79.6916939661258,97,69.7272727272727,75.6521739130435,94,76,75,95,0,94,82.8,81.6666666666667,85
Patrick Retschko,GEE,MID,99100,19.1406855842052,20,0,0,0,0,0,0,0,0,0,0,0
Patrick Said,STK,MID/FWD,113500,21.9219759213652,23,0,0,0,0,0,0,0,0,0,0,0
Patrick Snell,SYD,DEF/FWD,119900,23.158104960103,24,0,0,0,0,0,0,0,0,0,0,0
Patrick Voss,FRE,FWD,249200,48.131774445852,23,0,46.1428571428572,55,55,63,41,0,55,53.5,57.6666666666667,53.5
Paul Curtis,NTH,FWD,402800,77.7988713755586,42,46.4761904761905,59.0434782608696,73,125,66,114,0,73,89.8,88,94.5
Peter Ladhams,SYD,RUC/FWD,261000,50.4108873610248,42,69.6666666666667,38,38,40,75,0,0,38,51,51,51
Peter Wright,ESS,FWD,378300,73.0668148991406,76,64.4,70.2142857142857,0,0,0,0,0,0,0,0,0
Phoenix Gothard,GWS,FWD,119900,23.158104960103,24,0,0,0,0,0,0,0,0,0,0,0
Quinton Narkle,FRE,FWD,144900,27.9867340176724,29,44.6666666666667,26.9,0,0,0,0,0,0,0,0,0
Reece Torrent,BRL,MID,119900,23.158104960103,24,0,0,0,0,0,0,0,0,0,0,0
Reef McInnes,COL,FWD/DEF,198500,38.3393147171013,66,21.4,37.2222222222222,0,53,55,0,0,0,36,54,54
Reilly O'Brien,ADE,RUC,428200,82.7047584980491,120,95.7826086956522,93.2857142857143,67,68,82,77,0,67,75.2,72.3333333333333,73.5
Reuben Ginbey,WCE,MID/DEF,368200,71.1160487598825,61,63.4705882352941,69.3913043478261,48,78,85,58,0,48,70.2,70.3333333333333,67.25
Rhett Bazzo,WCE,DEF,121200,23.4091936710966,24,32,25,0,0,0,0,0,0,0,0,0
Rhyan Mansell,RIC,FWD,321500,62.0961696803428,72,40.4705882352941,59.7619047619048,34,87,69,0,0,34,63.3333333333333,63.3333333333333,63.3333333333333
Rhylee West,WBD,FWD,331400,64.0083067871403,79,57.25,65.1428571428571,97,67,48,55,0,97,68.2,70.6666666666667,66.75
Rhys Stanley,GEE,RUC,379000,73.2020165127525,45,71.0769230769231,70.3333333333333,74,112,0,0,0,74,93,93,93
Rhys Unwin,ESS,MID,113500,21.9219759213652,23,0,0,0,0,0,0,0,0,0,0,0
Riak Andrew,SYD,DEF,113500,21.9219759213652,23,0,0,0,0,0,0,0,0,0,0,0
Ricky Mentha,MEL,DEF/FWD,99100,19.1406855842052,20,0,0,0,0,0,0,0,0,0,0,0
Riley Bice,SYD,DEF,286100,55.2588309348245,-98,0,0,89,124,96,52,0,89,90.25,103,90.25
Riley Garcia,WBD,FWD,368400,71.1546777923431,74,28,68.3636363636364,0,0,0,0,0,0,0,0,0
Riley Hardeman,NTH,DEF,167200,32.2938711370243,43,0,44.3333333333333,16,26,0,0,0,16,21,21,21
Riley Thilthorpe,ADE,FWD,453200,87.5333875556186,41,59.4285714285714,76.4285714285714,65,114,110,97,0,65,97,96.3333333333333,96.5
River Stevens,NTH,MID/FWD,113500,21.9219759213652,23,0,0,0,0,0,0,0,0,0,0,0
Rob Monahan,CAR,FWD,119900,23.158104960103,24,0,0,0,0,0,0,0,0,0,0,0
Robbie Fox,SYD,DEF/FWD,266400,51.4538712374598,53,67.1578947368421,49.4375,0,0,0,0,0,0,0,0,0
Robert Hansen Jr,NTH,FWD/MID,176700,34.1287501789007,71,15,34.1666666666667,16,19,55,71,0,16,40.25,30,40.25
Rory Atkins,PTA,DEF,233700,45.138024430159,47,72.2941176470588,38,0,0,0,0,0,0,0,0,0
Rory Laird,ADE,MID/DEF,511500,98.7937505178705,133,116.863636363636,104.130434782609,99,58,124,89,0,99,94.2,93.6666666666667,92.5
Rory Lobb,WBD,DEF,377000,72.8157261881469,69,67.05,69.9333333333333,90,72,79,69,0,90,73,80.3333333333333,77.5
Rowan Marshall,STK,RUC,516600,99.7787908456146,160,114.347826086957,112,52,61,117,121,0,52,86.6,76.6666666666667,87.75
Ryan Angwin,GWS,MID,242500,46.8377018584234,48,39.8666666666667,56.25,0,0,0,0,0,0,0,0,0
Ryan Burton,PTA,DEF,387500,74.8437503923261,125,76.3,71.9230769230769,78,29,0,0,0,78,53.5,53.5,53.5
Ryan Byrnes,STK,MID/DEF,337200,65.1285487284964,60,62.15,60.4,91,75,59,64,0,91,69.6,75,72.25
Ryan Gardner,WBD,DEF,145800,28.1605646637449,29,54.1,0,0,0,0,0,0,0,0,0,0
Ryan Lester,BRL,DEF,355400,68.643790682407,115,72.5625,71.3913043478261,50,37,78,98,0,50,67.2,55,65.75
Ryan Maric,WCE,MID/FWD,366000,70.6911294028164,-19,54.8,41.5263157894737,84,88,123,72,0,84,80,98.3333333333333,91.75
Ryley Sanders,WBD,MID/FWD,369600,71.3864519871064,48,0,62.9285714285714,84,76,88,62,0,84,74.8,82.6666666666667,77.5
Saad El-Hawli,ESS,DEF/MID,119900,23.158104960103,34,0,0,67,16,0,0,0,67,41.5,41.5,41.5
Sam Banks,RIC,MID,266100,51.395927688769,58,54,46.8666666666667,66,60,39,75,0,66,60,55,60
Sam Berry,ADE,MID,342800,66.210161637392,68,50.75,63.6111111111111,0,0,0,0,0,0,0,0,0
Sam Butler,HAW,FWD,126600,24.4521775475316,25,0,0,0,0,0,0,0,0,0,0,0
Sam Clohesy,GCS,MID,320100,61.8257664531189,99,0,69.7,55,16,88,39,0,55,49.5,53,49.5
Sam Collins,GCS,DEF,389200,75.1720971682408,99,73,79.0434782608696,50,64,83,73,0,50,67.5,65.6666666666667,67.5
Sam Darcy,WBD,FWD,526900,101.768186017333,36,19.3333333333333,79.25,87,141,125,117,0,87,109.2,117.666666666667,117.5
Sam Davidson,WBD,FWD/MID,293200,56.6301615871742,-32,0,0,61,54,129,72,0,61,71,81.3333333333333,79
Sam Day,BRL,FWD,271300,52.4002825327434,75,0,0,38,62,35,50,0,38,46.25,45,46.25
Sam De Koning,GEE,DEF/RUC,358400,69.2232261693153,78,61.4736842105263,67.1578947368421,57,92,50,74,0,57,76.4,66.3333333333333,68.25
Sam Docherty,CAR,MID,414100,79.98141170958,108,0,0,67,82,69,73,0,67,71.6,72.6666666666667,72.75
Sam Draper,ESS,RUC/FWD,411700,79.5178633200533,105,75.5714285714286,75.9375,110,68,72,103,0,110,88.25,83.3333333333333,88.25
Sam Durham,ESS,MID,480900,92.8835085514055,101,65.2272727272727,89.5,105,109,77,92,0,105,95.75,97,95.75
Sam Flanders,GCS,DEF/MID,581900,112.391169943986,229,88.4285714285714,119.045454545455,93,84,71,0,0,93,82.6666666666667,82.6666666666667,82.6666666666667
Sam Frost,HAW,DEF,262600,50.7199196207093,123,56.7222222222222,48.7391304347826,19,15,0,0,0,19,17,17,17
Sam Lalor,RIC,MID/FWD,248300,47.9579437997796,-8,0,0,112,45,39,74,0,112,67.5,65.3333333333333,67.5
Sam Marshall,BRL,MID,113500,21.9219759213652,23,0,0,0,0,0,0,0,0,0,0,0
Sam Powell-Pepper,PTA,FWD,272700,52.6706857599673,20,67,52.6666666666667,101,74,48,83,0,101,64.8,74.3333333333333,76.5
Sam Sturt,FRE,FWD,285600,55.1622583536731,57,44.7142857142857,53,0,0,0,0,0,0,0,0,0
Sam Switkowski,FRE,FWD,416500,80.4449600991067,139,67.6818181818182,77.3,31,34,0,0,0,31,32.5,32.5,32.5
Sam Taylor,GWS,DEF,393900,76.0798794310639,84,83.7333333333333,71.3125,69,66,90,63,0,69,85.4,75,72
Sam Walsh,CAR,MID,540600,104.414274740881,126,103.2,108.368421052632,141,108,86,100,0,141,103.2,111.666666666667,108.75
Sam Wicks,SYD,FWD/DEF,243900,47.1081050856473,38,58.7,44.8125,45,64,42,26,0,45,51.8,50.3333333333333,44.25
Samson Ryan,RIC,RUC/FWD,237100,45.7947179819884,47,54.2142857142857,44,0,0,0,0,0,0,0,0,0
Sandy Brock,WCE,DEF,99100,19.1406855842052,-39,0,0,39,80,0,0,0,39,59.5,59.5,59.5
Scott Pendlebury,COL,MID,427900,82.6468149493583,50,93.9545454545455,86.45,103,106,86,19,0,103,75,98.3333333333333,78.5
Seamus Mitchell,HAW,DEF,202100,39.0346373013912,40,62.2857142857143,37.5,0,0,0,0,0,0,0,0,0
Sean Darcy,FRE,RUC,529400,102.25104892309,106,105.466666666667,98.25,76,0,0,0,0,76,76,76,76
Sean Lemmens,GCS,DEF,207500,40.0776211778262,41,48.2727272727273,55,0,0,0,0,0,0,0,0,0
Seth Campbell,RIC,FWD,309900,59.8556857976306,54,0,50.2380952380953,26,67,72,89,0,26,64.4,55,63.5
Shadeau Brain,BRL,DEF,250300,48.3442341243851,50,0,46.4444444444445,0,0,0,0,0,0,0,0,0
Shai Bolton,FRE,MID/FWD,421900,81.4879439755416,65,96.7391304347826,77.2272727272727,89,87,94,57,0,89,81.75,90,81.75
Shane McAdam,MEL,FWD,158400,30.5941937087599,32,67.1428571428571,42,0,0,0,0,0,0,0,0,0
Shannon Neale,GEE,FWD,275600,53.2308067306454,84,45,58.2307692307692,45,47,44,59,0,45,53,45.3333333333333,48.75
Shaun Mannagh,GEE,FWD,405200,78.2624197650853,85,0,75.2,43,83,0,0,0,43,63,63,63
Sid Draper,ADE,MID/FWD,204000,39.4016131097665,9,0,0,41,56,49,20,0,41,38.6,48.6666666666667,41.5
Steele Sidebottom,COL,MID,495700,95.7420569534866,49,85.2941176470588,75.3181818181818,113,124,107,109,0,113,104.2,114.666666666667,113.25
Steely Green,RIC,FWD,221500,42.7816534500651,7,0,37.6666666666667,47,66,49,41,0,47,44.6,54,50.75
Stephen Coniglio,GWS,MID/FWD,398300,76.9297181451961,104,101.695652173913,79.3846153846154,53,82,52,0,0,53,62.3333333333333,62.3333333333333,62.3333333333333
Steven May,MEL,DEF,464900,89.7931859545611,99,83.9047619047619,90.4736842105263,47,123,70,0,0,47,80,80,80
Taj Hotton,RIC,MID/FWD,154000,29.7443549946277,31,0,0,0,0,0,0,0,0,0,0,0
Taj Woewodin,MEL,DEF,152600,29.4739517674038,20,39.25,28.3125,43,0,0,0,0,43,43,43,43
Tanner Bruhn,GEE,MID,393700,76.0412503986033,79,68.7894736842105,73.0666666666667,0,0,0,0,0,0,0,0,0
Taylor Adams,SYD,MID/FWD,370100,71.4830245682578,117,78.2272727272727,68.6842105263158,36,0,0,0,0,36,36,36,36
Taylor Duryea,WBD,DEF,324300,62.6369761347906,111,51.25,60.1904761904762,46,37,0,0,0,46,41.5,41.5,41.5
Taylor Goad,NTH,RUC,119900,23.158104960103,24,0,0,0,0,0,0,0,0,0,0,0
Taylor Walker,ADE,FWD,408300,78.8611697682239,56,89.5454545454546,64.4444444444445,73,93,91,105,0,73,85.2,85.6666666666667,90.5
Ted Clohesy,GEE,MID/FWD,182400,35.2296776040265,-2,22,22.5,22,47,58,84,0,22,52.75,42.3333333333333,52.75
Tew Jiath,COL,DEF,119900,23.158104960103,24,0,0,0,0,0,0,0,0,0,0,0
Thomas Berry,GCS,FWD,275800,53.2694357631059,55,32.5,51.1764705882353,0,0,0,0,0,0,0,0,0
Thomas Edwards,ESS,FWD,99100,19.1406855842052,1,0,0,10,48,0,0,0,10,29,29,29
Thomas Sims,RIC,RUC/FWD,113500,21.9219759213652,23,0,0,0,0,0,0,0,0,0,0,0
Thomson Dow,RIC,MID,347200,67.0600003515242,68,57,59.6470588235294,67,63,77,70,0,67,75.4,69,69.25
Tim English,WBD,RUC,523200,101.053548916813,130,127.95652173913,108,112,107,81,113,0,112,94.2,100,103.25
Tim Kelly,WCE,MID,462700,89.3682665974949,151,102.727272727273,95.45,57,69,114,56,0,57,74,80,74
Tim Membrey,COL,FWD,334400,64.5877422740486,112,55.4285714285714,63.421052631579,70,57,42,121,0,70,66.4,56.3333333333333,72.5
Tim Taranto,RIC,MID,473100,91.3769762854438,89,106.652173913043,94.5333333333333,101,97,94,70,0,101,86.2,97.3333333333333,90.5
Tobie Travaglia,STK,DEF/MID,195400,37.7405647139626,-32,0,0,21,52,83,0,0,21,52,52,52
Toby Bedford,GWS,MID/FWD,361800,69.8799197211447,38,59.9375,61.2727272727273,47,79,97,62,0,47,70.4,74.3333333333333,71.25
Toby Conway,GEE,RUC,343100,66.2681051860828,69,46,79.6,0,0,0,0,0,0,0,0,0
Toby Greene,GWS,FWD,501900,96.9395569597638,61,91,79.1363636363636,127,149,73,124,0,127,109.6,116.333333333333,118.25
Toby McMullin,GWS,FWD,235800,45.5436292709948,47,17.6666666666667,43.7692307692308,12,0,0,0,0,12,12,12,12
Toby Murray,ADE,FWD,119900,23.158104960103,24,0,0,0,0,0,0,0,0,0,0,0
Toby Nankervis,RIC,RUC,548000,105.843548941922,116,104.333333333333,110.238095238095,125,87,123,67,0,125,103.2,111.666666666667,100.5
Toby Pink,NTH,FWD,209400,40.4445969862015,-5,0,38.8666666666667,66,64,0,0,0,66,65,65,65
Todd Goldstein,ESS,RUC,377200,72.8543552206075,75,95.45,70,0,0,0,0,0,0,0,0,0
Todd Marshall,PTA,FWD,294600,56.9005648143981,59,66.0526315789474,54.6666666666667,0,0,0,0,0,0,0,0,0
Tom Anastasopoulos,PTA,FWD,119900,23.158104960103,24,0,0,0,0,0,0,0,0,0,0,0
Tom Atkins,GEE,MID,455600,87.9969359451452,84,87.0434782608696,80.1,91,82,105,96,0,91,91.8,92.6666666666667,93.5
Tom Barrass,HAW,DEF,357200,68.991451974552,129,80.0714285714286,83.8888888888889,75,47,52,69,0,75,58.8,58,60.75
Tom Brown,RIC,DEF,356100,68.7789922960189,55,69,56.0555555555556,106,68,77,69,0,106,80.8,83.6666666666667,80
Tom Campbell,MEL,RUC,147100,28.4116533747385,29,0,0,0,0,0,0,0,0,0,0,0
Tom Cochrane,PTA,MID,99100,19.1406855842052,32,0,0,56,9,0,0,0,56,32.5,32.5,32.5
Tom Cole,WCE,DEF,307800,59.4500809567948,109,64.9166666666667,67.1304347826087,23,52,39,97,0,23,52.75,38,52.75
Tom De Koning,CAR,RUC,576000,111.2516134864,108,73.6875,101.529411764706,118,101,133,104,0,118,120.8,117.333333333333,114
Tom Doedee,BRL,DEF,256800,49.5996776793531,51,68.0909090909091,0,0,0,0,0,0,0,0,0,0
Tom Fullarton,MEL,FWD,119900,23.158104960103,24,0,0,0,0,0,0,0,0,0,0,0
Tom Green,GWS,MID,564600,109.049758636148,124,111.210526315789,106.565217391304,113,128,89,115,0,113,111.25,110,111.25
Tom Gross,WCE,MID,113500,21.9219759213652,-4,0,0,82,51,0,0,0,82,66.5,66.5,66.5
Tom Hanily,SYD,MID/FWD,194600,37.5860485841204,4,0,0,70,57,38,47,0,70,47.8,55,53
Tom Liberatore,WBD,MID,589800,113.917016726178,124,116.047619047619,104.235294117647,101,102,133,142,0,101,119.6,112,119.5
Tom Lynch,RIC,FWD,194600,37.5860485841204,39,0,0,34,37,42,61,0,34,43.5,37.6666666666667,43.5
Tom McCartin,SYD,DEF/FWD,352700,68.1222987441895,67,71.3571428571429,63.421052631579,67,56,88,71,0,67,66.8,70.3333333333333,70.5
Tom McDonald,MEL,DEF,427000,82.4729843032858,67,60.1666666666667,79.5,65,90,99,60,0,65,83.4,84.6666666666667,78.5
Tom Mitchell,COL,MID,395200,76.3309681420575,79,94.6521739130435,81.5,0,0,0,0,0,0,0,0,0
Tom Papley,SYD,FWD,393500,76.0026213661428,132,72.5454545454546,80,69,35,54,0,0,69,52.6666666666667,52.6666666666667,52.6666666666667
Tom Powell,NTH,MID,414200,80.0007262258103,125,55.8571428571429,80.1739130434783,84,86,48,124,0,84,85.4,72.6666666666667,85.5
Tom Sparrow,MEL,MID/FWD,289800,55.9734680353448,109,67.1428571428571,64.6190476190476,27,26,60,68,0,27,53,37.6666666666667,45.25
Tom Stewart,GEE,DEF,483500,93.3856859733927,163,113.681818181818,96.6818181818182,118,9,100,0,0,118,75.6666666666667,75.6666666666667,75.6666666666667
Touk Miller,GCS,MID,567700,109.648508639287,105,97.6153846153846,102.555555555556,106,108,127,128,0,106,117.25,113.666666666667,117.25
Travis Boak,PTA,MID/FWD,418000,80.7346778425608,105,65.6315789473684,78.6,76,75,78,114,0,76,85.75,76.3333333333333,85.75
Trent Rivers,MEL,DEF/MID,394100,76.1185084635244,105,84.8260869565217,85.9130434782609,77,37,101,49,0,77,67.4,71.6666666666667,66
Tristan Xerri,NTH,RUC,562300,108.605524762852,179,72.8888888888889,119.869565217391,83,94,89,136,0,83,104.8,88.6666666666667,100.5
Ty Gallop,BRL,FWD,113500,21.9219759213652,23,0,0,0,0,0,0,0,0,0,0,0
Tylar Young,RIC,DEF,235900,45.5629437872251,47,51.8947368421053,43.7777777777778,0,0,0,0,0,0,0,0,0
Tyler Brockman,WCE,FWD,221400,42.7623389338348,55,54.6,42.1,35,43,46,45,0,35,42.25,41.3333333333333,42.25
Tyler Sonsie,RIC,FWD/MID,191200,36.929355032291,59,30,39.5714285714286,47,21,38,30,0,47,34,35.3333333333333,34
Tyler Welsh,ADE,FWD,113500,21.9219759213652,23,0,0,0,0,0,0,0,0,0,0,0
Tyrell Dewar,WCE,FWD/MID,219800,42.4533066741504,36,0,34.2857142857143,34,50,46,84,0,34,48.2,43.3333333333333,53.5
Tyson Stengle,GEE,FWD,310600,59.9908874112426,130,57.5789473684211,72.7826086956522,36,34,47,81,0,36,55.4,39,49.5
Vigo Visentini,ESS,RUC,119900,23.158104960103,24,0,0,0,0,0,0,0,0,0,0,0
Wade Derksen,GWS,FWD,119900,23.158104960103,24,0,0,0,0,0,0,0,0,0,0,0
Wayne Milera,ADE,DEF,307200,59.3341938594131,59,77.5,67.3333333333333,109,73,39,86,0,109,73,73.6666666666667,76.75
Wil Dawson,NTH,DEF,143300,27.677701757988,29,0,38,0,0,0,0,0,0,0,0,0
Wil Parker,COL,DEF,181000,34.9592743768027,36,0,42,0,0,0,0,0,0,0,0,0
Wil Powell,GCS,DEF,420400,81.1982262320875,111,91.8888888888889,88.5555555555556,58,98,57,54,0,58,66.75,71,66.75
Will Ashcroft,BRL,MID,538200,103.950726351355,36,84.5,81.8888888888889,112,130,136,104,0,112,111,126,120.5
Will Brodie,FRE,MID,191800,37.0452421296726,38,71.2,0,0,0,0,0,0,0,0,0,0
Will Day,HAW,MID,483900,93.4629440383138,111,97.4285714285714,91.1875,103,76,77,148,0,103,101,85.3333333333333,101
Will Graham,GCS,MID/FWD,343500,66.3453632510039,58,0,63.4117647058824,42,70,82,72,0,42,66.5,64.6666666666667,66.5
Will Hayward,SYD,FWD,342900,66.2294761536223,50,66.8636363636364,67.3478260869565,58,114,39,55,0,58,63.4,70.3333333333333,66.5
Will Hoskin-Elliott,COL,FWD,353500,68.2768148740317,92,56.85,65.6,70,54,0,0,0,70,62,62,62
Will Lorenz,PTA,MID,119900,23.158104960103,24,0,0,0,0,0,0,0,0,0,0,0
Will McLachlan,BRL,FWD,121400,23.4478227035571,2,0,0,5,8,62,0,0,5,25,25,25
Will Phillips,NTH,MID/FWD,315400,60.9179841902959,84,73,62.4545454545455,48,57,47,0,0,48,50.6666666666667,50.6666666666667,50.6666666666667
Will Setterfield,ESS,MID,462300,89.2910085325738,92,85,107.25,110,0,0,0,0,110,110,110,110
Will Verrall,MEL,RUC,119900,23.158104960103,24,0,0,0,0,0,0,0,0,0,0,0
Will White,CAR,FWD,99100,19.1406855842052,12,0,0,53,29,0,0,0,53,41,41,41
Willem Drew,PTA,MID,431700,83.3807665661089,157,85.3478260869565,90.5217391304348,109,50,64,123,0,109,83,74.3333333333333,86.5
William Edwards,SYD,DEF,119900,23.158104960103,24,0,0,0,0,0,0,0,0,0,0,0
William Green,SYD,RUC,119900,23.158104960103,24,0,0,0,0,0,0,0,0,0,0,0
William Hayes,COL,MID/FWD,113500,21.9219759213652,23,0,0,0,0,0,0,0,0,0,0,0
William McCabe,HAW,DEF,119900,23.158104960103,24,0,0,0,0,0,0,0,0,0,0,0
Willie Rioli,PTA,FWD,302100,58.349153531669,137,65.8235294117647,60.6470588235294,79,23,36,119,0,79,64.4,46,64.25
Xavier Duursma,ESS,MID,422700,81.6424601053839,90,66.7857142857143,78.3333333333333,56,118,54,113,0,56,85.25,76,85.25
Xavier Ivisic,GEE,MID,99100,19.1406855842052,20,0,0,0,0,0,0,0,0,0,0,0
Xavier Lindsay,MEL,MID,202000,39.015322785161,29,0,0,48,9,78,86,0,48,55.25,45,55.25
Xavier O'Halloran,GWS,MID/FWD,231200,44.6551615244021,90,60.0833333333333,52.2352941176471,23,26,38,59,0,23,36.5,29,36.5
Xavier Walsh,PTA,FWD,119900,23.158104960103,24,0,0,0,0,0,0,0,0,0,0,0
Zac Bailey,BRL,MID/FWD,433100,83.6511697933327,60,77.7142857142857,70.5,117,70,114,64,0,117,94.2,100.333333333333,91.25
Zac Fisher,NTH,DEF,458000,88.4604843346719,91,67.75,85,95,0,0,0,0,95,95,95,95
Zac Taylor,ADE,MID/FWD,235300,45.4470566898434,47,0,43.6666666666667,50,0,0,0,0,50,50,50,50
Zac Williams,CAR,DEF/FWD,297200,57.4027422363853,87,0,68,49,75,26,59,0,49,52,50,52.25
Zach Guthrie,GEE,DEF,450400,86.9925811011708,85,73.6086956521739,83.7391304347826,95,114,68,85,0,95,92.8,92.3333333333333,90.5
Zach Merrett,ESS,MID,613600,118.513871588984,114,116.318181818182,115.260869565217,124,106,145,89,0,124,116,125,116
Zach Reid,ESS,DEF,220700,42.6271373202229,-26,0,15,104,88,36,45,0,104,68.25,76,68.25
Zaine Cordy,STK,DEF,251200,48.5180647704576,73,46.3076923076923,46.625,31,0,0,0,0,31,31,31,31
Zak Butters,PTA,MID,648900,125.331895818272,162,113.826086956522,120.434782608696,135,107,0,0,0,135,121,121,121
Zak Evans,GCS,MID,99100,19.1406855842052,20,0,0,0,0,0,0,0,0,0,0,0
Zak Johnson,ESS,MID,113500,21.9219759213652,23,0,0,0,0,0,0,0,0,0,0,0
Zak Jones,STK,MID,346900,67.0020568028334,81,55.75,60.9230769230769,31,48,92,111,0,31,64.8,57,70.5
Zane Duursma,NTH,FWD,194400,37.5474195516599,39,0,36.0769230769231,44,0,0,0,0,44,44,44,44
Zane Zakostelsky,BRL,DEF/RUC,119900,23.158104960103,24,0,0,0,0,0,0,0,0,0,0,0
